-- MySQL dump 10.13  Distrib 5.5.32, for debian-linux-gnu (x86_64)
--
-- Host: localhost    Database: magang_gtproject
-- ------------------------------------------------------
-- Server version	5.5.32-0ubuntu0.12.04.1

/*!40101 SET @OLD_CHARACTER_SET_CLIENT=@@CHARACTER_SET_CLIENT */;
/*!40101 SET @OLD_CHARACTER_SET_RESULTS=@@CHARACTER_SET_RESULTS */;
/*!40101 SET @OLD_COLLATION_CONNECTION=@@COLLATION_CONNECTION */;
/*!40101 SET NAMES utf8 */;
/*!40103 SET @OLD_TIME_ZONE=@@TIME_ZONE */;
/*!40103 SET TIME_ZONE='+00:00' */;
/*!40014 SET @OLD_UNIQUE_CHECKS=@@UNIQUE_CHECKS, UNIQUE_CHECKS=0 */;
/*!40014 SET @OLD_FOREIGN_KEY_CHECKS=@@FOREIGN_KEY_CHECKS, FOREIGN_KEY_CHECKS=0 */;
/*!40101 SET @OLD_SQL_MODE=@@SQL_MODE, SQL_MODE='NO_AUTO_VALUE_ON_ZERO' */;
/*!40111 SET @OLD_SQL_NOTES=@@SQL_NOTES, SQL_NOTES=0 */;

--
-- Table structure for table `gtfw_aksi`
--

DROP TABLE IF EXISTS `gtfw_aksi`;
/*!40101 SET @saved_cs_client     = @@character_set_client */;
/*!40101 SET character_set_client = utf8 */;
CREATE TABLE `gtfw_aksi` (
  `aksiId` smallint(6) NOT NULL AUTO_INCREMENT,
  `aksiKode` varchar(20) DEFAULT NULL,
  `aksiLabel` varchar(50) DEFAULT NULL,
  PRIMARY KEY (`aksiId`)
) ENGINE=InnoDB AUTO_INCREMENT=8 DEFAULT CHARSET=latin1;
/*!40101 SET character_set_client = @saved_cs_client */;

--
-- Dumping data for table `gtfw_aksi`
--

LOCK TABLES `gtfw_aksi` WRITE;
/*!40000 ALTER TABLE `gtfw_aksi` DISABLE KEYS */;
INSERT INTO `gtfw_aksi` VALUES (1,'VIEW','View'),(2,'ADD','Tambah'),(3,'EDIT','Ubah'),(4,'PRINT','Cetak'),(5,'DETIL','Detil'),(6,'DELETE','Delete'),(7,'DOWNLOAD','Unduh');
/*!40000 ALTER TABLE `gtfw_aksi` ENABLE KEYS */;
UNLOCK TABLES;

--
-- Table structure for table `gtfw_application`
--

DROP TABLE IF EXISTS `gtfw_application`;
/*!40101 SET @saved_cs_client     = @@character_set_client */;
/*!40101 SET character_set_client = utf8 */;
CREATE TABLE `gtfw_application` (
  `ApplicationId` bigint(20) NOT NULL,
  `ApplicationName` varchar(255) NOT NULL DEFAULT '',
  `ApplicationAddress` varchar(20) NOT NULL DEFAULT '127.0.0.1',
  `Description` text NOT NULL,
  `ApplicationOwner` enum('gt','nonGt') NOT NULL DEFAULT 'gt',
  `ApplicationStatusAktif` enum('Y','T') NOT NULL DEFAULT 'Y',
  PRIMARY KEY (`ApplicationId`),
  UNIQUE KEY `uk_ApplicationName` (`ApplicationName`),
  UNIQUE KEY `token` (`ApplicationId`,`ApplicationAddress`)
) ENGINE=InnoDB DEFAULT CHARSET=latin1;
/*!40101 SET character_set_client = @saved_cs_client */;

--
-- Dumping data for table `gtfw_application`
--

LOCK TABLES `gtfw_application` WRITE;
/*!40000 ALTER TABLE `gtfw_application` DISABLE KEYS */;
INSERT INTO `gtfw_application` VALUES (100,'gtAdmisi','127.0.0.1','','gt','Y'),(200,'gtAkademik','127.0.0.1','','gt','Y'),(201,'gtPortalAkademik','127.0.0.1','','gt','Y'),(300,'gtSdm','127.0.0.1','','gt','Y'),(301,'gtPortalSDM','127.0.0.1','','gt','Y'),(400,'gtAlumniKarir','127.0.0.1','','gt','Y'),(401,'gtPortalAlumni','127.0.0.1','','gt','Y'),(402,'gtPortalKarir','127.0.0.1','','gt','Y'),(500,'gtFinansi','127.0.0.1','','gt','Y'),(600,'gtAset','127.0.0.1','','gt','Y'),(1200,'mAcademica','192.168.42.54','','gt','Y');
/*!40000 ALTER TABLE `gtfw_application` ENABLE KEYS */;
UNLOCK TABLES;

--
-- Table structure for table `gtfw_config`
--

DROP TABLE IF EXISTS `gtfw_config`;
/*!40101 SET @saved_cs_client     = @@character_set_client */;
/*!40101 SET character_set_client = utf8 */;
CREATE TABLE `gtfw_config` (
  `configKode` varchar(20) NOT NULL,
  `configName` varchar(50) NOT NULL,
  `configValue` varchar(255) DEFAULT NULL,
  `codeUserId` bigint(20) NOT NULL,
  PRIMARY KEY (`configKode`)
) ENGINE=MEMORY DEFAULT CHARSET=latin1;
/*!40101 SET character_set_client = @saved_cs_client */;

--
-- Dumping data for table `gtfw_config`
--

LOCK TABLES `gtfw_config` WRITE;
/*!40000 ALTER TABLE `gtfw_config` DISABLE KEYS */;
/*!40000 ALTER TABLE `gtfw_config` ENABLE KEYS */;
UNLOCK TABLES;

--
-- Table structure for table `gtfw_group`
--

DROP TABLE IF EXISTS `gtfw_group`;
/*!40101 SET @saved_cs_client     = @@character_set_client */;
/*!40101 SET character_set_client = utf8 */;
CREATE TABLE `gtfw_group` (
  `GroupId` bigint(20) NOT NULL AUTO_INCREMENT,
  `GroupName` varchar(255) NOT NULL DEFAULT '',
  `Description` text NOT NULL,
  `UnitappId` bigint(20) DEFAULT NULL,
  PRIMARY KEY (`GroupId`),
  UNIQUE KEY `uk_gtfw_group` (`GroupName`,`UnitappId`),
  KEY `FK_gtfw_group_app` (`UnitappId`),
  CONSTRAINT `gtfw_group_ibfk_1` FOREIGN KEY (`UnitappId`) REFERENCES `gtfw_unit_application` (`unitappId`) ON DELETE CASCADE ON UPDATE CASCADE
) ENGINE=InnoDB AUTO_INCREMENT=75 DEFAULT CHARSET=latin1;
/*!40101 SET character_set_client = @saved_cs_client */;

--
-- Dumping data for table `gtfw_group`
--

LOCK TABLES `gtfw_group` WRITE;
/*!40000 ALTER TABLE `gtfw_group` DISABLE KEYS */;
INSERT INTO `gtfw_group` VALUES (1,'nobody','nobody',1),(63,'Administrator Aplikasi','Group Administrator',5),(64,'Entry Hotel','Utk input data hotel',5),(65,'acs public','acs public: as dan dev',5),(66,'input data kontak','input data kontak',5),(67,'acs as ams','hak akses: fitur = as app = ams',5),(68,'acs as rms1','hak akses fitur = as, app = rms1',5),(69,'acs as rms2','hak akses fitur = as, app = rms2',5),(70,'Input Data User','Untuk menginputkan data user/',5),(71,'Entry Kontak','Input Kontak Person',5),(73,'acs as sysadmin','hak akses fitur = as, app = sysadmin',5),(74,'Input Client','Group untuk menginputkan data Clients.',5);
/*!40000 ALTER TABLE `gtfw_group` ENABLE KEYS */;
UNLOCK TABLES;

--
-- Table structure for table `gtfw_group_menu`
--

DROP TABLE IF EXISTS `gtfw_group_menu`;
/*!40101 SET @saved_cs_client     = @@character_set_client */;
/*!40101 SET character_set_client = utf8 */;
CREATE TABLE `gtfw_group_menu` (
  `MenuId` bigint(20) unsigned NOT NULL AUTO_INCREMENT,
  `MenuName` varchar(100) NOT NULL DEFAULT '',
  `GroupId` bigint(20) NOT NULL DEFAULT '0',
  `ParentMenuId` bigint(20) unsigned DEFAULT NULL,
  `MenuOrder` tinyint(4) DEFAULT '0',
  `MenuMenuId` int(6) DEFAULT NULL,
  PRIMARY KEY (`MenuId`),
  UNIQUE KEY `uk_gtfw_group_menu` (`MenuName`,`GroupId`,`ParentMenuId`),
  KEY `fk_gtfw_group_menu_GroupId` (`GroupId`),
  KEY `FK_gtfw_group_menu_menu` (`MenuMenuId`),
  CONSTRAINT `fk_gtfw_group_menu_GroupId` FOREIGN KEY (`GroupId`) REFERENCES `gtfw_group` (`GroupId`) ON DELETE CASCADE ON UPDATE CASCADE,
  CONSTRAINT `gtfw_group_menu_ibfk_1` FOREIGN KEY (`MenuMenuId`) REFERENCES `gtfw_menu` (`MenuId`) ON DELETE CASCADE ON UPDATE CASCADE,
  CONSTRAINT `gtfw_group_menu_ibfk_2` FOREIGN KEY (`MenuMenuId`) REFERENCES `gtfw_menu` (`MenuId`) ON DELETE CASCADE ON UPDATE CASCADE
) ENGINE=InnoDB AUTO_INCREMENT=15593 DEFAULT CHARSET=latin1;
/*!40101 SET character_set_client = @saved_cs_client */;

--
-- Dumping data for table `gtfw_group_menu`
--

LOCK TABLES `gtfw_group_menu` WRITE;
/*!40000 ALTER TABLE `gtfw_group_menu` DISABLE KEYS */;
INSERT INTO `gtfw_group_menu` VALUES (14409,'Referensi',65,0,0,246),(14410,'Kelompok Posisi Kontak',65,14409,0,257),(14411,'Contact Field Tambahan',65,14409,0,258),(14412,'Kontak',65,0,0,259),(14413,'Daftar Kontak',65,14412,0,260),(14435,'Client',66,0,0,248),(14436,'Daftar Client',66,14435,0,251),(14437,'Referensi',66,0,0,246),(14438,'Kelompok Posisi Kontak',66,14437,0,257),(14439,'Contact Field Tambahan',66,14437,0,258),(14440,'Kontak',66,0,0,259),(14441,'Daftar Kontak',66,14440,0,260),(15303,'Manajemen GTFW',63,0,0,211),(15304,'Group',63,15303,0,212),(15305,'User',63,15303,0,213),(15306,'Modul',63,15303,0,214),(15307,'Menu',63,15303,0,216),(15308,'Group App',63,15303,0,277),(15309,'Referensi',63,0,0,246),(15310,'Model Bisnis',63,15309,0,250),(15311,'Kelompok Posisi Kontak',63,15309,0,257),(15312,'Contact Field Tambahan',63,15309,0,258),(15313,'Client',63,0,0,248),(15314,'Daftar Client',63,15313,0,251),(15315,'Gforge',63,0,0,245),(15316,'Daftar Gforge',63,15315,0,252),(15317,'Personal',63,0,0,247),(15318,'Daftar Personal',63,15317,0,253),(15319,'Project',63,0,0,249),(15320,'Daftar Project',63,15319,0,254),(15321,'Daftar Rekap Project',63,15319,0,255),(15322,'Daftar Project Aktif',63,15319,0,256),(15323,'Kontak',63,0,0,259),(15324,'Daftar Kontak',63,15323,0,260),(15325,'Hotel',63,0,0,261),(15326,'Daftar Hotel',63,15325,0,262),(15327,'Aplikasi',63,0,0,263),(15328,'Ref. Login Role',63,15327,0,267),(15329,'Daftar Login Aplikasi',63,15327,0,268),(15330,'Ref. Req. Aplikasi',63,15327,0,269),(15331,'Requirement Aplikasi',63,15327,0,270),(15332,'Ref. Jenis Dokumen',63,15327,0,271),(15333,'Daftar Dokumen',63,15327,0,272),(15334,'Daftar Produk',63,15327,0,273),(15335,'Daftar Varian',63,15327,0,274),(15336,'Daftar Aplikasi',63,15327,0,275),(15424,'Client',67,0,0,248),(15425,'Daftar Client',67,15424,0,251),(15426,'Gforge',67,0,0,245),(15427,'Daftar Gforge',67,15426,0,252),(15428,'Project',67,0,0,249),(15429,'Daftar Project Aktif',67,15428,0,256),(15430,'Hotel',67,0,0,261),(15431,'Daftar Hotel',67,15430,0,262),(15432,'Aplikasi',67,0,0,263),(15433,'Ref. Login Role',67,15432,0,267),(15434,'Daftar Login Aplikasi',67,15432,0,268),(15435,'Ref. Req. Aplikasi',67,15432,0,269),(15436,'Requirement Aplikasi',67,15432,0,270),(15437,'Ref. Jenis Dokumen',67,15432,0,271),(15438,'Daftar Dokumen',67,15432,0,272),(15439,'Daftar Produk',67,15432,0,273),(15440,'Daftar Varian',67,15432,0,274),(15441,'Daftar Aplikasi',67,15432,0,275),(15474,'Referensi',69,0,0,246),(15475,'Model Bisnis',69,15474,0,250),(15476,'Contact Field Tambahan',69,15474,0,258),(15477,'Client',69,0,0,248),(15478,'Daftar Client',69,15477,0,251),(15479,'Gforge',69,0,0,245),(15480,'Daftar Gforge',69,15479,0,252),(15481,'Project',69,0,0,249),(15482,'Daftar Project Aktif',69,15481,0,256),(15483,'Hotel',69,0,0,261),(15484,'Daftar Hotel',69,15483,0,262),(15485,'Aplikasi',69,0,0,263),(15486,'Ref. Login Role',69,15485,0,267),(15487,'Daftar Login Aplikasi',69,15485,0,268),(15488,'Ref. Req. Aplikasi',69,15485,0,269),(15489,'Requirement Aplikasi',69,15485,0,270),(15490,'Ref. Jenis Dokumen',69,15485,0,271),(15491,'Daftar Dokumen',69,15485,0,272),(15492,'Daftar Produk',69,15485,0,273),(15493,'Daftar Varian',69,15485,0,274),(15494,'Daftar Aplikasi',69,15485,0,275),(15495,'Referensi',68,0,0,246),(15496,'Model Bisnis',68,15495,0,250),(15497,'Contact Field Tambahan',68,15495,0,258),(15498,'Client',68,0,0,248),(15499,'Daftar Client',68,15498,0,251),(15500,'Gforge',68,0,0,245),(15501,'Daftar Gforge',68,15500,0,252),(15502,'Project',68,0,0,249),(15503,'Daftar Project Aktif',68,15502,0,256),(15504,'Hotel',68,0,0,261),(15505,'Daftar Hotel',68,15504,0,262),(15506,'Aplikasi',68,0,0,263),(15507,'Ref. Login Role',68,15506,0,267),(15508,'Daftar Login Aplikasi',68,15506,0,268),(15509,'Ref. Req. Aplikasi',68,15506,0,269),(15510,'Requirement Aplikasi',68,15506,0,270),(15511,'Ref. Jenis Dokumen',68,15506,0,271),(15512,'Daftar Dokumen',68,15506,0,272),(15513,'Daftar Produk',68,15506,0,273),(15514,'Daftar Varian',68,15506,0,274),(15515,'Daftar Aplikasi',68,15506,0,275),(15532,'Client',73,0,0,248),(15533,'Daftar Client',73,15532,0,251),(15534,'Project',73,0,0,249),(15535,'Daftar Project Aktif',73,15534,0,256),(15536,'Hotel',73,0,0,261),(15537,'Daftar Hotel',73,15536,0,262),(15538,'Aplikasi',73,0,0,263),(15539,'Ref. Login Role',73,15538,0,267),(15540,'Daftar Login Aplikasi',73,15538,0,268),(15541,'Ref. Req. Aplikasi',73,15538,0,269),(15542,'Requirement Aplikasi',73,15538,0,270),(15543,'Ref. Jenis Dokumen',73,15538,0,271),(15544,'Daftar Dokumen',73,15538,0,272),(15545,'Daftar Produk',73,15538,0,273),(15546,'Daftar Varian',73,15538,0,274),(15547,'Daftar Aplikasi',73,15538,0,275),(15572,'Client',71,0,0,248),(15573,'Daftar Client',71,15572,0,251),(15574,'Referensi',71,0,0,246),(15575,'Kelompok Posisi Kontak',71,15574,0,257),(15576,'Contact Field Tambahan',71,15574,0,258),(15577,'Kontak',71,0,0,259),(15578,'Daftar Kontak',71,15577,0,260),(15579,'Manajemen GTFW',70,0,0,211),(15580,'Group',70,15579,0,212),(15581,'User',70,15579,0,213),(15582,'Modul',70,15579,0,214),(15583,'Menu',70,15579,0,216),(15584,'Group App',70,15579,0,277),(15585,'Client',74,0,0,248),(15586,'Daftar Client',74,15585,0,251),(15589,'Client',64,0,0,248),(15590,'Daftar Client',64,15589,0,251),(15591,'Hotel',64,0,0,261),(15592,'Daftar Hotel',64,15591,0,262);
/*!40000 ALTER TABLE `gtfw_group_menu` ENABLE KEYS */;
UNLOCK TABLES;

--
-- Table structure for table `gtfw_group_module`
--

DROP TABLE IF EXISTS `gtfw_group_module`;
/*!40101 SET @saved_cs_client     = @@character_set_client */;
/*!40101 SET character_set_client = utf8 */;
CREATE TABLE `gtfw_group_module` (
  `GroupId` bigint(20) NOT NULL DEFAULT '0',
  `ModuleId` bigint(20) unsigned NOT NULL DEFAULT '0',
  PRIMARY KEY (`GroupId`,`ModuleId`),
  KEY `fk_gtfw_group_module_ModuleId` (`ModuleId`),
  CONSTRAINT `fk_gtfw_group_module_GroupId` FOREIGN KEY (`GroupId`) REFERENCES `gtfw_group` (`GroupId`) ON DELETE CASCADE ON UPDATE CASCADE,
  CONSTRAINT `fk_gtfw_group_module_ModuleId` FOREIGN KEY (`ModuleId`) REFERENCES `gtfw_module` (`ModuleId`) ON DELETE CASCADE ON UPDATE CASCADE
) ENGINE=InnoDB DEFAULT CHARSET=latin1;
/*!40101 SET character_set_client = @saved_cs_client */;

--
-- Dumping data for table `gtfw_group_module`
--

LOCK TABLES `gtfw_group_module` WRITE;
/*!40000 ALTER TABLE `gtfw_group_module` DISABLE KEYS */;
INSERT INTO `gtfw_group_module` VALUES (63,757),(64,757),(65,757),(66,757),(67,757),(68,757),(69,757),(70,757),(71,757),(73,757),(74,757),(63,1132),(70,1132),(63,1133),(70,1133),(63,1771),(70,1771),(63,1772),(70,1772),(63,1773),(63,1774),(63,1775),(63,1776),(63,1777),(70,1777),(63,1778),(70,1778),(63,1779),(70,1779),(63,1780),(70,1780),(63,1781),(70,1781),(63,1782),(70,1782),(63,1783),(70,1783),(63,1784),(70,1784),(63,1785),(70,1785),(63,1786),(70,1786),(63,1787),(70,1787),(63,1788),(70,1788),(63,1789),(70,1789),(63,1790),(70,1790),(63,1793),(70,1793),(63,1794),(70,1794),(63,1795),(70,1795),(63,1796),(70,1796),(63,1797),(70,1797),(63,1798),(70,1798),(63,1799),(70,1799),(63,1838),(68,1838),(69,1838),(63,1839),(68,1839),(69,1839),(63,1840),(68,1840),(69,1840),(63,1841),(68,1841),(69,1841),(63,1842),(68,1842),(69,1842),(63,1843),(68,1843),(69,1843),(63,1844),(68,1844),(69,1844),(63,1845),(68,1845),(69,1845),(63,1846),(64,1846),(66,1846),(67,1846),(68,1846),(69,1846),(71,1846),(73,1846),(74,1846),(63,1847),(64,1847),(66,1847),(67,1847),(68,1847),(69,1847),(71,1847),(73,1847),(74,1847),(63,1848),(64,1848),(66,1848),(67,1848),(68,1848),(69,1848),(71,1848),(73,1848),(74,1848),(63,1849),(64,1849),(66,1849),(67,1849),(68,1849),(69,1849),(71,1849),(73,1849),(74,1849),(63,1850),(64,1850),(66,1850),(67,1850),(68,1850),(69,1850),(71,1850),(73,1850),(74,1850),(63,1851),(64,1851),(66,1851),(67,1851),(68,1851),(69,1851),(71,1851),(73,1851),(74,1851),(63,1852),(64,1852),(66,1852),(67,1852),(68,1852),(69,1852),(71,1852),(73,1852),(74,1852),(63,1853),(64,1853),(66,1853),(67,1853),(68,1853),(69,1853),(71,1853),(73,1853),(74,1853),(63,1854),(64,1854),(66,1854),(67,1854),(68,1854),(69,1854),(71,1854),(73,1854),(74,1854),(63,1855),(64,1855),(66,1855),(67,1855),(68,1855),(69,1855),(71,1855),(73,1855),(74,1855),(63,1856),(64,1856),(66,1856),(67,1856),(68,1856),(69,1856),(71,1856),(73,1856),(74,1856),(63,1857),(67,1857),(68,1857),(69,1857),(63,1858),(67,1858),(68,1858),(69,1858),(63,1859),(67,1859),(68,1859),(69,1859),(63,1860),(67,1860),(68,1860),(69,1860),(63,1861),(67,1861),(68,1861),(69,1861),(63,1862),(67,1862),(68,1862),(69,1862),(63,1863),(67,1863),(68,1863),(69,1863),(63,1864),(67,1864),(68,1864),(69,1864),(63,1865),(63,1866),(63,1867),(63,1868),(63,1869),(63,1870),(63,1871),(63,1872),(63,1874),(63,1875),(63,1876),(63,1877),(63,1878),(63,1879),(63,1880),(63,1881),(63,1882),(63,1883),(63,1884),(63,1885),(63,1886),(63,1887),(63,1888),(63,1889),(63,1890),(63,1891),(67,1891),(68,1891),(69,1891),(73,1891),(63,1892),(67,1892),(68,1892),(69,1892),(73,1892),(63,1893),(67,1893),(68,1893),(69,1893),(73,1893),(63,1894),(67,1894),(68,1894),(69,1894),(73,1894),(63,1895),(67,1895),(68,1895),(69,1895),(73,1895),(63,1896),(67,1896),(68,1896),(69,1896),(73,1896),(63,1897),(67,1897),(68,1897),(69,1897),(73,1897),(63,1898),(67,1898),(68,1898),(69,1898),(73,1898),(63,1899),(65,1899),(66,1899),(68,1899),(69,1899),(71,1899),(63,1900),(65,1900),(66,1900),(68,1900),(69,1900),(71,1900),(63,1901),(65,1901),(66,1901),(68,1901),(69,1901),(71,1901),(63,1902),(65,1902),(66,1902),(68,1902),(69,1902),(71,1902),(63,1903),(65,1903),(66,1903),(68,1903),(69,1903),(71,1903),(63,1904),(65,1904),(66,1904),(68,1904),(69,1904),(71,1904),(63,1905),(65,1905),(66,1905),(68,1905),(69,1905),(71,1905),(63,1906),(65,1906),(66,1906),(68,1906),(69,1906),(71,1906),(63,1907),(65,1907),(66,1907),(68,1907),(69,1907),(71,1907),(63,1908),(65,1908),(66,1908),(68,1908),(69,1908),(71,1908),(63,1909),(65,1909),(66,1909),(68,1909),(69,1909),(71,1909),(63,1941),(63,1942),(63,1943),(67,1943),(68,1943),(69,1943),(73,1943),(63,1944),(67,1944),(68,1944),(69,1944),(73,1944),(63,1945),(64,1945),(67,1945),(68,1945),(69,1945),(73,1945),(63,1946),(64,1946),(67,1946),(68,1946),(69,1946),(73,1946),(63,1947),(64,1947),(67,1947),(68,1947),(69,1947),(73,1947),(63,1948),(64,1948),(67,1948),(68,1948),(69,1948),(73,1948),(63,1949),(64,1949),(67,1949),(68,1949),(69,1949),(73,1949),(63,1950),(64,1950),(67,1950),(68,1950),(69,1950),(73,1950),(63,1951),(64,1951),(67,1951),(68,1951),(69,1951),(73,1951),(63,1952),(67,1952),(68,1952),(69,1952),(73,1952),(63,1953),(67,1953),(68,1953),(69,1953),(73,1953),(63,1954),(67,1954),(68,1954),(69,1954),(73,1954),(63,1955),(67,1955),(68,1955),(69,1955),(73,1955),(63,1956),(67,1956),(68,1956),(69,1956),(73,1956),(63,1957),(67,1957),(68,1957),(69,1957),(73,1957),(63,1958),(67,1958),(68,1958),(69,1958),(73,1958),(63,1959),(67,1959),(68,1959),(69,1959),(73,1959),(63,1960),(67,1960),(68,1960),(69,1960),(73,1960),(63,1961),(67,1961),(68,1961),(69,1961),(73,1961),(63,1962),(67,1962),(68,1962),(69,1962),(73,1962),(63,1963),(67,1963),(68,1963),(69,1963),(73,1963),(63,1964),(67,1964),(68,1964),(69,1964),(73,1964),(63,1965),(67,1965),(68,1965),(69,1965),(73,1965),(63,1966),(67,1966),(68,1966),(69,1966),(73,1966),(63,1967),(67,1967),(68,1967),(69,1967),(73,1967),(63,1968),(67,1968),(68,1968),(69,1968),(73,1968),(63,1969),(67,1969),(68,1969),(69,1969),(73,1969),(63,1970),(67,1970),(68,1970),(69,1970),(73,1970),(63,1971),(67,1971),(68,1971),(69,1971),(73,1971),(63,1972),(67,1972),(68,1972),(69,1972),(73,1972),(63,1973),(67,1973),(68,1973),(69,1973),(73,1973),(63,1974),(67,1974),(68,1974),(69,1974),(73,1974),(63,1975),(67,1975),(68,1975),(69,1975),(73,1975),(63,1976),(67,1976),(68,1976),(69,1976),(73,1976),(63,1977),(67,1977),(68,1977),(69,1977),(73,1977),(63,1978),(67,1978),(68,1978),(69,1978),(73,1978),(63,1979),(67,1979),(68,1979),(69,1979),(73,1979),(63,1980),(67,1980),(68,1980),(69,1980),(73,1980),(63,1981),(67,1981),(68,1981),(69,1981),(73,1981),(63,1982),(67,1982),(68,1982),(69,1982),(73,1982),(63,1983),(67,1983),(68,1983),(69,1983),(73,1983),(63,1984),(67,1984),(68,1984),(69,1984),(73,1984),(63,1985),(67,1985),(68,1985),(69,1985),(73,1985),(63,1986),(67,1986),(68,1986),(69,1986),(73,1986),(63,1987),(67,1987),(68,1987),(69,1987),(73,1987),(63,1988),(67,1988),(68,1988),(69,1988),(73,1988),(63,1989),(67,1989),(68,1989),(69,1989),(73,1989),(63,1990),(67,1990),(68,1990),(69,1990),(73,1990),(63,1991),(67,1991),(68,1991),(69,1991),(73,1991),(63,1992),(67,1992),(68,1992),(69,1992),(73,1992),(63,1993),(67,1993),(68,1993),(69,1993),(73,1993),(63,1994),(67,1994),(68,1994),(69,1994),(73,1994),(63,1995),(67,1995),(68,1995),(69,1995),(73,1995),(63,1996),(67,1996),(68,1996),(69,1996),(73,1996),(63,1997),(67,1997),(68,1997),(69,1997),(73,1997),(63,1998),(67,1998),(68,1998),(69,1998),(73,1998),(63,1999),(67,1999),(68,1999),(69,1999),(73,1999),(63,2000),(67,2000),(68,2000),(69,2000),(73,2000),(63,2001),(67,2001),(68,2001),(69,2001),(73,2001),(63,2002),(67,2002),(68,2002),(69,2002),(73,2002),(63,2003),(67,2003),(68,2003),(69,2003),(73,2003),(63,2004),(67,2004),(68,2004),(69,2004),(73,2004),(63,2005),(67,2005),(68,2005),(69,2005),(73,2005),(63,2006),(67,2006),(68,2006),(69,2006),(73,2006),(63,2007),(67,2007),(68,2007),(69,2007),(73,2007),(63,2008),(67,2008),(68,2008),(69,2008),(73,2008),(63,2009),(67,2009),(68,2009),(69,2009),(73,2009),(63,2010),(67,2010),(68,2010),(69,2010),(73,2010),(63,2011),(64,2011),(67,2011),(68,2011),(69,2011),(71,2011),(73,2011),(74,2011),(63,2012),(70,2012),(63,2013),(70,2013),(63,2014),(70,2014),(63,2015),(70,2015),(63,2016),(70,2016),(63,2017),(70,2017),(63,2018),(70,2018),(63,2019),(70,2019),(63,2020),(70,2020),(63,2021),(70,2021),(63,2022),(70,2022),(63,2023),(70,2023),(63,2024),(70,2024),(63,2025),(70,2025);
/*!40000 ALTER TABLE `gtfw_group_module` ENABLE KEYS */;
UNLOCK TABLES;

--
-- Table structure for table `gtfw_group_project_app`
--

DROP TABLE IF EXISTS `gtfw_group_project_app`;
/*!40101 SET @saved_cs_client     = @@character_set_client */;
/*!40101 SET character_set_client = utf8 */;
CREATE TABLE `gtfw_group_project_app` (
  `groupProjectAppGroupId` bigint(20) NOT NULL,
  `groupProjectAppAppId` bigint(20) unsigned NOT NULL,
  KEY `groupProjectAppGroupId` (`groupProjectAppGroupId`),
  KEY `groupProjectAppAppId` (`groupProjectAppAppId`),
  CONSTRAINT `gtfw_group_project_app_ibfk_1` FOREIGN KEY (`groupProjectAppGroupId`) REFERENCES `gtfw_group` (`GroupId`) ON DELETE CASCADE ON UPDATE CASCADE,
  CONSTRAINT `gtfw_group_project_app_ibfk_2` FOREIGN KEY (`groupProjectAppAppId`) REFERENCES `project_app` (`appId`) ON DELETE CASCADE ON UPDATE CASCADE
) ENGINE=InnoDB DEFAULT CHARSET=latin1;
/*!40101 SET character_set_client = @saved_cs_client */;

--
-- Dumping data for table `gtfw_group_project_app`
--

LOCK TABLES `gtfw_group_project_app` WRITE;
/*!40000 ALTER TABLE `gtfw_group_project_app` DISABLE KEYS */;
INSERT INTO `gtfw_group_project_app` VALUES (64,13),(64,16),(64,22),(64,23),(64,20),(64,21),(64,18),(64,19),(64,17),(64,24),(64,25),(64,15),(64,14),(67,13),(67,16),(67,22),(67,23),(67,20),(67,21),(67,18),(67,19),(67,17),(67,26),(67,36),(67,24),(67,25),(67,15),(67,14),(67,44),(73,13),(73,16),(73,22),(73,23),(73,20),(73,21),(73,18),(73,19),(73,17),(73,30),(73,46),(73,26),(73,36),(73,28),(73,27),(73,33),(73,39),(73,35),(73,42),(73,24),(73,25),(73,29),(73,15),(73,45),(73,41),(73,32),(73,38),(73,14),(73,34),(73,40),(73,31),(73,37),(73,43),(73,44),(68,30),(68,28),(68,27),(68,49),(68,29),(68,45),(68,41),(68,43),(69,33),(69,39),(69,35),(69,48),(69,32),(69,38),(69,34),(69,40),(69,31),(69,37),(63,13),(63,16),(63,22),(63,23),(63,20),(63,21),(63,18),(63,19),(63,17),(63,30),(63,46),(63,26),(63,36),(63,28),(63,27),(63,33),(63,39),(63,35),(63,42),(63,24),(63,25),(63,48),(63,49),(63,29),(63,15),(63,45),(63,41),(63,32),(63,38),(63,14),(63,34),(63,40),(63,31),(63,37),(63,43),(63,44),(63,50);
/*!40000 ALTER TABLE `gtfw_group_project_app` ENABLE KEYS */;
UNLOCK TABLES;

--
-- Table structure for table `gtfw_log`
--

DROP TABLE IF EXISTS `gtfw_log`;
/*!40101 SET @saved_cs_client     = @@character_set_client */;
/*!40101 SET character_set_client = utf8 */;
CREATE TABLE `gtfw_log` (
  `gtfwLogId` bigint(20) unsigned NOT NULL AUTO_INCREMENT,
  `gtfwLogUserName` varchar(100) NOT NULL,
  `gtfwLogIp` varchar(50) NOT NULL,
  `gtfwLogLog` text NOT NULL,
  `gtfwLogDate` date NOT NULL,
  `gtfwLogTime` time NOT NULL,
  PRIMARY KEY (`gtfwLogId`)
) ENGINE=MyISAM AUTO_INCREMENT=908 DEFAULT CHARSET=latin1 CHECKSUM=1 DELAY_KEY_WRITE=1 ROW_FORMAT=DYNAMIC;
/*!40101 SET character_set_client = @saved_cs_client */;

--
-- Dumping data for table `gtfw_log`
--

LOCK TABLES `gtfw_log` WRITE;
/*!40000 ALTER TABLE `gtfw_log` DISABLE KEYS */;
INSERT INTO `gtfw_log` VALUES (112,'admin','127.0.0.1','Proses Login Sukses','2015-03-05','14:44:29'),(111,'admin','127.0.0.1','Proses Login Sukses','2015-03-05','14:42:21'),(110,'admin','127.0.0.1','Proses Login Sukses','2015-02-23','10:17:06'),(109,'admin','127.0.0.1','Proses Login Sukses','2015-02-20','14:14:37'),(108,'admin','127.0.0.1','Proses Login Sukses','2015-02-20','11:38:10'),(107,'admin','127.0.0.1','Proses Login Sukses','2015-02-20','11:37:36'),(106,'admin','127.0.0.1','Proses Login Sukses','2015-02-20','11:35:25'),(105,'admin','127.0.0.1','Proses Login Sukses','2015-02-20','11:31:23'),(104,'admin','127.0.0.1','Proses Login Sukses','2015-02-20','11:30:18'),(103,'admin','127.0.0.1','Proses Login Sukses','2015-02-20','11:27:47'),(102,'admin','127.0.0.1','Proses Login Sukses','2015-02-20','11:22:31'),(101,'admin','127.0.0.1','Proses Login Sukses','2015-02-20','11:10:20'),(100,'admin','127.0.0.1','Proses Login Sukses','2015-02-20','11:08:17'),(99,'NullSecurity Object','127.0.0.1','Proses Login Sukses','2015-02-20','11:05:46'),(98,'admin','127.0.0.1','Proses Login Sukses','2015-02-20','11:03:50'),(97,'admin','127.0.0.1','Proses Login Sukses','2015-02-20','11:03:43'),(96,'admin','127.0.0.1','Proses Login Sukses','2015-02-20','11:02:42'),(95,'admin','127.0.0.1','Proses Login Sukses','2015-02-20','10:33:56'),(94,'admin','127.0.0.1','Proses Login Sukses','2015-02-20','10:31:25'),(93,'admin','127.0.0.1','Proses Login Gagal','2015-02-20','10:31:21'),(92,'admin','127.0.0.1','Proses Login Sukses','2015-02-20','10:30:34'),(91,'admin','127.0.0.1','Proses Login Sukses','2015-02-20','10:29:19'),(90,'admin','127.0.0.1','Proses Login Sukses','2015-02-20','10:27:09'),(89,'admin','192.168.40.7','Proses Login Sukses','2015-02-18','15:40:43'),(88,'admin','192.168.40.7','Proses Login Sukses','2015-02-18','15:40:11'),(87,'admin','192.168.40.7','Proses Login Sukses','2015-02-18','15:39:34'),(31,'admin','127.0.0.1','Proses Login Sukses','2014-04-15','10:07:54'),(32,'admin','127.0.0.1','Proses Login Sukses','2014-04-15','10:08:48'),(33,'admin','127.0.0.1','Proses Login Sukses','2014-04-23','08:55:20'),(34,'admin','127.0.0.1','Proses Login Sukses','2014-04-23','09:06:48'),(35,'admin','127.0.0.1','Proses Login Gagal','2014-04-23','09:07:00'),(36,'admin','127.0.0.1','Proses Login Gagal','2014-04-23','09:10:03'),(37,'admin','127.0.0.1','Proses Login Sukses','2014-04-23','09:10:36'),(38,'admin','127.0.0.1','Proses Login Sukses','2014-05-02','09:15:56'),(39,'admin','127.0.0.1','Proses Login Sukses','2014-05-16','08:42:34'),(40,'fjdak','127.0.0.1','Proses Login Gagal','2014-05-16','08:42:57'),(41,'dfkja','127.0.0.1','Proses Login Gagal','2014-05-16','08:48:00'),(42,'admin','127.0.0.1','Proses Login Sukses','2014-05-16','08:48:04'),(43,'fjdkaj','127.0.0.1','Proses Login Gagal','2014-05-16','08:48:09'),(44,'admin','127.0.0.1','Proses Login Sukses','2014-05-16','08:48:16'),(45,'admin','127.0.0.1','Proses Login Sukses','2014-05-16','09:03:07'),(46,'admin','127.0.0.1','Proses Login Sukses','2014-05-16','15:31:05'),(47,'admin','127.0.0.1','Proses Login Sukses','2014-05-20','08:57:59'),(48,'admin','192.168.42.247','Proses Login Sukses','2014-05-20','09:24:51'),(49,'admin','192.168.43.15','Proses Login Sukses','2014-05-20','09:24:52'),(50,'admin','192.168.43.15','Proses Login Sukses','2014-05-20','09:25:39'),(51,'admin','127.0.0.1','Proses Login Sukses','2014-05-20','13:06:02'),(52,'admin','127.0.0.1','Proses Login Sukses','2014-05-23','10:42:51'),(53,'admin','127.0.0.1','Proses Login Sukses','2014-05-23','16:24:12'),(54,'admin','127.0.0.1','Proses Login Sukses','2014-05-26','08:45:17'),(55,'admin','127.0.0.1','Proses Login Sukses','2014-05-28','08:56:03'),(56,'admin','127.0.0.1','Proses Login Sukses','2014-05-28','11:33:55'),(57,'admin','127.0.0.1','Proses Login Sukses','2014-05-28','14:58:20'),(58,'admin','127.0.0.1','Proses Login Sukses','2014-05-30','08:29:06'),(59,'admin','127.0.0.1','Proses Login Sukses','2014-06-10','13:01:14'),(60,'admin','127.0.0.1','Proses Login Sukses','2014-06-16','09:29:18'),(61,'admin','127.0.0.1','Proses Login Sukses','2014-06-16','09:37:20'),(62,'admin','127.0.0.1','Proses Login Sukses','2014-06-16','14:19:44'),(63,'admin','127.0.0.1','Proses Login Sukses','2014-06-16','16:22:01'),(64,'admin','127.0.0.1','Proses Login Sukses','2014-06-17','09:51:40'),(65,'admin','127.0.0.1','Proses Login Sukses','2014-06-17','13:15:50'),(66,'admin','127.0.0.1','Proses Login Sukses','2014-06-18','10:42:14'),(67,'admin','127.0.0.1','Proses Login Sukses','2014-06-20','09:18:54'),(68,'admin','127.0.0.1','Proses Login Sukses','2014-06-23','10:55:01'),(69,'admin','127.0.0.1','Proses Login Sukses','2014-06-24','09:05:47'),(70,'admin','127.0.0.1','Proses Login Sukses','2014-11-03','13:55:03'),(71,'admin','127.0.0.1','Proses Login Sukses','2014-11-04','08:59:29'),(72,'admin','127.0.0.1','Proses Login Sukses','2014-11-05','10:19:00'),(73,'admin','127.0.0.1','Proses Login Sukses','2014-11-05','13:17:12'),(74,'admin','127.0.0.1','Proses Login Sukses','2014-11-05','13:20:50'),(75,'admin','127.0.0.1','Proses Login Sukses','2014-11-05','13:23:05'),(76,'admin','127.0.0.1','Proses Login Sukses','2014-11-05','14:21:35'),(77,'admin','127.0.0.1','Proses Login Sukses','2014-11-05','14:27:31'),(78,'ADMIN','127.0.0.1','Proses Login Gagal','2014-11-05','15:42:49'),(79,'admin','127.0.0.1','Proses Login Sukses','2014-11-05','15:42:53'),(80,'admin','127.0.0.1','Proses Login Sukses','2014-11-17','10:44:56'),(81,'admin','127.0.0.1','Proses Login Gagal','2015-01-06','09:37:45'),(82,'admin','127.0.0.1','Proses Login Gagal','2015-01-06','10:49:20'),(83,'admin','127.0.0.1','Proses Login Gagal','2015-01-06','10:50:40'),(84,'admin','127.0.0.1','Proses Login Sukses','2015-01-06','10:51:24'),(85,'admin','127.0.0.1','Proses Login Sukses','2015-02-11','16:02:19'),(86,'admin','127.0.0.1','Proses Login Sukses','2015-02-18','15:32:41'),(113,'admin','127.0.0.1','Proses Login Sukses','2015-03-12','08:09:18'),(114,'admin','127.0.0.1','Proses Login Sukses','2015-03-13','10:24:07'),(115,'admin','::1','Proses Login Sukses','2015-09-02','05:59:28'),(116,'opera','127.0.0.1','Proses Login Sukses','2015-09-02','11:57:02'),(117,'admin','127.0.0.1','Proses Login Sukses','2015-09-02','12:29:24'),(118,'admin','127.0.0.1','Proses Login Sukses','2015-09-02','13:32:42'),(119,'opera','192.168.254.250','Proses Login Sukses','2015-09-04','15:05:21'),(120,'opera','192.168.254.250','Proses Login Sukses','2015-09-04','15:06:38'),(121,'opera','192.168.254.250','Proses Login Sukses','2015-09-07','10:36:01'),(122,'admin','192.168.254.250','Proses Login Sukses','2015-09-07','13:22:58'),(123,'opera','192.168.254.250','Proses Login Sukses','2015-09-07','13:26:54'),(124,'admin','192.168.254.250','Proses Login Sukses','2015-09-07','13:27:04'),(125,'opera','192.168.254.250','Proses Login Sukses','2015-09-07','15:31:38'),(126,'opera','192.168.254.250','Proses Login Gagal','2015-09-07','15:56:21'),(127,'opera','192.168.254.250','Proses Login Sukses','2015-09-07','15:56:29'),(128,'opera','192.168.254.250','Proses Login Sukses','2015-09-07','15:58:43'),(129,'opera','192.168.254.250','Proses Login Sukses','2015-09-07','15:59:14'),(130,'opera','192.168.254.250','Proses Login Sukses','2015-09-07','16:20:09'),(131,'admin','192.168.254.250','Proses Login Sukses','2015-09-07','16:29:28'),(132,'admin','192.168.254.250','Proses Login Sukses','2015-09-07','16:29:35'),(133,'admin','192.168.254.250','Proses Login Sukses','2015-09-09','16:30:50'),(134,'admin','192.168.254.250','Proses Login Sukses','2015-09-10','08:47:45'),(135,'admin','192.168.254.250','Proses Login Sukses','2015-09-10','09:03:27'),(136,'admin','192.168.254.250','Proses Login Sukses','2015-09-10','14:04:29'),(137,'admin','192.168.254.250','Proses Login Sukses','2015-09-10','15:53:45'),(138,'antie','192.168.254.250','Proses Login Sukses','2015-09-10','16:00:44'),(139,'admin','192.168.254.250','Proses Login Sukses','2015-09-10','16:01:09'),(140,'antie','192.168.254.250','Proses Login Sukses','2015-09-10','16:02:23'),(141,'admin','192.168.254.250','Proses Login Sukses','2015-09-14','10:58:55'),(142,'admin','192.168.254.250','Proses Login Sukses','2015-09-14','11:48:55'),(143,'opera','192.168.254.250','Proses Login Sukses','2015-09-14','12:01:44'),(144,'admin','192.168.254.250','Proses Login Sukses','2015-09-14','12:22:47'),(145,'admin','192.168.254.250','Proses Login Sukses','2015-09-14','12:59:36'),(146,'admin','192.168.254.250','Proses Login Sukses','2015-09-14','13:00:43'),(147,'admin','192.168.254.250','Proses Login Sukses','2015-09-14','13:35:25'),(148,'admin','192.168.254.250','Proses Login Sukses','2015-09-14','13:57:47'),(149,'ria','192.168.254.250','Proses Login Sukses','2015-09-14','13:59:06'),(150,'ria','192.168.254.250','Proses Login Sukses','2015-09-14','14:27:32'),(151,'admin','192.168.254.250','Proses Login Sukses','2015-09-14','16:04:58'),(152,'admin','192.168.254.250','Proses Login Sukses','2015-09-14','16:05:39'),(153,'acspublic','192.168.254.250','Proses Login Sukses','2015-09-14','16:07:05'),(154,'acspublic','192.168.254.250','Proses Login Sukses','2015-09-14','16:10:33'),(155,'acspublic','192.168.254.250','Proses Login Sukses','2015-09-14','16:19:13'),(156,'acspublic','192.168.254.250','Proses Login Sukses','2015-09-14','16:28:10'),(157,'ria','192.168.254.250','Proses Login Sukses','2015-09-15','08:27:22'),(158,'antie','192.168.254.250','Proses Login Sukses','2015-09-15','09:05:50'),(159,'acspublic','192.168.254.250','Proses Login Sukses','2015-09-15','09:43:42'),(160,'admin','192.168.254.250','Proses Login Sukses','2015-09-15','10:46:04'),(161,'admin','192.168.254.250','Proses Login Sukses','2015-09-16','11:57:08'),(162,'admin','192.168.254.250','Proses Login Sukses','2015-09-17','10:39:50'),(163,'Admin','192.168.254.250','Proses Login Sukses','2015-09-17','12:17:33'),(164,'admin','192.168.254.250','Proses Login Sukses','2015-09-17','13:08:10'),(165,'admin','192.168.254.250','Proses Login Sukses','2015-09-17','13:15:06'),(166,'admin','192.168.254.250','Proses Login Sukses','2015-09-18','09:49:48'),(167,'admin','192.168.254.250','Proses Login Sukses','2015-09-18','14:49:56'),(168,'admin','192.168.254.250','Proses Login Sukses','2015-09-18','14:50:14'),(169,'acspublic','192.168.254.250','Proses Login Sukses','2015-09-22','13:03:37'),(170,'admin','192.168.254.250','Proses Login Sukses','2015-09-25','08:44:09'),(171,'acspublic','192.168.254.250','Proses Login Sukses','2015-09-25','14:13:02'),(172,'admin','192.168.254.250','Proses Login Sukses','2015-09-28','08:14:59'),(173,'admin','192.168.254.250','Proses Login Sukses','2015-09-28','13:51:21'),(174,'admin','192.168.254.250','Proses Login Sukses','2015-10-06','09:32:27'),(175,'acspublic','192.168.254.250','Proses Login Sukses','2015-10-09','16:56:30'),(176,'admin','192.168.254.250','Proses Login Sukses','2015-10-15','15:22:36'),(177,'acstamu','192.168.254.250','Proses Login Gagal','2015-10-22','08:52:22'),(178,'tamu','192.168.254.250','Proses Login Gagal','2015-10-22','08:52:26'),(179,'antie','192.168.254.250','Proses Login Sukses','2015-10-22','09:09:32'),(180,'adminacs','192.168.254.250','Proses Login Gagal','2015-10-22','09:11:21'),(181,'admin','192.168.254.250','Proses Login Sukses','2015-10-22','09:11:28'),(182,'antieANTIE','192.168.254.250','Proses Login Gagal','2015-10-22','09:12:58'),(183,'antie','192.168.254.250','Proses Login Sukses','2015-10-22','09:13:15'),(184,'admin','192.168.254.250','Proses Login Sukses','2015-10-23','16:38:36'),(185,'admin','192.168.254.250','Proses Login Sukses','2015-10-26','08:16:28'),(186,'acstamu','192.168.254.250','Proses Login Gagal','2015-10-26','09:46:42'),(187,'acstamu','192.168.254.250','Proses Login Gagal','2015-10-26','09:46:53'),(188,'acspublic','192.168.254.250','Proses Login Sukses','2015-10-26','09:47:33'),(189,'acspublic','192.168.254.95','Proses Login Sukses','2015-10-26','10:10:14'),(190,'admin','192.168.254.250','Proses Login Sukses','2015-10-27','13:30:06'),(191,'admin','192.168.254.250','Proses Login Sukses','2015-10-28','10:30:36'),(192,'admin','192.168.254.250','Proses Login Sukses','2015-11-02','08:37:33'),(193,'admin','192.168.254.250','Proses Login Sukses','2015-11-03','11:53:03'),(194,'admin','192.168.254.250','Proses Login Sukses','2015-11-03','13:41:41'),(195,'admin','192.168.254.250','Proses Login Sukses','2015-11-03','15:04:17'),(196,'antie','192.168.254.250','Proses Login Sukses','2015-11-03','15:07:54'),(197,'admin','192.168.254.250','Proses Login Sukses','2015-11-03','15:08:14'),(198,'admin','192.168.254.250','Proses Login Sukses','2015-11-06','09:44:46'),(199,'siabo','192.168.254.250','Proses Login Gagal','2015-11-06','10:16:36'),(200,'acstamu','192.168.254.250','Proses Login Gagal','2015-11-06','10:16:55'),(201,'admin','192.168.254.250','Proses Login Sukses','2015-11-06','10:18:24'),(202,'admin','192.168.254.250','Proses Login Sukses','2015-11-06','10:19:08'),(203,'admin','192.168.254.250','Proses Login Sukses','2015-11-06','10:26:46'),(204,'admin','192.168.254.250','Proses Login Sukses','2015-11-06','10:26:54'),(205,'admin','192.168.254.250','Proses Login Sukses','2015-11-06','10:27:47'),(206,'admin','192.168.254.250','Proses Login Sukses','2015-11-06','10:29:24'),(207,'admin','192.168.254.250','Proses Login Sukses','2015-11-06','10:29:34'),(208,'admin','192.168.254.250','Proses Login Sukses','2015-11-06','10:31:48'),(209,'admin','192.168.254.250','Proses Login Sukses','2015-11-06','10:32:12'),(210,'admin','192.168.254.250','Proses Login Sukses','2015-11-06','10:35:42'),(211,'admin','192.168.254.250','Proses Login Sukses','2015-11-06','10:36:25'),(212,'admin','192.168.254.250','Proses Login Sukses','2015-11-06','10:36:36'),(213,'admin','192.168.254.250','Proses Login Sukses','2015-11-06','10:38:19'),(214,'admin','192.168.254.250','Proses Login Sukses','2015-11-06','10:42:58'),(215,'admin','192.168.254.250','Proses Login Sukses','2015-11-06','10:45:15'),(216,'admin','192.168.254.250','Proses Login Sukses','2015-11-06','10:47:43'),(217,'admin','192.168.254.250','Proses Login Sukses','2015-11-06','10:50:03'),(218,'admin','192.168.254.250','Proses Login Sukses','2015-11-06','10:51:38'),(219,'admin','192.168.254.250','Proses Login Sukses','2015-11-06','10:52:28'),(220,'acspublic','192.168.254.250','Proses Login Sukses','2015-11-06','10:55:08'),(221,'admin','192.168.254.250','Proses Login Gagal','2015-11-06','10:55:38'),(222,'admin','192.168.254.250','Proses Login Sukses','2015-11-06','10:55:45'),(223,'admin','192.168.254.250','Proses Login Gagal','2015-11-06','10:57:01'),(224,'admin','192.168.254.250','Proses Login Gagal','2015-11-06','10:57:05'),(225,'admin','192.168.254.250','Proses Login Gagal','2015-11-06','10:57:14'),(226,'admin','192.168.254.250','Proses Login Gagal','2015-11-06','10:57:25'),(227,'pinta','192.168.254.250','Proses Login Sukses','2015-11-06','10:58:55'),(228,'acscpinput','192.168.254.250','Proses Login Gagal','2015-11-06','11:00:46'),(229,'acscpinput1','192.168.254.250','Proses Login Sukses','2015-11-06','11:00:55'),(230,'admin','192.168.254.250','Proses Login Sukses','2015-11-06','11:01:30'),(231,'acsinput1','192.168.254.250','Proses Login Gagal','2015-11-06','11:02:28'),(232,'acsinput1','192.168.254.250','Proses Login Gagal','2015-11-06','11:02:35'),(233,'acsinput1','192.168.254.250','Proses Login Gagal','2015-11-06','11:02:41'),(234,'acscpinput1','192.168.254.250','Proses Login Sukses','2015-11-06','11:02:59'),(235,'admin','192.168.254.250','Proses Login Gagal','2015-11-06','11:03:38'),(236,'nada','192.168.254.250','Proses Login Gagal','2015-11-06','11:03:45'),(237,'nadafiah','192.168.254.250','Proses Login Gagal','2015-11-06','11:03:52'),(238,'admin','192.168.254.250','Proses Login Gagal','2015-11-06','11:04:47'),(239,'admin','192.168.254.250','Proses Login Gagal','2015-11-06','11:05:11'),(240,'acscpinput01','192.168.254.250','Proses Login Gagal','2015-11-06','11:09:11'),(241,'acscpinput01','192.168.254.250','Proses Login Gagal','2015-11-06','11:09:12'),(242,'acscpinput01','192.168.254.250','Proses Login Gagal','2015-11-06','11:09:17'),(243,'acscpinput1','192.168.254.250','Proses Login Sukses','2015-11-06','11:09:54'),(244,'acscpinput1','192.168.254.250','Proses Login Sukses','2015-11-06','11:09:54'),(245,'acscpinput1','192.168.254.250','Proses Login Sukses','2015-11-06','11:09:59'),(246,'admin','192.168.254.250','Proses Login Sukses','2015-11-06','11:14:11'),(247,'acscpinput1','192.168.254.250','Proses Login Sukses','2015-11-06','11:15:06'),(248,'eki','192.168.254.250','Proses Login Gagal','2015-11-06','11:21:00'),(249,'eki','192.168.254.250','Proses Login Gagal','2015-11-06','11:21:05'),(250,'eki','192.168.254.250','Proses Login Gagal','2015-11-06','11:21:09'),(251,'admin','192.168.254.250','Proses Login Gagal','2015-11-06','11:26:13'),(252,'acscpinput1','192.168.254.250','Proses Login Sukses','2015-11-06','11:26:37'),(253,'acscpinput1','192.168.254.250','Proses Login Sukses','2015-11-06','11:37:45'),(254,'acscpinput1','192.168.254.250','Proses Login Sukses','2015-11-06','13:22:58'),(255,'acscpinput1','192.168.254.250','Proses Login Gagal','2015-11-06','13:37:38'),(256,'acscpinput1','192.168.254.250','Proses Login Gagal','2015-11-06','13:38:15'),(257,'acscpinput1','192.168.254.250','Proses Login Sukses','2015-11-06','13:38:26'),(258,'acscpinput1','192.168.254.250','Proses Login Sukses','2015-11-06','15:00:56'),(259,'acscpinput1','192.168.254.250','Proses Login Sukses','2015-11-06','15:05:27'),(260,'admin','192.168.254.250','Proses Login Gagal','2015-11-06','15:40:29'),(261,'admin','192.168.254.250','Proses Login Gagal','2015-11-06','15:40:34'),(262,'admin','192.168.254.250','Proses Login Sukses','2015-11-06','15:40:39'),(263,'siabo','192.168.254.250','Proses Login Gagal','2015-11-06','15:42:40'),(264,'acspublic','192.168.254.250','Proses Login Gagal','2015-11-06','15:43:00'),(265,'acspublic','192.168.254.250','Proses Login Gagal','2015-11-06','15:43:13'),(266,'admin','192.168.254.250','Proses Login Sukses','2015-11-06','15:43:37'),(267,'acscpinput1','192.168.254.250','Proses Login Sukses','2015-11-06','15:58:19'),(268,'admin','192.168.254.250','Proses Login Sukses','2015-11-06','15:59:15'),(269,'acscpinput1','192.168.254.250','Proses Login Sukses','2015-11-06','16:18:30'),(270,'admin','192.168.254.250','Proses Login Sukses','2015-11-06','17:41:05'),(271,'acscpinput1','192.168.254.250','Proses Login Gagal','2015-11-06','18:43:50'),(272,'acscpinpur','192.168.254.250','Proses Login Gagal','2015-11-06','18:44:04'),(273,'acsinput','192.168.254.250','Proses Login Gagal','2015-11-06','18:44:40'),(274,'acsinput1','192.168.254.250','Proses Login Gagal','2015-11-06','18:44:51'),(275,'acscpinput1','192.168.254.250','Proses Login Sukses','2015-11-06','18:45:00'),(276,'acscpinput1','192.168.254.250','Proses Login Sukses','2015-11-09','08:13:10'),(277,'admin','192.168.254.250','Proses Login Sukses','2015-11-09','08:47:52'),(278,'acscpinput1','192.168.254.250','Proses Login Sukses','2015-11-09','09:25:44'),(279,'admin','192.168.254.250','Proses Login Gagal','2015-11-09','11:16:58'),(280,'admin','192.168.254.250','Proses Login Gagal','2015-11-09','13:38:07'),(281,'admin','192.168.254.250','Proses Login Gagal','2015-11-09','13:38:13'),(282,'admin','192.168.254.250','Proses Login Sukses','2015-11-09','14:01:16'),(283,'admin','192.168.254.250','Proses Login Sukses','2015-11-10','09:13:47'),(284,'admin','192.168.254.250','Proses Login Sukses','2015-11-11','13:39:35'),(285,'admin','192.168.254.250','Proses Login Sukses','2015-11-12','08:28:07'),(286,'admin','192.168.254.250','Proses Login Sukses','2015-11-18','08:56:32'),(287,'admin','192.168.254.250','Proses Login Sukses','2015-11-18','13:54:35'),(288,'admin','192.168.254.250','Proses Login Sukses','2015-11-19','09:40:19'),(289,'admin','192.168.254.250','Proses Login Sukses','2015-11-23','13:50:34'),(290,'admin','192.168.254.250','Proses Login Gagal','2015-11-23','15:44:53'),(291,'admin','192.168.254.250','Proses Login Sukses','2015-11-23','15:46:54'),(292,'opera','192.168.254.250','Proses Login Gagal','2015-11-23','17:19:32'),(293,'opera','192.168.254.250','Proses Login Sukses','2015-11-23','17:19:41'),(294,'opera','192.168.254.250','Proses Login Sukses','2015-11-24','08:26:26'),(295,'acs01input','192.168.254.250','Proses Login Gagal','2015-11-25','11:28:58'),(296,'asco1input','192.168.254.250','Proses Login Gagal','2015-11-25','11:29:08'),(297,'acscpinput01','192.168.254.250','Proses Login Gagal','2015-11-25','11:30:42'),(298,'acscpinput01','192.168.254.250','Proses Login Gagal','2015-11-25','11:30:46'),(299,'acscpinput01','192.168.254.250','Proses Login Gagal','2015-11-25','11:30:58'),(300,'acscpinput01','192.168.254.250','Proses Login Gagal','2015-11-25','11:31:05'),(301,'acscp01input','192.168.254.250','Proses Login Gagal','2015-11-25','11:31:20'),(302,'acscp01input','192.168.254.250','Proses Login Gagal','2015-11-25','11:31:27'),(303,'admin','192.168.254.250','Proses Login Sukses','2015-11-25','11:31:32'),(304,'acscpinput01','192.168.254.250','Proses Login Gagal','2015-11-25','11:31:42'),(305,'acscpinput01','192.168.254.250','Proses Login Gagal','2015-11-25','11:33:19'),(306,'acscp01input','192.168.254.250','Proses Login Gagal','2015-11-25','11:33:25'),(307,'acscpinput01','192.168.254.250','Proses Login Gagal','2015-11-25','11:33:28'),(308,'acscpinput','192.168.254.250','Proses Login Gagal','2015-11-25','11:33:37'),(309,'stembayokontak','192.168.254.250','Proses Login Sukses','2015-11-25','11:34:58'),(310,'acscpinput01','192.168.254.250','Proses Login Gagal','2015-11-25','11:35:17'),(311,'admin','192.168.254.250','Proses Login Sukses','2015-11-25','11:37:16'),(312,'stembayokontak','192.168.254.250','Proses Login Sukses','2015-11-25','11:38:24'),(313,'stembayokontak','192.168.254.250','Proses Login Sukses','2015-11-25','11:39:46'),(314,'acstamu','192.168.254.250','Proses Login Gagal','2015-11-25','12:03:09'),(315,'stembayokontak','192.168.254.250','Proses Login Sukses','2015-11-25','12:04:21'),(316,'acscpinput01','192.168.254.250','Proses Login Gagal','2015-11-25','12:08:36'),(317,'stembayokontak','192.168.254.250','Proses Login Sukses','2015-11-25','12:18:50'),(318,'stembayokontak','192.168.254.250','Proses Login Sukses','2015-11-25','13:07:41'),(319,'stembayokontak','192.168.254.250','Proses Login Sukses','2015-11-25','13:07:53'),(320,'admin','192.168.254.250','Proses Login Sukses','2015-11-25','13:24:32'),(321,'stembayokontak','192.168.254.250','Proses Login Sukses','2015-11-25','13:24:38'),(322,'stembayokontak','192.168.254.250','Proses Login Sukses','2015-11-25','13:32:26'),(323,'admin','192.168.254.250','Proses Login Gagal','2015-11-25','14:42:52'),(324,'admin','192.168.254.250','Proses Login Sukses','2015-11-25','14:42:56'),(325,'stembayokontak','192.168.254.250','Proses Login Sukses','2015-11-25','15:20:04'),(326,'admin','192.168.254.250','Proses Login Gagal','2015-11-27','13:23:54'),(327,'admin','192.168.254.250','Proses Login Sukses','2015-11-27','13:23:58'),(328,'adw','192.168.254.250','Proses Login Gagal','2015-11-30','09:00:43'),(329,'admin','192.168.254.250','Proses Login Sukses','2015-11-30','10:14:41'),(330,'admin','192.168.254.250','Proses Login Gagal','2015-12-01','14:57:47'),(331,'admin','192.168.254.250','Proses Login Sukses','2015-12-01','14:57:51'),(332,'admin','192.168.254.250','Proses Login Gagal','2015-12-02','07:56:27'),(333,'admin','192.168.254.250','Proses Login Sukses','2015-12-02','14:50:20'),(334,'admin','192.168.254.250','Proses Login Sukses','2015-12-02','16:22:06'),(335,'admin','192.168.254.250','Proses Login Gagal','2015-12-03','11:21:11'),(336,'admin','192.168.254.250','Proses Login Sukses','2015-12-03','11:21:34'),(337,'admin','192.168.254.250','Proses Login Sukses','2015-12-03','11:24:59'),(338,'manako','192.168.254.250','Proses Login Gagal','2015-12-03','11:28:43'),(339,'gtadmin','192.168.254.250','Proses Login Gagal','2015-12-03','13:47:14'),(340,'ghaib','192.168.254.250','Proses Login Gagal','2015-12-03','13:47:45'),(341,'admin','192.168.254.250','Proses Login Gagal','2015-12-03','13:47:56'),(342,'salt','192.168.254.250','Proses Login Gagal','2015-12-03','13:49:42'),(343,'salt','192.168.254.250','Proses Login Gagal','2015-12-03','13:49:50'),(344,'password','192.168.254.250','Proses Login Gagal','2015-12-03','13:49:57'),(345,'admin','192.168.254.250','Proses Login Gagal','2015-12-07','10:53:03'),(346,'admingt','192.168.254.250','Proses Login Gagal','2015-12-11','15:03:32'),(347,'admin','192.168.254.250','Proses Login Gagal','2015-12-11','16:36:44'),(348,'admin','192.168.254.250','Proses Login Gagal','2015-12-11','16:36:47'),(349,'admin','192.168.254.250','Proses Login Sukses','2015-12-11','16:37:34'),(350,'admin','192.168.254.250','Proses Login Sukses','2015-12-11','16:37:50'),(351,'admin','192.168.254.250','Proses Login Gagal','2015-12-15','14:03:28'),(352,'admin','192.168.254.250','Proses Login Sukses','2015-12-15','14:03:34'),(353,'admin','192.168.254.250','Proses Login Sukses','2015-12-16','09:18:41'),(354,'admin','192.168.254.250','Proses Login Gagal','2015-12-16','10:58:15'),(355,'admin','192.168.254.250','Proses Login Sukses','2015-12-16','10:58:19'),(356,'admin','192.168.254.250','Proses Login Gagal','2015-12-16','13:13:29'),(357,'admin','192.168.254.250','Proses Login Sukses','2015-12-16','13:13:33'),(358,'opera','192.168.254.250','Proses Login Sukses','2015-12-16','13:54:34'),(359,'admin','192.168.254.250','Proses Login Gagal','2015-12-16','13:56:35'),(360,'admin','192.168.254.250','Proses Login Sukses','2015-12-16','13:56:39'),(361,'admin','192.168.254.250','Proses Login Gagal','2015-12-16','14:17:36'),(362,'admin','192.168.254.250','Proses Login Sukses','2015-12-16','14:17:40'),(363,'admin','192.168.254.250','Proses Login Sukses','2015-12-16','14:26:09'),(364,'admin','192.168.254.250','Proses Login Gagal','2015-12-16','14:29:30'),(365,'admin','192.168.254.250','Proses Login Sukses','2015-12-16','14:29:35'),(366,'admin','192.168.254.250','Proses Login Sukses','2015-12-16','16:56:04'),(367,'admin','192.168.254.250','Proses Login Gagal','2015-12-17','09:10:10'),(368,'admin','192.168.254.250','Proses Login Sukses','2015-12-17','09:10:15'),(369,'admin','192.168.254.250','Proses Login Sukses','2015-12-17','10:20:50'),(370,'admin','192.168.254.250','Proses Login Sukses','2015-12-17','10:22:43'),(371,'admin','192.168.254.250','Proses Login Sukses','2015-12-17','10:36:23'),(372,'admin','192.168.254.250','Proses Login Sukses','2015-12-17','10:42:08'),(373,'admin','192.168.254.250','Proses Login Sukses','2015-12-17','10:55:33'),(374,'admin','192.168.254.250','Proses Login Sukses','2015-12-17','11:26:19'),(375,'opera','192.168.254.250','Proses Login Sukses','2015-12-17','11:28:44'),(376,'admin','192.168.254.250','Proses Login Sukses','2015-12-17','11:32:43'),(377,'admin','192.168.254.250','[REST] Akses list products','2015-12-17','13:44:28'),(378,'admin','192.168.254.250','[REST] Akses list products','2015-12-17','13:45:13'),(379,'admin','192.168.254.250','[REST] Akses list products','2015-12-17','13:48:07'),(380,'admin','192.168.254.250','[REST] Akses list products','2015-12-17','13:48:27'),(381,'admin','192.168.254.250','[REST] Akses list products','2015-12-17','13:48:41'),(382,'admin','192.168.254.250','[REST] Akses list products','2015-12-17','13:48:47'),(383,'admin','192.168.254.250','[REST] Akses list products','2015-12-17','13:48:59'),(384,'admin','192.168.254.250','[REST] Akses list products','2015-12-17','13:49:10'),(385,'admin','192.168.254.250','[REST] Akses list products','2015-12-17','13:53:36'),(386,'admin','192.168.254.250','[REST] Akses list products','2015-12-17','13:57:54'),(387,'admin','192.168.254.250','[REST] Akses list products','2015-12-17','13:59:10'),(388,'admin','192.168.254.250','Proses Login Sukses','2015-12-17','14:47:29'),(389,'admin','192.168.254.250','[REST] Akses list products','2015-12-17','14:48:02'),(390,'admin','192.168.254.250','[REST] Akses list products','2015-12-17','14:49:02'),(391,'admin','192.168.254.250','[REST] Akses list products','2015-12-17','14:49:10'),(392,'admin','192.168.254.250','[REST] Akses list products','2015-12-17','14:49:13'),(393,'admin','192.168.254.250','[REST] Akses list products','2015-12-17','14:49:15'),(394,'admin','192.168.254.250','[REST] Akses list products','2015-12-17','14:49:19'),(395,'admin','192.168.254.250','[REST] Akses list products','2015-12-17','14:51:21'),(396,'admin','192.168.254.250','[REST] Akses list products','2015-12-17','15:08:43'),(397,'admin','192.168.254.250','[REST] Akses list products','2015-12-17','15:09:00'),(398,'admin','192.168.254.250','[REST] Akses list products','2015-12-17','15:09:04'),(399,'admin','192.168.254.250','[REST] Akses list products','2015-12-17','15:09:31'),(400,'admin','192.168.254.250','[REST] Akses list products','2015-12-17','15:11:50'),(401,'admin','192.168.254.250','[REST] Akses list products','2015-12-17','15:14:01'),(402,'admin','192.168.254.250','[REST] Akses list products','2015-12-17','15:16:03'),(403,'admin','192.168.254.250','[REST] Akses list products','2015-12-17','15:18:08'),(404,'admin','192.168.254.250','[REST] Akses list products','2015-12-17','15:19:24'),(405,'admin','192.168.254.250','[REST] Akses list products','2015-12-17','15:23:47'),(406,'admin','192.168.254.250','[REST] Akses list products','2015-12-17','15:23:55'),(407,'admin','192.168.254.250','[REST] Akses list products','2015-12-17','15:25:02'),(408,'admin','192.168.254.250','[REST] Akses list products','2015-12-17','15:26:27'),(409,'admin','192.168.254.250','[REST] Akses list products','2015-12-17','15:27:56'),(410,'admin','192.168.254.250','[REST] Akses list products','2015-12-17','15:32:16'),(411,'admin','192.168.254.250','[REST] Akses list products','2015-12-17','15:49:03'),(412,'admin','192.168.254.250','[REST] Akses list products','2015-12-17','16:29:23'),(413,'admin','192.168.254.250','Proses Login Sukses','2015-12-18','08:20:58'),(414,'admin','192.168.254.250','Proses Login Gagal','2015-12-18','09:39:34'),(415,'admin','192.168.254.250','Proses Login Sukses','2015-12-18','09:39:40'),(416,'admin','192.168.254.250','[REST] Akses list products','2015-12-18','09:42:41'),(417,'admin','192.168.254.250','[REST] Akses list products','2015-12-18','11:14:35'),(418,'admin','192.168.254.250','[REST] Akses list products','2015-12-18','11:14:59'),(419,'admin','192.168.254.250','[REST] Akses list products','2015-12-18','11:15:29'),(420,'admin','192.168.254.250','[REST] Akses list products','2015-12-18','11:16:24'),(421,'admin','192.168.254.250','Proses Login Sukses','2015-12-18','11:28:57'),(422,'admin','192.168.254.250','[REST] Akses list products','2015-12-18','11:30:04'),(423,'admin','192.168.254.250','[REST] Akses list products','2015-12-18','11:36:53'),(424,'admin','192.168.254.250','Proses Login Gagal','2015-12-18','14:58:47'),(425,'admin','192.168.254.250','Proses Login Sukses','2015-12-18','14:58:51'),(426,'admin','192.168.254.250','[REST] Akses list products','2015-12-18','14:59:43'),(427,'admin','192.168.254.250','Proses Login Sukses','2015-12-18','17:17:56'),(428,'admin','192.168.254.250','Proses Login Gagal','2015-12-29','09:37:55'),(429,'admin','192.168.254.250','Proses Login Sukses','2015-12-29','09:38:02'),(430,'opera','192.168.254.250','Proses Login Sukses','2015-12-29','09:49:24'),(431,'magang','192.168.254.250','Proses Login Gagal','2015-12-29','13:12:18'),(432,'admin','192.168.254.250','Proses Login Gagal','2015-12-30','15:33:45'),(433,'admin','192.168.254.250','Proses Login Sukses','2015-12-30','15:33:50'),(434,'admin','192.168.254.250','Proses Login Sukses','2015-12-30','15:39:54'),(435,'admin','192.168.254.250','Proses Login Sukses','2015-12-30','15:43:16'),(436,'admin','192.168.254.250','Proses Login Sukses','2016-01-04','10:07:03'),(437,'admin','192.168.254.250','Proses Login Sukses','2016-01-04','10:07:12'),(438,'viby','192.168.254.250','Proses Login Sukses','2016-01-04','10:15:37'),(439,'admin','192.168.254.250','[REST] Akses list products','2016-01-04','10:22:23'),(440,'admin','192.168.254.250','[REST] Akses list products','2016-01-04','10:27:29'),(441,'viby','192.168.254.250','Proses Login Sukses','2016-01-04','10:31:48'),(442,'admin','192.168.254.250','[REST] Akses list products','2016-01-04','10:32:32'),(443,'viby','192.168.254.250','Proses Login Sukses','2016-01-04','10:43:23'),(444,'viby','192.168.254.250','Proses Login Sukses','2016-01-04','10:44:38'),(445,'admin','192.168.254.250','Proses Login Sukses','2016-01-04','10:45:00'),(446,'viby','192.168.254.250','Proses Login Sukses','2016-01-04','10:45:07'),(447,'viby','192.168.254.250','Proses Login Sukses','2016-01-04','10:53:01'),(448,'viby','192.168.254.250','[REST] Akses list products','2016-01-04','10:59:40'),(449,'viby','192.168.254.250','[REST] Akses list products','2016-01-04','11:00:07'),(450,'viby','192.168.254.250','[REST] Akses list products','2016-01-04','11:00:54'),(451,'viby','192.168.254.250','[REST] Akses list products','2016-01-04','11:01:18'),(452,'viby','192.168.254.250','[REST] Akses list products','2016-01-04','11:01:40'),(453,'viby','192.168.254.250','[REST] Akses list products','2016-01-04','11:02:02'),(454,'viby','192.168.254.250','[REST] Akses list products','2016-01-04','11:02:20'),(455,'viby','192.168.254.250','[REST] Akses list products','2016-01-04','11:04:48'),(456,'viby','192.168.254.250','[REST] Akses list products','2016-01-04','11:05:37'),(457,'viby','192.168.254.250','[REST] Akses list products','2016-01-04','11:06:20'),(458,'viby','192.168.254.250','[REST] Akses list products','2016-01-04','11:06:56'),(459,'viby','192.168.254.250','[REST] Akses list products','2016-01-04','11:07:04'),(460,'viby','192.168.254.250','[REST] Akses list products','2016-01-04','11:07:36'),(461,'viby','192.168.254.250','[REST] Akses list products','2016-01-04','11:08:21'),(462,'viby','192.168.254.250','[REST] Akses list products','2016-01-04','11:09:17'),(463,'viby','192.168.254.250','[REST] Akses list products','2016-01-04','11:09:43'),(464,'admin','192.168.254.250','[REST] Akses list products','2016-01-04','11:46:50'),(465,'admin','192.168.254.250','[REST] Akses list products','2016-01-04','11:47:08'),(466,'admin','192.168.254.250','[REST] Akses list products','2016-01-04','11:50:00'),(467,'admin','192.168.254.250','[REST] Akses list products','2016-01-04','11:50:37'),(468,'admin','192.168.254.250','[REST] Akses list products','2016-01-04','11:50:59'),(469,'admin','192.168.254.250','[REST] Akses list products','2016-01-04','11:51:33'),(470,'admin','192.168.254.250','[REST] Akses list products','2016-01-04','11:52:04'),(471,'admin','192.168.254.250','[REST] Akses list products','2016-01-04','11:52:37'),(472,'admin','192.168.254.250','[REST] Akses list products','2016-01-04','11:53:02'),(473,'admin','192.168.254.250','[REST] Akses list products','2016-01-04','11:54:17'),(474,'admin','192.168.254.250','[REST] Akses list products','2016-01-04','11:54:40'),(475,'admin','192.168.254.250','[REST] Akses list products','2016-01-04','11:54:59'),(476,'admin','192.168.254.250','[REST] Akses list products','2016-01-04','11:56:06'),(477,'admin','192.168.254.250','[REST] Akses list products','2016-01-04','12:52:16'),(478,'admin','192.168.254.250','[REST] Akses list products','2016-01-04','12:52:45'),(479,'admin','192.168.254.250','[REST] Akses list products','2016-01-04','12:59:14'),(480,'admin','192.168.254.250','[REST] Akses list products','2016-01-04','13:00:49'),(481,'admin','192.168.254.250','[REST] Akses list products','2016-01-04','13:01:39'),(482,'admin','192.168.254.250','[REST] Akses list products','2016-01-04','13:01:57'),(483,'admin','192.168.254.250','[REST] Akses list products','2016-01-04','13:02:09'),(484,'admin','192.168.254.250','[REST] Akses list products','2016-01-04','13:02:21'),(485,'admin','192.168.254.250','[REST] Akses list products','2016-01-04','13:02:33'),(486,'admin','192.168.254.250','[REST] Akses list products','2016-01-04','13:02:50'),(487,'admin','192.168.254.250','[REST] Akses list products','2016-01-04','13:03:07'),(488,'admin','192.168.254.250','[REST] Akses list products','2016-01-04','13:03:18'),(489,'admin','192.168.254.250','[REST] Akses list products','2016-01-04','13:04:25'),(490,'admin','192.168.254.250','[REST] Akses list products','2016-01-04','13:04:41'),(491,'admin','192.168.254.250','[REST] Akses list products','2016-01-04','13:08:28'),(492,'admin','192.168.254.250','[REST] Akses list products','2016-01-04','13:08:39'),(493,'admin','192.168.254.250','[REST] Akses list products','2016-01-04','13:15:49'),(494,'admin','192.168.254.250','[REST] Akses list products','2016-01-04','13:16:24'),(495,'admin','192.168.254.250','[REST] Akses list products','2016-01-04','13:16:50'),(496,'admin','192.168.254.250','[REST] Akses list products','2016-01-04','13:18:02'),(497,'admin','192.168.254.250','[REST] Akses list products','2016-01-04','13:18:30'),(498,'admin','192.168.254.250','[REST] Akses list products','2016-01-04','13:19:43'),(499,'admin','192.168.254.250','[REST] Akses list products','2016-01-04','13:21:35'),(500,'admin','192.168.254.250','[REST] Akses list products','2016-01-04','13:23:04'),(501,'admin','192.168.254.250','[REST] Akses list products','2016-01-04','13:23:37'),(502,'admin','192.168.254.250','[REST] Akses list products','2016-01-04','13:24:40'),(503,'admin','192.168.254.250','[REST] Akses list products','2016-01-04','13:25:50'),(504,'admin','192.168.254.250','[REST] Akses list products','2016-01-04','13:28:57'),(505,'admin','192.168.254.250','[REST] Akses list products','2016-01-04','13:30:17'),(506,'admin','192.168.254.250','[REST] Akses list products','2016-01-04','13:30:20'),(507,'admin','192.168.254.250','[REST] Akses list products','2016-01-04','13:30:34'),(508,'admin','192.168.254.250','[REST] Akses list products','2016-01-04','13:30:51'),(509,'admin','192.168.254.250','[REST] Akses list products','2016-01-04','13:30:51'),(510,'admin','192.168.254.250','[REST] Akses list products','2016-01-04','13:30:59'),(511,'admin','192.168.254.250','[REST] Akses list products','2016-01-04','13:37:16'),(512,'admin','192.168.254.250','[REST] Akses list products','2016-01-04','13:37:33'),(513,'admin','192.168.254.250','[REST] Akses list products','2016-01-04','13:37:57'),(514,'admin','192.168.254.250','[REST] Akses list products','2016-01-04','13:39:36'),(515,'admin','192.168.254.250','[REST] Akses list products','2016-01-04','13:40:08'),(516,'admin','192.168.254.250','[REST] Akses list products','2016-01-04','13:40:32'),(517,'viby','192.168.254.250','Proses Login Sukses','2016-01-04','14:04:50'),(518,'viby','192.168.254.250','Proses Login Sukses','2016-01-04','14:19:17'),(519,'viby','192.168.254.250','Proses Login Sukses','2016-01-04','14:30:27'),(520,'viby','192.168.254.250','Proses Login Sukses','2016-01-04','14:39:37'),(521,'viby','192.168.254.250','[REST] Akses list products','2016-01-04','14:58:50'),(522,'viby','192.168.254.250','Proses Login Sukses','2016-01-04','15:20:22'),(523,'admin','192.168.254.250','Proses Login Sukses','2016-01-05','08:44:58'),(524,'dyah','192.168.254.250','Proses Login Gagal','2016-01-05','08:46:34'),(525,'dyah','192.168.254.250','Proses Login Gagal','2016-01-05','08:46:38'),(526,'viby','192.168.254.250','Proses Login Sukses','2016-01-05','08:46:55'),(527,'gamatechno','192.168.254.250','Proses Login Gagal','2016-01-05','08:59:28'),(528,'gamatechno','192.168.254.250','Proses Login Gagal','2016-01-05','08:59:38'),(529,'gamatechno','192.168.254.250','Proses Login Gagal','2016-01-05','08:59:44'),(530,'gamatechno','192.168.254.250','Proses Login Gagal','2016-01-05','08:59:53'),(531,'gamatechno','192.168.254.250','Proses Login Gagal','2016-01-05','09:00:05'),(532,'gamatechno','192.168.254.250','Proses Login Gagal','2016-01-05','09:00:11'),(533,'gamatechno','192.168.254.250','Proses Login Gagal','2016-01-05','09:01:17'),(534,'admin','192.168.254.250','Proses Login Sukses','2016-01-05','09:01:21'),(535,'gamatechno','192.168.254.250','Proses Login Gagal','2016-01-05','09:01:24'),(536,'gamatechno','192.168.254.250','Proses Login Gagal','2016-01-05','09:03:12'),(537,'gamatechno','192.168.254.250','Proses Login Gagal','2016-01-05','09:03:17'),(538,'gamatechno','192.168.254.250','Proses Login Gagal','2016-01-05','09:03:34'),(539,'gamatechno','192.168.254.250','Proses Login Gagal','2016-01-05','09:03:44'),(540,'pengguna','192.168.254.250','Proses Login Sukses','2016-01-05','09:05:02'),(541,'pengguna2','192.168.254.250','Proses Login Sukses','2016-01-05','09:05:45'),(542,'rizki.candra','192.168.254.250','Proses Login Sukses','2016-01-05','09:06:50'),(543,'rizki.candra','192.168.254.250','Proses Login Sukses','2016-01-05','09:07:34'),(544,'rizki.candra','192.168.254.250','[REST] Akses list products','2016-01-05','09:14:14'),(545,'rizki.candra','192.168.254.250','[REST] Akses list products','2016-01-05','09:14:39'),(546,'rizki.candra','192.168.254.250','[REST] Akses list products','2016-01-05','09:15:10'),(547,'rizki.candra','192.168.254.250','[REST] Akses list products','2016-01-05','09:16:30'),(548,'admin','192.168.254.250','Proses Login Sukses','2016-01-05','09:21:00'),(549,'admin','192.168.254.250','Proses Login Sukses','2016-01-05','09:22:47'),(550,'admin','192.168.254.250','Proses Login Sukses','2016-01-05','10:10:43'),(551,'admin','192.168.254.250','Proses Login Sukses','2016-01-05','10:21:53'),(552,'admin','192.168.254.250','Proses Login Sukses','2016-01-05','10:38:32'),(553,'admin','192.168.254.250','Proses Login Sukses','2016-01-05','10:47:52'),(554,'admin','192.168.254.250','Proses Login Sukses','2016-01-05','13:58:16'),(555,'rizki.candra','192.168.254.250','Proses Login Sukses','2016-01-05','14:00:57'),(556,'admin','192.168.254.250','[REST] Akses list products','2016-01-05','14:03:10'),(557,'admin','192.168.254.250','Proses Login Sukses','2016-01-05','14:03:20'),(558,'utari','192.168.254.250','Proses Login Sukses','2016-01-05','14:23:41'),(559,'viby','192.168.254.250','Proses Login Sukses','2016-01-05','14:27:15'),(560,'admin','192.168.254.250','[REST] Akses list products','2016-01-05','14:28:13'),(561,'admin','192.168.254.250','Proses Login Sukses','2016-01-05','14:29:58'),(562,'ajengmas','192.168.254.250','Proses Login Gagal','2016-01-05','15:53:00'),(563,'ajengmas@gamatechno.com','192.168.254.250','Proses Login Gagal','2016-01-05','15:53:16'),(564,'ajengmas','192.168.254.250','Proses Login Gagal','2016-01-05','15:53:46'),(565,'ajengmas','192.168.254.250','Proses Login Gagal','2016-01-05','15:53:50'),(566,'ajengmas','192.168.254.250','Proses Login Sukses','2016-01-05','15:53:52'),(567,'ajengmas','192.168.254.250','Proses Login Sukses','2016-01-05','15:54:05'),(568,'viby','192.168.254.250','Proses Login Sukses','2016-01-05','15:54:15'),(569,'ajengmas','192.168.254.250','Proses Login Sukses','2016-01-05','16:06:37'),(570,'admin','192.168.254.250','Proses Login Sukses','2016-01-06','08:44:52'),(571,'admin','192.168.254.250','Proses Login Sukses','2016-01-06','12:39:47'),(572,'monica','192.168.254.250','Proses Login Gagal','2016-01-06','12:44:58'),(573,'Monica','192.168.254.250','Proses Login Gagal','2016-01-06','12:45:04'),(574,'admin','192.168.254.250','Proses Login Sukses','2016-01-06','12:45:30'),(575,'monica','192.168.254.250','Proses Login Sukses','2016-01-06','12:46:15'),(576,'monica','192.168.254.250','[REST] Akses list products','2016-01-06','12:59:35'),(577,'admin','192.168.254.250','Proses Login Gagal','2016-01-06','13:36:34'),(578,'admin','192.168.254.250','Proses Login Sukses','2016-01-06','13:36:51'),(579,'monica','192.168.254.250','Proses Login Sukses','2016-01-06','13:49:50'),(580,'monica','192.168.254.250','Proses Login Sukses','2016-01-07','09:49:24'),(581,'admin','192.168.254.250','Proses Login Sukses','2016-01-07','10:49:14'),(582,'admin','192.168.254.250','Proses Login Sukses','2016-01-07','13:32:26'),(583,'admin','192.168.254.250','Proses Login Sukses','2016-01-07','13:36:44'),(584,'viby','192.168.254.250','Proses Login Sukses','2016-01-07','13:39:52'),(585,'admin','192.168.254.250','Proses Login Gagal','2016-01-07','13:59:11'),(586,'admin','192.168.254.250','Proses Login Sukses','2016-01-07','13:59:22'),(587,'admin','192.168.254.250','Proses Login Sukses','2016-01-07','14:47:07'),(588,'admin','192.168.254.250','Proses Login Sukses','2016-01-07','14:58:14'),(589,'admin','192.168.254.250','Proses Login Sukses','2016-01-08','09:22:37'),(590,'admin','192.168.254.250','Proses Login Sukses','2016-01-11','08:36:45'),(591,'admin','192.168.254.250','[REST] Akses list products','2016-01-11','08:36:56'),(592,'admin','192.168.254.250','Proses Login Sukses','2016-01-11','16:18:20'),(593,'admin','192.168.254.250','Proses Login Sukses','2016-01-12','14:34:05'),(594,'adminacs','192.168.254.250','Proses Login Gagal','2016-01-13','08:36:18'),(595,'admin','192.168.254.250','Proses Login Sukses','2016-01-13','08:36:23'),(596,'admin','192.168.254.250','Proses Login Sukses','2016-01-13','08:55:50'),(597,'admin','192.168.254.243','Proses Login Gagal','2016-01-13','08:58:17'),(598,'admin','192.168.254.243','Proses Login Sukses','2016-01-13','08:58:21'),(599,'admin','192.168.254.243','Proses Login Gagal','2016-01-15','09:56:58'),(600,'admin','192.168.254.243','Proses Login Sukses','2016-01-15','09:57:03'),(601,'opera','192.168.254.243','Proses Login Sukses','2016-01-15','09:58:38'),(602,'admin','192.168.254.243','Proses Login Sukses','2016-01-15','10:34:39'),(603,'admin','192.168.254.250','Proses Login Sukses','2016-01-15','10:38:57'),(604,'admin','192.168.254.250','Proses Login Sukses','2016-01-15','16:16:42'),(605,'rosa','192.168.254.250','Proses Login Sukses','2016-01-15','16:22:18'),(606,'admin','192.168.254.250','Proses Login Sukses','2016-01-15','16:24:08'),(607,'admin','192.168.254.250','Proses Login Sukses','2016-01-15','16:34:24'),(608,'admin','192.168.254.250','Proses Login Sukses','2016-01-18','11:15:22'),(609,'admin','192.168.254.250','Proses Login Sukses','2016-01-20','15:36:07'),(610,'admin','192.168.254.250','[REST] Akses list products','2016-01-20','16:13:09'),(611,'admin','192.168.254.250','Proses Login Sukses','2016-01-22','08:53:10'),(612,'admin','192.168.254.243','Proses Login Sukses','2016-01-22','11:33:28'),(613,'admin','192.168.254.250','Proses Login Sukses','2016-01-22','13:53:12'),(614,'admin','192.168.254.250','Proses Login Sukses','2016-01-22','14:38:34'),(615,'rosa','192.168.254.250','Proses Login Sukses','2016-01-22','14:40:32'),(616,'admin','192.168.254.250','Proses Login Sukses','2016-01-22','14:40:49'),(617,'rosa','192.168.254.250','Proses Login Sukses','2016-01-22','14:41:42'),(618,'rosa','192.168.254.250','Proses Login Gagal','2016-01-22','14:42:51'),(619,'rosa','192.168.254.250','Proses Login Sukses','2016-01-22','14:42:58'),(620,'admin','192.168.254.250','Proses Login Sukses','2016-01-22','14:44:37'),(621,'rosa','192.168.254.250','Proses Login Sukses','2016-01-22','14:47:35'),(622,'admin','192.168.254.250','Proses Login Sukses','2016-01-22','14:49:38'),(623,'rosa','192.168.254.250','Proses Login Sukses','2016-01-22','14:51:32'),(624,'admin','192.168.254.250','Proses Login Sukses','2016-01-22','15:08:01'),(625,'r','192.168.254.250','Proses Login Gagal','2016-01-22','15:36:56'),(626,'rosa','192.168.254.250','Proses Login Sukses','2016-01-22','15:36:59'),(627,'rosa','192.168.254.250','Proses Login Sukses','2016-01-22','15:42:30'),(628,'admin','192.168.254.243','Proses Login Sukses','2016-01-22','16:33:49'),(629,'admin','192.168.254.250','Proses Login Sukses','2016-01-25','15:55:50'),(630,'admin','192.168.254.250','Proses Login Gagal','2016-01-28','10:12:32'),(631,'admin','192.168.254.250','Proses Login Sukses','2016-01-28','10:12:37'),(632,'utari','192.168.254.250','Proses Login Sukses','2016-01-28','11:23:27'),(633,'utari','192.168.254.250','[REST] Akses list products','2016-01-28','14:19:15'),(634,'utari','192.168.254.250','[REST] Akses list products','2016-01-28','14:19:37'),(635,'admin','192.168.254.250','Proses Login Sukses','2016-01-28','14:22:07'),(636,'utari','192.168.254.250','Proses Login Sukses','2016-01-28','14:28:48'),(637,'admin','192.168.254.243','Proses Login Sukses','2016-01-28','14:43:32'),(638,'admin','192.168.254.250','Proses Login Sukses','2016-02-01','10:27:12'),(639,'utari','192.168.254.250','Proses Login Sukses','2016-02-01','10:46:45'),(640,'admin','192.168.254.250','Proses Login Sukses','2016-02-01','11:28:58'),(641,'admin','192.168.254.250','Proses Login Sukses','2016-02-02','11:06:44'),(642,'admin','192.168.254.243','Proses Login Sukses','2016-02-02','11:15:19'),(643,'admin','192.168.254.250','Proses Login Gagal','2016-02-02','11:23:23'),(644,'admin','192.168.254.250','Proses Login Sukses','2016-02-02','11:23:37'),(645,'admin','192.168.254.250','Proses Login Sukses','2016-02-02','11:23:44'),(646,'admin','192.168.254.250','Proses Login Sukses','2016-02-02','11:25:00'),(647,'admin','192.168.254.243','Proses Login Sukses','2016-02-02','11:33:34'),(648,'lan2.yuni','192.168.254.250','Proses Login Sukses','2016-02-02','12:01:39'),(649,'admin','192.168.254.250','[REST] Akses list products','2016-02-02','13:50:44'),(650,'admin','192.168.254.250','[REST] Akses list products','2016-02-02','13:53:31'),(651,'lan2.yuni','192.168.254.250','Proses Login Sukses','2016-02-02','15:49:55'),(652,'viby','192.168.254.250','Proses Login Sukses','2016-02-02','16:43:04'),(653,'ajengmas','192.168.254.250','Proses Login Gagal','2016-02-02','16:44:25'),(654,'ajengmas','192.168.254.250','Proses Login Sukses','2016-02-02','16:44:30'),(655,'adminacs','192.168.254.250','Proses Login Gagal','2016-02-02','16:45:45'),(656,'admin','192.168.254.250','Proses Login Sukses','2016-02-02','16:45:49'),(657,'utari','192.168.254.250','Proses Login Sukses','2016-02-03','09:02:39'),(658,'admin','192.168.254.250','Proses Login Sukses','2016-02-03','09:43:18'),(659,'hotel','192.168.254.250','Proses Login Sukses','2016-02-03','11:01:37'),(660,'hotel','192.168.254.250','Proses Login Gagal','2016-02-03','11:12:05'),(661,'rizki.candra','192.168.254.250','Proses Login Gagal','2016-02-03','11:12:12'),(662,'rizki.candra','192.168.254.250','Proses Login Sukses','2016-02-03','11:13:10'),(663,'admin','192.168.254.250','Proses Login Sukses','2016-02-03','11:15:35'),(664,'lan2.yuni','192.168.254.250','Proses Login Sukses','2016-02-03','11:15:50'),(665,'kontak','192.168.254.250','Proses Login Sukses','2016-02-03','11:24:22'),(666,'admin','192.168.254.250','Proses Login Sukses','2016-02-03','11:24:41'),(667,'rizki.candra','192.168.254.250','Proses Login Sukses','2016-02-03','11:31:08'),(668,'admin','192.168.254.250','Proses Login Sukses','2016-02-03','13:19:08'),(669,'ajengmas','192.168.254.250','Proses Login Sukses','2016-02-03','13:31:04'),(670,'admin','192.168.254.243','Proses Login Sukses','2016-02-03','13:47:22'),(671,'kontak','192.168.254.243','Proses Login Gagal','2016-02-03','13:48:49'),(672,'kontak','192.168.254.243','Proses Login Sukses','2016-02-03','13:49:03'),(673,'ajengmas','192.168.254.250','[REST] Akses list products','2016-02-03','13:52:34'),(674,'lan2.yuni','192.168.254.250','Proses Login Gagal','2016-02-03','16:14:36'),(675,'lan2.yuni','192.168.254.250','Proses Login Gagal','2016-02-03','16:14:49'),(676,'lan2.yuni','192.168.254.250','Proses Login Gagal','2016-02-03','16:15:28'),(677,'lan2.yuni','192.168.254.250','Proses Login Gagal','2016-02-03','16:15:53'),(678,'lan2.yuni','192.168.254.250','Proses Login Sukses','2016-02-03','16:16:17'),(679,'ajengmas','192.168.254.250','Proses Login Sukses','2016-02-04','09:06:30'),(680,'kontak','192.168.254.250','Proses Login Sukses','2016-02-04','09:13:21'),(681,'admin','192.168.254.250','Proses Login Sukses','2016-02-04','09:19:39'),(682,'admin','192.168.254.243','Proses Login Sukses','2016-02-04','09:49:40'),(683,'admin','192.168.254.250','Proses Login Sukses','2016-02-04','13:53:35'),(684,'kontak1','192.168.254.250','Proses Login Sukses','2016-02-04','13:54:58'),(685,'admin','192.168.254.250','Proses Login Sukses','2016-02-04','13:55:22'),(686,'admin','192.168.254.243','Proses Login Sukses','2016-02-04','14:17:08'),(687,'kontak1','192.168.254.250','Proses Login Gagal','2016-02-04','14:22:59'),(688,'kontak1','192.168.254.250','Proses Login Gagal','2016-02-04','14:23:24'),(689,'kontak1','192.168.254.250','Proses Login Gagal','2016-02-04','14:26:23'),(690,'kontak1','192.168.254.250','Proses Login Sukses','2016-02-04','14:26:55'),(691,'kontak1','192.168.254.250','Proses Login Sukses','2016-02-04','14:28:35'),(692,'admin','192.168.254.250','Proses Login Sukses','2016-02-04','14:37:38'),(693,'hotel','192.168.254.250','Proses Login Gagal','2016-02-04','16:56:26'),(694,'hotel1','192.168.254.250','Proses Login Gagal','2016-02-04','16:57:24'),(695,'hotel','192.168.254.250','Proses Login Sukses','2016-02-04','16:58:09'),(696,'admin','192.168.254.250','Proses Login Sukses','2016-02-04','17:30:07'),(697,'hotel','192.168.254.250','Proses Login Sukses','2016-02-04','17:48:49'),(698,'hotel','192.168.254.250','Proses Login Sukses','2016-02-04','17:49:37'),(699,'admin','192.168.254.250','Proses Login Sukses','2016-02-04','18:55:39'),(700,'kontak1','192.168.254.250','Proses Login Gagal','2016-02-05','09:09:19'),(701,'kontak1','192.168.254.250','Proses Login Gagal','2016-02-05','09:10:21'),(702,'kontak1','192.168.254.250','Proses Login Sukses','2016-02-05','09:10:59'),(703,'kontak1','192.168.254.250','Proses Login Sukses','2016-02-05','09:31:08'),(704,'rosa','192.168.254.250','Proses Login Gagal','2016-02-05','09:46:11'),(705,'rosa','192.168.254.250','Proses Login Sukses','2016-02-05','09:46:17'),(706,'rosa','192.168.254.250','Proses Login Sukses','2016-02-05','09:47:41'),(707,'anggi','192.168.254.250','Proses Login Sukses','2016-02-05','10:14:53'),(708,'anggi','192.168.254.250','Proses Login Sukses','2016-02-05','10:15:24'),(709,'rosa','192.168.254.250','[REST] Akses list products','2016-02-05','10:19:13'),(710,'rosa','192.168.254.250','[REST] Akses list products','2016-02-05','10:19:17'),(711,'rosa','192.168.254.250','[REST] Akses list products','2016-02-05','10:19:44'),(712,'rosa','192.168.254.250','[REST] Akses list products','2016-02-05','10:19:51'),(713,'rosa','192.168.254.250','[REST] Akses list products','2016-02-05','10:19:51'),(714,'rosa','192.168.254.250','[REST] Akses list products','2016-02-05','10:19:52'),(715,'rosa','192.168.254.250','[REST] Akses list products','2016-02-05','10:20:26'),(716,'rosa','192.168.254.250','[REST] Akses list products','2016-02-05','10:29:52'),(717,'rosa','192.168.254.250','[REST] Akses list products','2016-02-05','10:29:55'),(718,'rosa','192.168.254.250','[REST] Akses list products','2016-02-05','10:29:56'),(719,'rosa','192.168.254.250','[REST] Akses list products','2016-02-05','10:30:10'),(720,'lan2.yuni','192.168.254.250','Proses Login Sukses','2016-02-05','11:07:29'),(721,'rizki.candra','192.168.254.250','Proses Login Sukses','2016-02-05','11:16:05'),(722,'rizki.candra','192.168.254.250','[REST] Akses list products','2016-02-05','11:36:24'),(723,'rizki.candra','192.168.254.250','[REST] Akses list products','2016-02-05','12:47:11'),(724,'admin','192.168.254.250','Proses Login Sukses','2016-02-05','13:46:55'),(725,'ajengmas','192.168.254.250','Proses Login Sukses','2016-02-05','15:44:21'),(726,'anggi','192.168.254.250','Proses Login Sukses','2016-02-05','16:17:30'),(727,'admin','192.168.254.232','Proses Login Sukses','2016-02-05','16:56:14'),(728,'lan2.yuni','192.168.254.250','Proses Login Sukses','2016-02-09','09:42:33'),(729,'lan2.yuni','192.168.254.250','[REST] Akses list products','2016-02-09','09:44:54'),(730,'admin','192.168.254.250','Proses Login Sukses','2016-02-09','14:51:35'),(731,'admin','192.168.254.250','Proses Login Sukses','2016-02-09','14:51:35'),(732,'admin','192.168.254.232','Proses Login Sukses','2016-02-09','15:13:15'),(733,'anggi','192.168.254.250','Proses Login Sukses','2016-02-11','11:08:22'),(734,'admin','192.168.254.250','Proses Login Sukses','2016-02-12','08:53:25'),(735,'admin','192.168.254.250','Proses Login Sukses','2016-02-12','09:56:59'),(736,'lan2.yuni','192.168.254.250','Proses Login Sukses','2016-02-12','10:59:31'),(737,'admin','192.168.254.250','Proses Login Gagal','2016-02-12','11:15:03'),(738,'triana','192.168.254.250','Proses Login Gagal','2016-02-12','11:18:11'),(739,'triana','192.168.254.250','Proses Login Gagal','2016-02-12','11:18:54'),(740,'triana ari wardhani','192.168.254.250','Proses Login Gagal','2016-02-12','11:19:16'),(741,'triana ari wardhani','192.168.254.250','Proses Login Gagal','2016-02-12','11:19:26'),(742,'dhani','192.168.254.250','Proses Login Gagal','2016-02-12','11:19:31'),(743,'anggi','192.168.254.250','Proses Login Sukses','2016-02-12','15:04:09'),(744,'anggi','192.168.254.250','[REST] Akses list products','2016-02-12','15:06:22'),(745,'anggi','192.168.254.250','Proses Login Sukses','2016-02-12','15:06:34'),(746,'anggi','192.168.254.250','[REST] Akses list products','2016-02-12','15:07:31'),(747,'anggi','192.168.254.250','[REST] Akses list products','2016-02-12','15:08:56'),(748,'admin','192.168.254.250','Proses Login Sukses','2016-02-12','15:44:53'),(749,'admin','192.168.254.250','Proses Login Sukses','2016-02-12','16:18:51'),(750,'admin','192.168.254.250','Proses Login Sukses','2016-02-15','09:42:45'),(751,'admin','192.168.254.250','Proses Login Sukses','2016-02-16','10:30:56'),(752,'admin','192.168.254.250','[REST] Akses list products','2016-02-16','10:32:59'),(753,'imam','192.168.254.250','Proses Login Gagal','2016-02-16','10:37:31'),(754,'imam','192.168.254.250','Proses Login Gagal','2016-02-16','10:37:49'),(755,'admin','192.168.254.250','Proses Login Gagal','2016-02-16','10:38:18'),(756,'rizki.candra','192.168.254.250','Proses Login Sukses','2016-02-18','09:33:03'),(757,'anggi','192.168.254.250','Proses Login Sukses','2016-02-22','10:25:26'),(758,'anggi','192.168.254.250','[REST] Akses list products','2016-02-22','10:26:09'),(759,'triana','192.168.254.250','Proses Login Gagal','2016-02-22','14:10:55'),(760,'dhani','192.168.254.250','Proses Login Gagal','2016-02-22','14:11:00'),(761,'triana','192.168.254.250','Proses Login Gagal','2016-02-22','14:13:59'),(762,'triana','192.168.254.250','Proses Login Gagal','2016-02-22','14:14:06'),(763,'anggi','192.168.254.250','Proses Login Sukses','2016-02-22','14:14:22'),(764,'triana','192.168.254.250','Proses Login Gagal','2016-02-22','14:14:34'),(765,'admin','192.168.254.250','Proses Login Sukses','2016-02-22','14:15:53'),(766,'admin','192.168.254.250','Proses Login Sukses','2016-02-22','14:17:39'),(767,'triana','192.168.254.250','Proses Login Gagal','2016-02-22','14:19:18'),(768,'Triana Ari Wardhani','192.168.254.250','Proses Login Gagal','2016-02-22','14:19:32'),(769,'admin','192.168.254.250','Proses Login Sukses','2016-02-22','14:19:43'),(770,'Triana','192.168.254.250','Proses Login Gagal','2016-02-22','14:20:17'),(771,'Triana','192.168.254.250','Proses Login Gagal','2016-02-22','14:20:29'),(772,'admin','192.168.254.250','Proses Login Sukses','2016-02-22','14:20:36'),(773,'Triana','192.168.254.250','Proses Login Sukses','2016-02-22','14:22:02'),(774,'Triana','192.168.254.250','Proses Login Sukses','2016-02-22','14:22:35'),(775,'ajengmas','192.168.254.250','Proses Login Sukses','2016-02-22','14:25:15'),(776,'admin','192.168.254.250','Proses Login Sukses','2016-02-23','17:14:57'),(777,'triana','192.168.254.250','Proses Login Gagal','2016-02-24','09:00:51'),(778,'triana','192.168.254.250','Proses Login Sukses','2016-02-24','09:02:05'),(779,'admin','192.168.254.250','Proses Login Sukses','2016-02-24','15:38:56'),(780,'lan2yuni','192.168.254.250','Proses Login Gagal','2016-02-25','14:12:45'),(781,'lanyuni','192.168.254.250','Proses Login Gagal','2016-02-25','14:13:29'),(782,'lan2.yuni','192.168.254.250','Proses Login Sukses','2016-02-25','14:13:58'),(783,'admin','192.168.254.250','Proses Login Sukses','2016-02-25','16:31:04'),(784,'anggi','192.168.254.250','Proses Login Sukses','2016-02-25','16:39:25'),(785,'admin','192.168.254.250','Proses Login Sukses','2016-02-26','09:02:02'),(786,'admin','192.168.254.250','Proses Login Gagal','2016-02-26','17:02:11'),(787,'admin','192.168.254.250','Proses Login Sukses','2016-02-26','17:02:15'),(788,'admin','192.168.254.250','Proses Login Sukses','2016-02-27','14:40:33'),(789,'admin','192.168.254.250','Proses Login Sukses','2016-02-29','09:39:26'),(790,'anggi','192.168.254.250','Proses Login Sukses','2016-02-29','09:40:05'),(791,'admin','192.168.254.250','Proses Login Sukses','2016-03-03','09:22:39'),(792,'utari','192.168.254.250','Proses Login Sukses','2016-03-03','10:25:30'),(793,'lan2.yuni','192.168.254.250','Proses Login Sukses','2016-03-03','10:41:59'),(794,'utari','192.168.254.250','[REST] Akses list products','2016-03-03','11:10:47'),(795,'admin','192.168.254.250','Proses Login Gagal','2016-03-03','11:33:40'),(796,'admin','192.168.254.250','Proses Login Gagal','2016-03-03','15:17:28'),(797,'viby','192.168.254.250','Proses Login Gagal','2016-03-03','15:50:33'),(798,'utari','192.168.254.250','Proses Login Sukses','2016-03-04','09:15:09'),(799,'utari','192.168.254.250','[REST] Akses list products','2016-03-04','09:19:55'),(800,'utari','192.168.254.250','[REST] Akses list products','2016-03-04','09:20:31'),(801,'admin','192.168.254.250','Proses Login Sukses','2016-03-04','09:22:23'),(802,'admin','192.168.254.250','[REST] Akses list products','2016-03-04','09:22:30'),(803,'admin','192.168.254.250','[REST] Akses list products','2016-03-04','09:25:32'),(804,'admin','192.168.254.250','[REST] Akses list products','2016-03-04','09:32:13'),(805,'admin','192.168.254.250','[REST] Akses list products','2016-03-04','09:32:22'),(806,'admin','192.168.254.250','[REST] Akses list products','2016-03-04','09:35:39'),(807,'admin','192.168.254.250','Proses Login Sukses','2016-03-04','09:35:54'),(808,'admin','192.168.254.250','[REST] Akses list products','2016-03-04','09:36:27'),(809,'admin','192.168.254.250','[REST] Akses list products','2016-03-04','09:37:58'),(810,'admin','192.168.254.250','[REST] Akses list products','2016-03-04','09:43:03'),(811,'admin','192.168.254.250','[REST] Akses list products','2016-03-04','09:43:14'),(812,'admin','192.168.254.250','[REST] Akses list products','2016-03-04','09:43:35'),(813,'admin','192.168.254.250','Proses Login Sukses','2016-03-04','14:08:07'),(814,'admin','192.168.254.250','Proses Login Sukses','2016-03-07','09:35:55'),(815,'admin','192.168.254.250','Proses Login Sukses','2016-03-07','10:43:04'),(816,'admin','192.168.254.250','[REST] Akses list products','2016-03-07','10:45:30'),(817,'admin','192.168.254.250','[REST] Akses list products','2016-03-07','11:17:18'),(818,'admin','192.168.254.250','[REST] Akses list products','2016-03-07','11:24:06'),(819,'admin','192.168.254.250','Proses Login Sukses','2016-03-07','11:27:50'),(820,'admin','192.168.254.250','[REST] Akses list products','2016-03-07','11:28:27'),(821,'admin','192.168.254.250','Proses Login Gagal','2016-03-08','09:45:49'),(822,'utari','192.168.254.250','Proses Login Sukses','2016-03-08','10:05:13'),(823,'viera','192.168.254.250','Proses Login Gagal','2016-03-08','10:08:21'),(824,'admin','192.168.254.250','Proses Login Sukses','2016-03-08','13:47:16'),(825,'admin','192.168.254.250','Proses Login Sukses','2016-03-08','14:27:52'),(826,'admin','192.168.254.250','Proses Login Gagal','2016-03-08','15:35:25'),(827,'admin','192.168.254.250','Proses Login Sukses','2016-03-10','09:28:58'),(828,'nobody','192.168.254.250','Proses Login Gagal','2016-03-11','14:01:58'),(829,'admin','192.168.254.250','Proses Login Gagal','2016-03-11','14:02:58'),(830,'admin','192.168.254.250','Proses Login Gagal','2016-03-11','14:03:08'),(831,'admin','192.168.254.250','Proses Login Gagal','2016-03-11','14:03:11'),(832,'admin','192.168.254.250','Proses Login Sukses','2016-03-11','14:30:53'),(833,'triana','192.168.254.250','Proses Login Gagal','2016-03-14','08:29:59'),(834,'triana','192.168.254.250','Proses Login Gagal','2016-03-14','08:30:06'),(835,'admin','192.168.254.250','Proses Login Sukses','2016-03-14','08:31:14'),(836,'Triana','192.168.254.250','Proses Login Sukses','2016-03-14','08:31:20'),(837,'inputuser','192.168.254.250','Proses Login Sukses','2016-03-14','08:37:08'),(838,'inputuser','192.168.254.250','Proses Login Sukses','2016-03-14','08:57:36'),(839,'inputuser','192.168.254.250','Proses Login Sukses','2016-03-14','09:10:06'),(840,'inputuser','192.168.254.250','Proses Login Sukses','2016-03-14','09:33:20'),(841,'admin','192.168.254.250','Proses Login Sukses','2016-03-14','10:43:03'),(842,'admin','192.168.254.250','Proses Login Sukses','2016-03-14','13:34:09'),(843,'manako','192.168.254.250','Proses Login Gagal','2016-03-14','14:00:36'),(844,'diannita','192.168.254.250','Proses Login Sukses','2016-03-14','14:02:53'),(845,'admin','192.168.254.250','Proses Login Sukses','2016-03-14','17:04:36'),(846,'admin','192.168.254.250','Proses Login Sukses','2016-03-14','17:06:53'),(847,'admin','192.168.254.250','Proses Login Sukses','2016-03-14','17:42:28'),(848,'suhendra','192.168.254.250','Proses Login Sukses','2016-03-14','17:49:03'),(849,'admin','192.168.254.250','Proses Login Sukses','2016-03-15','08:57:39'),(850,'admin','192.168.254.250','Proses Login Sukses','2016-03-15','09:41:22'),(851,'Triana','192.168.254.250','Proses Login Sukses','2016-03-15','09:58:30'),(852,'admin','192.168.254.250','Proses Login Sukses','2016-03-15','13:15:04'),(853,'admin','192.168.254.250','Proses Login Sukses','2016-03-16','10:21:55'),(854,'admin','192.168.254.250','Proses Login Sukses','2016-03-16','13:44:11'),(855,'admin','192.168.254.250','Proses Login Sukses','2016-03-17','08:42:26'),(856,'rizki.candra','192.168.254.250','Proses Login Sukses','2016-03-17','09:18:36'),(857,'rizki.candra','192.168.254.250','[REST] Akses list products','2016-03-17','09:20:14'),(858,'rizki.candra','192.168.254.250','[REST] Akses list products','2016-03-17','09:22:01'),(859,'admin','192.168.254.250','Proses Login Sukses','2016-03-17','17:21:59'),(860,'nanang','192.168.254.250','Proses Login Gagal','2016-03-17','17:44:40'),(861,'nanang','192.168.254.250','Proses Login Gagal','2016-03-17','17:44:46'),(862,'admin','192.168.254.250','Proses Login Sukses','2016-03-17','17:44:51'),(863,'nanang','192.168.254.250','Proses Login Sukses','2016-03-17','17:46:58'),(864,'admin','192.168.254.250','Proses Login Sukses','2016-03-19','10:19:30'),(865,'admin','192.168.254.250','Proses Login Gagal','2016-03-21','14:40:27'),(866,'admin','192.168.254.250','Proses Login Sukses','2016-03-21','14:40:32'),(867,'admin','192.168.254.250','Proses Login Sukses','2016-03-21','15:58:06'),(868,'inputclient','192.168.254.250','Proses Login Gagal','2016-03-21','16:56:42'),(869,'inputclient','192.168.254.250','Proses Login Sukses','2016-03-21','16:56:59'),(870,'nobody','192.168.254.250','Proses Login Gagal','2016-03-22','08:24:11'),(871,'inputclient','192.168.254.250','Proses Login Sukses','2016-03-22','08:24:19'),(872,'inputclient','192.168.254.250','Proses Login Sukses','2016-03-22','08:31:57'),(873,'admin','192.168.254.250','Proses Login Sukses','2016-03-22','08:31:59'),(874,'admin','192.168.254.250','Proses Login Gagal','2016-03-22','08:47:39'),(875,'magang','192.168.254.250','Proses Login Gagal','2016-03-22','08:47:48'),(876,'admin','192.168.254.250','Proses Login Gagal','2016-03-22','08:57:43'),(877,'admin','192.168.254.250','Proses Login Sukses','2016-03-22','09:31:37'),(878,'rizki.candra','192.168.254.250','Proses Login Sukses','2016-03-22','09:47:44'),(879,'rizki.candra','192.168.254.250','[REST] Akses list products','2016-03-22','09:51:40'),(880,'admin','192.168.254.250','Proses Login Sukses','2016-03-22','13:29:17'),(881,'triana','192.168.254.250','Proses Login Gagal','2016-03-22','13:32:27'),(882,'Triana','192.168.254.250','Proses Login Gagal','2016-03-22','13:32:35'),(883,'Triana','192.168.254.250','Proses Login Sukses','2016-03-22','13:33:06'),(884,'Triana','192.168.254.250','[REST] Akses list products','2016-03-22','13:33:21'),(885,'alvista.riviera','192.168.254.250','Proses Login Sukses','2016-03-22','13:39:48'),(886,'Triana','192.168.254.250','Proses Login Gagal','2016-03-22','13:40:36'),(887,'Triana','192.168.254.250','Proses Login Gagal','2016-03-22','13:40:42'),(888,'triana','192.168.254.250','Proses Login Gagal','2016-03-22','13:40:48'),(889,'Triana','192.168.254.250','Proses Login Sukses','2016-03-22','13:41:04'),(890,'viera','192.168.254.250','Proses Login Gagal','2016-03-22','14:06:09'),(891,'viera','192.168.254.250','Proses Login Gagal','2016-03-22','14:06:19'),(892,'alvista','192.168.254.250','Proses Login Gagal','2016-03-22','14:06:25'),(893,'alvista.riviera','192.168.254.250','Proses Login Gagal','2016-03-22','14:11:15'),(894,'alvista.riviera','192.168.254.250','Proses Login Sukses','2016-03-22','14:11:21'),(895,'alvista.riviera','192.168.254.250','[REST] Akses list products','2016-03-22','14:11:44'),(896,'admin','192.168.254.250','Proses Login Sukses','2016-03-22','14:20:05'),(897,'inputhotel','192.168.254.250','Proses Login Sukses','2016-03-22','14:21:03'),(898,'admin','192.168.254.250','Proses Login Sukses','2016-03-22','14:21:32'),(899,'inputhotel','192.168.254.250','Proses Login Sukses','2016-03-22','14:22:19'),(900,'admin','192.168.254.250','Proses Login Sukses','2016-03-22','14:22:38'),(901,'inputhotel','192.168.254.250','Proses Login Sukses','2016-03-22','14:23:15'),(902,'inputhotel','192.168.254.250','Proses Login Gagal','2016-03-22','14:32:07'),(903,'inputhotel','192.168.254.250','Proses Login Sukses','2016-03-22','14:32:22'),(904,'inputhotel','192.168.254.250','Proses Login Sukses','2016-03-22','14:34:38'),(905,'admin','192.168.254.250','Proses Login Gagal','2016-03-22','14:37:49'),(906,'admin','192.168.254.250','Proses Login Sukses','2016-03-22','14:37:53'),(907,'inputhotel','192.168.254.250','Proses Login Sukses','2016-03-22','14:41:33');
/*!40000 ALTER TABLE `gtfw_log` ENABLE KEYS */;
UNLOCK TABLES;

--
-- Table structure for table `gtfw_menu`
--

DROP TABLE IF EXISTS `gtfw_menu`;
/*!40101 SET @saved_cs_client     = @@character_set_client */;
/*!40101 SET character_set_client = utf8 */;
CREATE TABLE `gtfw_menu` (
  `MenuId` int(6) NOT NULL AUTO_INCREMENT,
  `MenuParentId` int(6) DEFAULT NULL,
  `MenuName` varchar(255) DEFAULT NULL,
  `MenuDefaultModuleId` bigint(20) unsigned DEFAULT NULL,
  `IsShow` enum('Yes','No') DEFAULT NULL,
  `IconPath` varchar(255) DEFAULT NULL,
  `MenuOrder` int(11) DEFAULT '0' COMMENT 'Urutan menu',
  `ApplicationId` bigint(11) DEFAULT NULL,
  PRIMARY KEY (`MenuId`),
  KEY `DmMenuParentId` (`MenuParentId`),
  KEY `DmMenuDefaultModuleId` (`MenuDefaultModuleId`),
  KEY `ApplicationId` (`ApplicationId`),
  CONSTRAINT `gtfw_menu_ibfk_1` FOREIGN KEY (`MenuDefaultModuleId`) REFERENCES `gtfw_module` (`ModuleId`) ON DELETE SET NULL ON UPDATE CASCADE
) ENGINE=InnoDB AUTO_INCREMENT=280 DEFAULT CHARSET=latin1;
/*!40101 SET character_set_client = @saved_cs_client */;

--
-- Dumping data for table `gtfw_menu`
--

LOCK TABLES `gtfw_menu` WRITE;
/*!40000 ALTER TABLE `gtfw_menu` DISABLE KEYS */;
INSERT INTO `gtfw_menu` VALUES (211,0,'Manajemen GTFW',757,'Yes','fa-gears',9,200),(212,211,'Group',1777,'Yes','fa-group',1,200),(213,211,'User',1790,'Yes','fa-user',2,200),(214,211,'Modul',1132,'Yes','fa-desktop',3,200),(215,211,'Test',1792,'No','',0,200),(216,211,'Menu',1793,'Yes','fa-bars',0,200),(245,0,'Gforge',757,'Yes','fa-link',0,200),(246,0,'Referensi',757,'Yes','fa-bookmark',0,200),(247,0,'Personal',757,'Yes','fa-user-secret',1,200),(248,0,'Client',757,'Yes','fa-building',1,200),(249,0,'Project',757,'Yes','fa-code',1,200),(250,246,'Model Bisnis',1844,'Yes','fa-bookmark',0,200),(251,248,'Daftar Client',1854,'Yes','fa-building',0,200),(252,245,'Daftar Gforge',1863,'Yes','fa-link',0,200),(253,247,'Daftar Personal',1872,'Yes','fa-user-secret',0,200),(254,249,'Daftar Project',1882,'Yes','fa-code',0,200),(255,249,'Daftar Rekap Project',1941,'Yes','fa fa-code',0,200),(256,249,'Daftar Project Aktif',1944,'Yes','fa fa-code',0,200),(257,246,'Kelompok Posisi Kontak',1890,'Yes','fa-bookmark',0,200),(258,246,'Contact Field Tambahan',1897,'Yes','fa-bookmark',0,200),(259,0,'Kontak',757,'Yes','fa-compress',1,200),(260,259,'Daftar Kontak',1905,'Yes','fa-compress',0,200),(261,0,'Hotel',757,'Yes','fa-bed',1,200),(262,261,'Daftar Hotel',1947,'Yes','fa-bed',0,200),(263,0,'Aplikasi',757,'Yes','fa-desktop',1,200),(267,263,'Ref. Login Role',1954,'Yes','fa-desktop',3,200),(268,263,'Daftar Login Aplikasi',1966,'Yes','fa-desktop',4,200),(269,263,'Ref. Req. Aplikasi',1973,'Yes','fa-desktop',5,200),(270,263,'Requirement Aplikasi',1978,'Yes','fa-desktop',6,200),(271,263,'Ref. Jenis Dokumen',1983,'Yes','fa-file',7,200),(272,263,'Daftar Dokumen',1988,'Yes','fa-file',8,200),(273,263,'Daftar Produk',1997,'Yes','fa-desktop',0,200),(274,263,'Daftar Varian',2003,'Yes','fa-desktop',1,200),(275,263,'Daftar Aplikasi',2010,'Yes','fa-desktop',2,200),(277,211,'Group App',2024,'Yes','fa-group',0,200),(278,0,'Menu baru',757,'Yes','',0,200),(279,263,'aplikasitest',NULL,'Yes','',2,200);
/*!40000 ALTER TABLE `gtfw_menu` ENABLE KEYS */;
UNLOCK TABLES;

--
-- Table structure for table `gtfw_module`
--

DROP TABLE IF EXISTS `gtfw_module`;
/*!40101 SET @saved_cs_client     = @@character_set_client */;
/*!40101 SET character_set_client = utf8 */;
CREATE TABLE `gtfw_module` (
  `ModuleId` bigint(20) unsigned NOT NULL AUTO_INCREMENT,
  `ModuleNick` varchar(20) DEFAULT NULL,
  `Module` varchar(100) NOT NULL DEFAULT '',
  `LabelModule` varchar(100) NOT NULL DEFAULT '',
  `SubModule` varchar(100) NOT NULL DEFAULT '',
  `Action` varchar(100) DEFAULT 'view',
  `Type` varchar(100) DEFAULT 'html',
  `Description` text,
  `Access` enum('All','Exclusive') NOT NULL DEFAULT 'Exclusive',
  `Show` enum('Yes','No') DEFAULT 'No',
  `IconPath` varchar(255) DEFAULT NULL,
  `MenuId` int(6) DEFAULT NULL,
  `ApplicationId` bigint(20) DEFAULT NULL,
  `ModulePath` varchar(255) DEFAULT NULL,
  `AksiId` smallint(6) DEFAULT NULL,
  `LabelAksi` varchar(50) DEFAULT NULL,
  `Hint` varchar(100) DEFAULT NULL,
  `NeedSsl` enum('Yes','No') DEFAULT NULL,
  PRIMARY KEY (`ModuleId`),
  UNIQUE KEY `ModuleNick` (`ModuleNick`),
  KEY `FK_gtfw_module_application` (`ApplicationId`),
  KEY `FK_gtfw_module_menu` (`MenuId`),
  KEY `FK_gtfw_module_aksi` (`AksiId`),
  CONSTRAINT `FK_gtfw_module_aksi` FOREIGN KEY (`AksiId`) REFERENCES `gtfw_aksi` (`aksiId`) ON UPDATE CASCADE,
  CONSTRAINT `FK_gtfw_module_application` FOREIGN KEY (`ApplicationId`) REFERENCES `gtfw_application` (`ApplicationId`) ON DELETE SET NULL ON UPDATE CASCADE,
  CONSTRAINT `gtfw_module_ibfk_1` FOREIGN KEY (`MenuId`) REFERENCES `gtfw_menu` (`MenuId`) ON DELETE SET NULL ON UPDATE CASCADE
) ENGINE=InnoDB AUTO_INCREMENT=2033 DEFAULT CHARSET=latin1;
/*!40101 SET character_set_client = @saved_cs_client */;

--
-- Dumping data for table `gtfw_module`
--

LOCK TABLES `gtfw_module` WRITE;
/*!40000 ALTER TABLE `gtfw_module` DISABLE KEYS */;
INSERT INTO `gtfw_module` VALUES (747,'combobox','combobox','[100] ','combobox','view','html',NULL,'All','No',NULL,NULL,200,NULL,NULL,NULL,NULL,NULL),(748,'confirm','confirm','[100] Confirm Component','confirmDelete','do','html',NULL,'All','No',NULL,NULL,200,NULL,NULL,NULL,NULL,NULL),(757,'home','home','[100] view home','home','view','html',NULL,'All','No',NULL,NULL,200,NULL,NULL,NULL,NULL,NULL),(759,'dologin','login_default','[100] do login','login','do','html',NULL,'All','No',NULL,NULL,200,NULL,NULL,NULL,NULL,NULL),(760,'dologout','login_default','[100] do logout','logout','do','html',NULL,'All','No',NULL,NULL,200,NULL,NULL,NULL,NULL,NULL),(761,'logouts','login_default','[100] do logout','logout','do','json',NULL,'All','No',NULL,NULL,200,NULL,NULL,NULL,NULL,NULL),(762,'login','login_default','[100] view login','login','view','html',NULL,'All','No',NULL,NULL,200,NULL,NULL,NULL,NULL,NULL),(763,'menu','menu','[100] view menu','menu','view','html',NULL,'All','No',NULL,NULL,200,NULL,NULL,NULL,NULL,NULL),(765,'paging','paging','[100] paging','paging','view','html','','All','No','',NULL,200,NULL,NULL,NULL,NULL,NULL),(766,'updateprofile','profile','[100] do upadate profile','updateProfile','do','html',NULL,'All','No',NULL,NULL,200,NULL,NULL,NULL,NULL,NULL),(767,'updatepswd','profile','[100] do update password','updatePassword','do','html',NULL,'All','No',NULL,NULL,200,NULL,NULL,NULL,NULL,NULL),(768,'updateprofiles','profile','[100] do update profile','updateProfile','do','json',NULL,'All','No',NULL,NULL,200,NULL,NULL,NULL,NULL,NULL),(769,'updatepswds','profile','[100] do update password','updatePassword','do','json',NULL,'All','No',NULL,NULL,200,NULL,NULL,NULL,NULL,NULL),(770,'profile','profile','[100] view profile','profile','view','html',NULL,'All','No',NULL,NULL,200,NULL,NULL,NULL,NULL,NULL),(771,'inputprofile','profile','[100] view input profile','inputProfile','view','html',NULL,'All','No',NULL,NULL,200,NULL,NULL,NULL,NULL,NULL),(772,'inputpswd','profile','[100] view update profile','updatePassword','view','html',NULL,'All','No',NULL,NULL,200,NULL,NULL,NULL,NULL,NULL),(773,'tanggal','tanggal','[100] ','tanggal','view','html',NULL,'All','No',NULL,NULL,200,NULL,NULL,NULL,NULL,NULL),(900,'none','none','[300] none','none','none','html','1','All','No','',NULL,300,NULL,NULL,NULL,NULL,NULL),(901,'login300','login_default','[300] view login','login','view','html','2','All','No','',NULL,300,NULL,NULL,NULL,NULL,NULL),(902,'dologin300','login_default','[300] do login','login','do','html','3','All','No','',NULL,300,NULL,NULL,NULL,NULL,NULL),(903,'dologout300','login_default','[300] do logout','logout','do','html','4','All','No','',NULL,300,NULL,NULL,NULL,NULL,NULL),(904,'home300','home','[300] view home','home','view','html','5','All','No','',NULL,300,NULL,NULL,NULL,NULL,NULL),(906,'menu300','menu','[300] view menu','menu','view','html','7','All','No','',NULL,300,NULL,NULL,NULL,NULL,NULL),(907,'paging300','paging','[300] paging','paging','view','html','8','All','No','',NULL,300,NULL,NULL,NULL,NULL,NULL),(908,'user300','user','[300] view user','user','view','html','9','Exclusive','No','',NULL,300,NULL,NULL,NULL,NULL,NULL),(909,'inputuser300','user','[300] view input user','inputUser','view','html','10','Exclusive','No','',NULL,300,NULL,NULL,NULL,NULL,NULL),(910,'adduser300','user','[300] add user','addUser','do','html','11','Exclusive','No','',NULL,300,NULL,NULL,NULL,NULL,NULL),(911,'deleteuser300','user','[300] delete user','deleteUser','do','html','12','Exclusive','No','',NULL,300,NULL,NULL,NULL,NULL,NULL),(912,'updateuser300','user','[300] update user','updateUser','do','html','13','Exclusive','No','',NULL,300,NULL,NULL,NULL,NULL,NULL),(913,'group300','group','[300] view group','group','view','html','14','Exclusive','No','',NULL,300,NULL,NULL,NULL,NULL,NULL),(914,'inputgroup300','group','[300] view input group','inputGroup','view','html','15','Exclusive','No','',NULL,300,NULL,NULL,NULL,NULL,NULL),(915,'addgroup300','group','[300] add group','addGroup','do','html','16','Exclusive','No','',NULL,300,NULL,NULL,NULL,NULL,NULL),(916,'deletegroup300','group','[300] delete group','deleteGroup','do','html','17','Exclusive','No','',NULL,300,NULL,NULL,NULL,NULL,NULL),(917,'updategroup300','group','[300] update group','updateGroup','do','html','18','Exclusive','No','',NULL,300,NULL,NULL,NULL,NULL,NULL),(918,'addusers300','user','[300] add user','addUser','do','json','19','Exclusive','No','',NULL,300,NULL,NULL,NULL,NULL,NULL),(919,'updateusers300','user','[300] update user','updateUser','do','json','20','Exclusive','No','',NULL,300,NULL,NULL,NULL,NULL,NULL),(920,'deleteusers300','user','[300] delete user','deleteUser','do','json','21','Exclusive','No','',NULL,300,NULL,NULL,NULL,NULL,NULL),(921,'updategroups300','group','[300] update group','updateGroup','do','json','22','Exclusive','No','',NULL,300,NULL,NULL,NULL,NULL,NULL),(922,'deletegroups300','group','[300] delete group','deleteGroup','do','json','23','Exclusive','No','',NULL,300,NULL,NULL,NULL,NULL,NULL),(923,'addgroups300','group','[300] add group','addGroup','do','json','24','Exclusive','No','',NULL,300,NULL,NULL,NULL,NULL,NULL),(924,'resetpswd','user','[300] reset password','ResetPassword','view','html','30','Exclusive','No','',NULL,300,NULL,NULL,NULL,NULL,NULL),(925,'combobox300','combobox','[300] ','combobox','view','html','31','All','No',NULL,NULL,300,NULL,NULL,NULL,NULL,NULL),(926,'confirm300','confirm','[300] Confirm Component','confirmDelete','do','html','90','All','No',NULL,NULL,300,NULL,NULL,NULL,NULL,NULL),(927,'updateuserpswds300','user','[300] update password','UpdatePassword','do','json','245','Exclusive','No','',NULL,300,NULL,NULL,NULL,NULL,NULL),(928,'updateuserpswd300','user','[300] update password','UpdatePassword','do','html','246','Exclusive','No','',NULL,300,NULL,NULL,NULL,NULL,NULL),(929,'inputuserpswd300','user','[300] change password','ChangePassword','view','html','247','Exclusive','No','',NULL,300,NULL,NULL,NULL,NULL,NULL),(930,'dologouts','login_default','[300] do logout','logout','do','json','483','All','No',NULL,NULL,300,NULL,NULL,NULL,NULL,NULL),(931,'usercombogroup300','user','[300] combo group','comboGroup','view','html','564','All','No',NULL,NULL,300,NULL,NULL,NULL,NULL,NULL),(932,'profile300','profile','[300] view profile','profile','view','html','654','All','No',NULL,NULL,300,NULL,NULL,NULL,NULL,NULL),(933,'viewinputprofile300','profile','[300] view input profile','inputProfile','view','html','655','All','No',NULL,NULL,300,NULL,NULL,NULL,NULL,NULL),(934,'viewupdateprofile300','profile','[300] view update profile','updatePassword','view','html','656','All','No',NULL,NULL,300,NULL,NULL,NULL,NULL,NULL),(935,'updateprofile300','profile','[300] do upadate profile','updateProfile','do','html','657','All','No',NULL,NULL,300,NULL,NULL,NULL,NULL,NULL),(936,'updateprofiles300','profile','[300] do update profile','updateProfile','do','json','658','All','No',NULL,NULL,300,NULL,NULL,NULL,NULL,NULL),(937,'updatepswd300','profile','[300] do update password','updatePassword','do','html','659','All','No',NULL,NULL,300,NULL,NULL,NULL,NULL,NULL),(938,'updatepswds300','profile','[300] do update password','updatePassword','do','json','660','All','No',NULL,NULL,300,NULL,NULL,NULL,NULL,NULL),(939,'tanggal300','tanggal','[300] ','tanggal','view','html','691','All','No',NULL,NULL,300,NULL,NULL,NULL,NULL,NULL),(1132,'modul','gtfw_module','','gtfwModule','view','html',NULL,'Exclusive','No',NULL,214,200,NULL,1,'View',NULL,NULL),(1133,'submodule','gtfw_module','','GtfwSubModule','view','html',NULL,'Exclusive','No',NULL,214,200,NULL,1,'View',NULL,NULL),(1258,'navigation','navigation','[200] view navigation','navigation','view','html',NULL,'All','No',NULL,NULL,200,NULL,NULL,NULL,NULL,NULL),(1259,'header','header','[200] view header','header','view','html',NULL,'All','No',NULL,NULL,200,NULL,NULL,NULL,NULL,NULL),(1771,'addgroup','gtfw_group','[200] Do AddGroup html','AddGroup','Do','html',NULL,'Exclusive','No',NULL,212,200,NULL,2,'Tambah',NULL,NULL),(1772,'addgroups','gtfw_group','[200] Do AddGroup json','AddGroup','Do','json',NULL,'Exclusive','No',NULL,212,200,NULL,2,'Tambah',NULL,NULL),(1773,'deletegroup','gtfw_group','[200] Do DeleteGroup html','DeleteGroup','Do','html',NULL,'Exclusive','No',NULL,212,200,NULL,6,'Delete',NULL,NULL),(1774,'deletegroups','gtfw_group','[200] Do DeleteGroup json','DeleteGroup','Do','json',NULL,'Exclusive','No',NULL,212,200,NULL,6,'Delete',NULL,NULL),(1775,'updategroup','gtfw_group','[200] Do UpdateGroup html','UpdateGroup','Do','html',NULL,'Exclusive','No',NULL,212,200,NULL,3,'Ubah',NULL,NULL),(1776,'updategroups','gtfw_group','[200] Do UpdateGroup json','UpdateGroup','Do','json',NULL,'Exclusive','No',NULL,212,200,NULL,3,'Ubah',NULL,NULL),(1777,'group','gtfw_group','[200] View Group html','Group','View','html',NULL,'Exclusive','No',NULL,212,200,NULL,1,'View',NULL,NULL),(1778,'inputgroup','gtfw_group','[200] View InputGroup html','InputGroup','View','html',NULL,'Exclusive','No',NULL,212,200,NULL,2,'Tambah',NULL,NULL),(1779,'adduser','gtfw_user','[200] Do AddUser html','AddUser','Do','html',NULL,'Exclusive','No',NULL,213,200,NULL,2,'Tambah',NULL,NULL),(1780,'addusers','gtfw_user','[200] Do AddUser json','AddUser','Do','json',NULL,'Exclusive','No',NULL,213,200,NULL,2,'Tambah',NULL,NULL),(1781,'deleteuser','gtfw_user','[200] Do DeleteUser html','DeleteUser','Do','html',NULL,'Exclusive','No',NULL,213,200,NULL,6,'Delete',NULL,NULL),(1782,'deleteusers','gtfw_user','[200] Do DeleteUser json','DeleteUser','Do','json',NULL,'Exclusive','No',NULL,213,200,NULL,6,'Delete',NULL,NULL),(1783,'updateuserpswd','gtfw_user','[200] Do UpdatePassword html','UpdatePassword','Do','html',NULL,'Exclusive','No',NULL,213,200,NULL,3,'Ubah',NULL,NULL),(1784,'updateuserpswds','gtfw_user','[200] Do UpdatePassword json','UpdatePassword','Do','json',NULL,'Exclusive','No',NULL,213,200,NULL,3,'Ubah',NULL,NULL),(1785,'updateuser','gtfw_user','[200] Do UpdateUser html','UpdateUser','Do','html',NULL,'Exclusive','No',NULL,213,200,NULL,3,'Ubah',NULL,NULL),(1786,'updateusers','gtfw_user','[200] Do UpdateUser json','UpdateUser','Do','json',NULL,'Exclusive','No',NULL,213,200,NULL,3,'Ubah',NULL,NULL),(1787,'inputuserpswd','gtfw_user','[200] View ChangePassword html','ChangePassword','View','html',NULL,'Exclusive','No',NULL,213,200,NULL,3,'Ubah',NULL,NULL),(1788,'usercombogroup','gtfw_user','[200] View ComboGroup html','ComboGroup','View','html',NULL,'All','No',NULL,213,200,NULL,1,'View',NULL,NULL),(1789,'inputuser','gtfw_user','[200] View InputUser html','InputUser','View','html',NULL,'Exclusive','No',NULL,213,200,NULL,2,'Tambah',NULL,NULL),(1790,'user','gtfw_user','[200] View User html','User','View','html',NULL,'Exclusive','No',NULL,213,200,NULL,1,'View',NULL,NULL),(1791,'menus','menu','view menu','menu','view','json',NULL,'All','No',NULL,NULL,200,NULL,NULL,NULL,NULL,NULL),(1792,NULL,'test','[200] View Test html','Test','View','html',NULL,'Exclusive','No',NULL,215,200,NULL,NULL,NULL,NULL,NULL),(1793,'gtfwmenu','gtfw_menu','[200] View Menu html','Menu','View','html',NULL,'Exclusive','No',NULL,216,200,NULL,NULL,NULL,NULL,NULL),(1794,'viewaddmenu','gtfw_menu','[200] View Add html','Add','View','html',NULL,'Exclusive','No',NULL,216,200,NULL,NULL,NULL,NULL,NULL),(1795,'detailmenu','gtfw_menu','[200] View Detail html','Detail','View','html',NULL,'Exclusive','No',NULL,216,200,NULL,NULL,NULL,NULL,NULL),(1796,'viewupdatemenu','gtfw_menu','[200] View Update html','Update','View','html',NULL,'Exclusive','No',NULL,216,200,NULL,NULL,NULL,NULL,NULL),(1797,'addmenu','gtfw_menu','[200] Do Add html','Add','Do','html',NULL,'Exclusive','No',NULL,216,200,NULL,NULL,NULL,NULL,NULL),(1798,'updatemenu','gtfw_menu','[200] Do Update html','Update','Do','html',NULL,'Exclusive','No',NULL,216,200,NULL,NULL,NULL,NULL,NULL),(1799,'addmenus','gtfw_menu','[200] Do Add json','Add','Do','json',NULL,'Exclusive','No',NULL,216,200,NULL,NULL,NULL,NULL,NULL),(1800,NULL,'test','[200] View Excel xls','Excel','View','xls',NULL,'Exclusive','No',NULL,215,200,NULL,NULL,NULL,NULL,NULL),(1801,NULL,'test','[200] View Pdfx pdfx','Pdfx','View','pdfx',NULL,'Exclusive','No',NULL,215,200,NULL,NULL,NULL,NULL,NULL),(1802,NULL,'test','[200] View Tinymce html','Tinymce','View','html',NULL,'Exclusive','No',NULL,215,200,NULL,NULL,NULL,NULL,NULL),(1803,NULL,'test','[200] View ExcelNew xlsx','ExcelNew','View','xlsx',NULL,'Exclusive','No',NULL,215,200,NULL,NULL,NULL,NULL,NULL),(1804,NULL,'test','[200] View PdfxTwo pdfx','Pdfx2','View','pdfx',NULL,'All','No',NULL,215,200,NULL,NULL,NULL,NULL,NULL),(1805,NULL,'test','[200] View PdfxThree pdfx','Pdfx3','View','pdfx',NULL,'All','No',NULL,215,200,NULL,NULL,NULL,NULL,NULL),(1806,NULL,'test','[200] View PdfxFour pdfx','Pdfx4','View','pdfx',NULL,'All','No',NULL,215,200,NULL,NULL,NULL,NULL,NULL),(1807,NULL,'test','[200] View PdfxFive pdfx','Pdfx5','View','pdfx',NULL,'All','No',NULL,215,200,NULL,NULL,NULL,NULL,NULL),(1808,NULL,'test','[200] View Pdfx65 pdfx','Pdfx65','View','pdfx',NULL,'All','No',NULL,215,200,NULL,NULL,NULL,NULL,NULL),(1809,NULL,'test','[200] View Pdfx33 pdfx','Pdfx33','View','pdfx',NULL,'All','No',NULL,215,200,NULL,NULL,NULL,NULL,NULL),(1838,'addbisnis','manako_bisnis','[200] Do AddBisnis html','AddBisnis','Do','html',NULL,'Exclusive','No',NULL,250,200,NULL,2,'Tambah',NULL,NULL),(1839,'addbisniss','manako_bisnis','[200] Do AddBisnis json','AddBisnis','Do','json',NULL,'Exclusive','No',NULL,250,200,NULL,2,'Tambah',NULL,NULL),(1840,'deletebisnis','manako_bisnis','[200] Do DeleteBisnis html','DeleteBisnis','Do','html',NULL,'Exclusive','No',NULL,250,200,NULL,6,'Delete',NULL,NULL),(1841,'deletebisniss','manako_bisnis','[200] Do DeleteBisnis json','DeleteBisnis','Do','json',NULL,'Exclusive','No',NULL,250,200,NULL,6,'Delete',NULL,NULL),(1842,'updatebisnis','manako_bisnis','[200] Do UpdateBisnis html','UpdateBisnis','Do','html',NULL,'Exclusive','No',NULL,250,200,NULL,3,'Ubah',NULL,NULL),(1843,'updatebisniss','manako_bisnis','[200] Do UpdateBisnis json','UpdateBisnis','Do','json',NULL,'Exclusive','No',NULL,250,200,NULL,3,'Ubah',NULL,NULL),(1844,'bisnis','manako_bisnis','[200] View Bisnis html','Bisnis','View','html',NULL,'Exclusive','No',NULL,250,200,NULL,1,'View',NULL,NULL),(1845,'inputbisnis','manako_bisnis','[200] View InputBisnis html','InputBisnis','View','html',NULL,'Exclusive','No',NULL,250,200,NULL,1,'View',NULL,NULL),(1846,'addclient','manako_client','[200] Do AddClient html','AddClient','Do','html',NULL,'Exclusive','No',NULL,251,200,NULL,2,'Tambah',NULL,NULL),(1847,'addclients','manako_client','[200] Do AddClient json','AddClient','Do','json',NULL,'Exclusive','No',NULL,251,200,NULL,2,'Tambah',NULL,NULL),(1848,'deleteclient','manako_client','[200] Do DeleteClient html','DeleteClient','Do','html',NULL,'Exclusive','No',NULL,251,200,NULL,6,'Delete',NULL,NULL),(1849,'deleteclients','manako_client','[200] Do DeleteClient json','DeleteClient','Do','json',NULL,'Exclusive','No',NULL,251,200,NULL,6,'Delete',NULL,NULL),(1850,'statusclient','manako_client','[200] Do StatusClient html','StatusClient','Do','html',NULL,'Exclusive','No',NULL,251,200,NULL,3,'Ubah',NULL,NULL),(1851,'statusclients','manako_client','[200] Do StatusClient json','StatusClient','Do','json',NULL,'Exclusive','No',NULL,251,200,NULL,3,'Ubah',NULL,NULL),(1852,'updateclient','manako_client','[200] Do UpdateClient html','UpdateClient','Do','html',NULL,'Exclusive','No',NULL,251,200,NULL,3,'Ubah',NULL,NULL),(1853,'updateclients','manako_client','[200] Do UpdateClient json','UpdateClient','Do','json',NULL,'Exclusive','No',NULL,251,200,NULL,3,'Ubah',NULL,NULL),(1854,'client','manako_client','[200] View Client html','Client','View','html',NULL,'Exclusive','No',NULL,251,200,NULL,1,'View',NULL,NULL),(1855,'detailclient','manako_client','[200] View DetailClient html','DetailClient','View','html',NULL,'Exclusive','No',NULL,251,200,NULL,1,'View',NULL,NULL),(1856,'inputclient','manako_client','[200] View InputClient html','InputClient','View','html',NULL,'Exclusive','No',NULL,251,200,NULL,1,'View',NULL,NULL),(1857,'addgforge','manako_gforge','[200] Do AddGforge html','AddGforge','Do','html',NULL,'Exclusive','No',NULL,252,200,NULL,2,'Tambah',NULL,NULL),(1858,'addgforges','manako_gforge','[200] Do AddGforge json','AddGforge','Do','json',NULL,'Exclusive','No',NULL,252,200,NULL,2,'Tambah',NULL,NULL),(1859,'deletegforge','manako_gforge','[200] Do DeleteGforge html','DeleteGforge','Do','html',NULL,'Exclusive','No',NULL,252,200,NULL,6,'Delete',NULL,NULL),(1860,'deletegforges','manako_gforge','[200] Do DeleteGforge json','DeleteGforge','Do','json',NULL,'Exclusive','No',NULL,252,200,NULL,6,'Delete',NULL,NULL),(1861,'updategforge','manako_gforge','[200] Do UpdateGforge html','UpdateGforge','Do','html',NULL,'Exclusive','No',NULL,252,200,NULL,3,'Ubah',NULL,NULL),(1862,'updategforges','manako_gforge','[200] Do UpdateGforge json','UpdateGforge','Do','json',NULL,'Exclusive','No',NULL,252,200,NULL,3,'Ubah',NULL,NULL),(1863,'gforge','manako_gforge','[200] View Gforge html','Gforge','View','html',NULL,'Exclusive','No',NULL,252,200,NULL,1,'View',NULL,NULL),(1864,'inputgforge','manako_gforge','[200] View InputGforge html','InputGforge','View','html',NULL,'Exclusive','No',NULL,252,200,NULL,1,'View',NULL,NULL),(1865,'addpersonal','manako_personal','[200] Do AddPersonal html','AddPersonal','Do','html',NULL,'Exclusive','No',NULL,253,200,NULL,2,'Tambah',NULL,NULL),(1866,'addpersonals','manako_personal','[200] Do AddPersonal json','AddPersonal','Do','json',NULL,'Exclusive','No',NULL,253,200,NULL,2,'Tambah',NULL,NULL),(1867,'deletepersonal','manako_personal','[200] Do DeletePersonal html','DeletePersonal','Do','html',NULL,'Exclusive','No',NULL,253,200,NULL,6,'Delete',NULL,NULL),(1868,'deletepersonals','manako_personal','[200] Do DeletePersonal json','DeletePersonal','Do','json',NULL,'Exclusive','No',NULL,253,200,NULL,6,'Delete',NULL,NULL),(1869,'updatepersonal','manako_personal','[200] Do UpdatePersonal html','UpdatePersonal','Do','html',NULL,'Exclusive','No',NULL,253,200,NULL,3,'Ubah',NULL,NULL),(1870,'updatepersonals','manako_personal','[200] Do UpdatePersonal json','UpdatePersonal','Do','json',NULL,'Exclusive','No',NULL,253,200,NULL,3,'Ubah',NULL,NULL),(1871,'inputpersonal','manako_personal','[200] View InputPersonal html','InputPersonal','View','html',NULL,'Exclusive','No',NULL,253,200,NULL,1,'View',NULL,NULL),(1872,'personal','manako_personal','[200] View Personal html','Personal','View','html',NULL,'Exclusive','No',NULL,253,200,NULL,1,'View',NULL,NULL),(1873,'combobox2','combobox2','[200] View Combobox2 html','Combobox2','View','html',NULL,'All','No',NULL,NULL,200,NULL,NULL,NULL,NULL,NULL),(1874,'addproject','manako_project','[200] Do AddProject html','AddProject','Do','html',NULL,'Exclusive','No',NULL,254,200,NULL,2,'Tambah',NULL,NULL),(1875,'addprojects','manako_project','[200] Do AddProject json','AddProject','Do','json',NULL,'Exclusive','No',NULL,254,200,NULL,2,'Tambah',NULL,NULL),(1876,'deleteproject','manako_project','[200] Do DeleteProject html','DeleteProject','Do','html',NULL,'Exclusive','No',NULL,254,200,NULL,6,'Delete',NULL,NULL),(1877,'deleteprojects','manako_project','[200] Do DeleteProject json','DeleteProject','Do','json',NULL,'Exclusive','No',NULL,254,200,NULL,6,'Delete',NULL,NULL),(1878,'updateproject','manako_project','[200] Do UpdateProject html','UpdateProject','Do','html',NULL,'Exclusive','No',NULL,254,200,NULL,3,'Ubah',NULL,NULL),(1879,'updateprojects','manako_project','[200] Do UpdateProject json','UpdateProject','Do','json',NULL,'Exclusive','No',NULL,254,200,NULL,3,'Ubah',NULL,NULL),(1880,'detailproject','manako_project','[200] View DetailProject html','DetailProject','View','html',NULL,'Exclusive','No',NULL,254,200,NULL,1,'View',NULL,NULL),(1881,'inputproject','manako_project','[200] View InputProject html','InputProject','View','html',NULL,'Exclusive','No',NULL,254,200,NULL,1,'View',NULL,NULL),(1882,'project','manako_project','[200] View Project html','Project','View','html',NULL,'Exclusive','No',NULL,254,200,NULL,1,'View',NULL,NULL),(1883,'addposisi','manako_posisi','[200] Do AddPosisi html','AddPosisi','Do','html',NULL,'Exclusive','No',NULL,257,200,NULL,2,'Tambah',NULL,NULL),(1884,'addposisis','manako_posisi','[200] Do AddPosisi json','AddPosisi','Do','json',NULL,'Exclusive','No',NULL,257,200,NULL,2,'Tambah',NULL,NULL),(1885,'deleteposisi','manako_posisi','[200] Do DeletePosisi html','DeletePosisi','Do','html',NULL,'Exclusive','No',NULL,257,200,NULL,6,'Delete',NULL,NULL),(1886,'deleteposisis','manako_posisi','[200] Do DeletePosisi json','DeletePosisi','Do','json',NULL,'Exclusive','No',NULL,257,200,NULL,6,'Delete',NULL,NULL),(1887,'updateposisi','manako_posisi','[200] Do UpdatePosisi html','UpdatePosisi','Do','html',NULL,'Exclusive','No',NULL,257,200,NULL,3,'Ubah',NULL,NULL),(1888,'updateposisis','manako_posisi','[200] Do UpdatePosisi json','UpdatePosisi','Do','json',NULL,'Exclusive','No',NULL,257,200,NULL,3,'Ubah',NULL,NULL),(1889,'inputposisi','manako_posisi','[200] View InputPosisi html','InputPosisi','View','html',NULL,'Exclusive','No',NULL,257,200,NULL,1,'View',NULL,NULL),(1890,'posisi','manako_posisi','[200] View Posisi html','Posisi','View','html',NULL,'Exclusive','No',NULL,257,200,NULL,1,'View',NULL,NULL),(1891,'addcontactfield','manako_contact_field','[200] Do AddContactField html','AddContactField','Do','html',NULL,'Exclusive','No',NULL,258,200,NULL,2,'Tambah',NULL,NULL),(1892,'addcontactfields','manako_contact_field','[200] Do AddContactField json','AddContactField','Do','json',NULL,'Exclusive','No',NULL,258,200,NULL,2,'Tambah',NULL,NULL),(1893,'deletecontactfield','manako_contact_field','[200] Do DeleteContactField html','DeleteContactField','Do','html',NULL,'Exclusive','No',NULL,258,200,NULL,6,'Delete',NULL,NULL),(1894,'deletecontactfields','manako_contact_field','[200] Do DeleteContactField json','DeleteContactField','Do','json',NULL,'Exclusive','No',NULL,258,200,NULL,6,'Delete',NULL,NULL),(1895,'updatecontactfield','manako_contact_field','[200] Do UpdateContactField html','UpdateContactField','Do','html',NULL,'Exclusive','No',NULL,258,200,NULL,3,'Ubah',NULL,NULL),(1896,'updatecontactfields','manako_contact_field','[200] Do UpdateContactField json','UpdateContactField','Do','json',NULL,'Exclusive','No',NULL,258,200,NULL,3,'Ubah',NULL,NULL),(1897,'contactfield','manako_contact_field','[200] View ContactField html','ContactField','View','html',NULL,'Exclusive','No',NULL,258,200,NULL,1,'View',NULL,NULL),(1898,'inputcontactfield','manako_contact_field','[200] View InputContactField html','InputContactField','View','html',NULL,'Exclusive','No',NULL,258,200,NULL,1,'View',NULL,NULL),(1899,'addcontact','manako_contact','[200] Do AddContact html','AddContact','Do','html',NULL,'Exclusive','No',NULL,260,200,NULL,2,'Tambah',NULL,NULL),(1900,'addcontacts','manako_contact','[200] Do AddContact json','AddContact','Do','json',NULL,'Exclusive','No',NULL,260,200,NULL,2,'Tambah',NULL,NULL),(1901,'deletecontact','manako_contact','[200] Do DeleteContact html','DeleteContact','Do','html',NULL,'Exclusive','No',NULL,260,200,NULL,6,'Delete',NULL,NULL),(1902,'deletecontacts','manako_contact','[200] Do DeleteContact json','DeleteContact','Do','json',NULL,'Exclusive','No',NULL,260,200,NULL,6,'Delete',NULL,NULL),(1903,'updatecontact','manako_contact','[200] Do UpdateContact html','UpdateContact','Do','html',NULL,'Exclusive','No',NULL,260,200,NULL,3,'Ubah',NULL,NULL),(1904,'updatecontacts','manako_contact','[200] Do UpdateContact json','UpdateContact','Do','json',NULL,'Exclusive','No',NULL,260,200,NULL,3,'Ubah',NULL,NULL),(1905,'contact','manako_contact','[200] View Contact html','Contact','View','html',NULL,'Exclusive','No',NULL,260,200,NULL,1,'View',NULL,NULL),(1906,'detailcontact','manako_contact','[200] View DetailContact html','DetailContact','View','html',NULL,'Exclusive','No',NULL,260,200,NULL,1,'View',NULL,NULL),(1907,'inputcontact','manako_contact','[200] View InputContact html','InputContact','View','html',NULL,'Exclusive','No',NULL,260,200,NULL,1,'View',NULL,NULL),(1908,'qrcontact','manako_contact','[200] View QRContact html','QRContact','View','html',NULL,'Exclusive','No',NULL,260,200,NULL,1,'View',NULL,NULL),(1909,'contact2','manako_contact','[200] View Contact2 html','Contact2','View','html',NULL,'Exclusive','No',NULL,260,200,NULL,1,'View',NULL,NULL),(1941,'projectaktif1','manako_projectaktif1','[200] View ProjectAktif1 html','ProjectAktif1','View','html',NULL,'Exclusive','No',NULL,255,200,NULL,1,'View',NULL,NULL),(1942,'detailprojectaktif1','manako_projectaktif1','[200] View DetailProjectAktif1 html','DetailProjectAktif1','View','html',NULL,'Exclusive','No',NULL,255,200,NULL,1,'View',NULL,NULL),(1943,'detailprojectaktif2','manako_projectaktif2','[200] View DetailProjectAktif2 html','DetailProjectAktif2','View','html',NULL,'Exclusive','No',NULL,256,200,NULL,1,'View',NULL,NULL),(1944,'projectaktif2','manako_projectaktif2','[200] View ProjectAktif2 html','ProjectAktif2','View','html',NULL,'Exclusive','No',NULL,256,200,NULL,1,'View',NULL,NULL),(1945,'detailhotel','manako_hotel','[200] View DetailHotel html','DetailHotel','View','html',NULL,'Exclusive','No',NULL,262,200,NULL,5,'Detil',NULL,NULL),(1946,'deletehotels','manako_hotel','[200] Do DeleteHotel json','DeleteHotel','Do','json',NULL,'Exclusive','No',NULL,262,200,NULL,6,'Delete',NULL,NULL),(1947,'hotel','manako_hotel','[200] View Hotel html','Hotel','View','html',NULL,'Exclusive','No',NULL,262,200,NULL,1,'View',NULL,NULL),(1948,'addhotel','manako_hotel','[200] Do AddHotel html','AddHotel','Do','html',NULL,'Exclusive','No',NULL,262,200,NULL,2,'Tambah',NULL,NULL),(1949,'inputhotel','manako_hotel','[200] View InputHotel html','InputHotel','View','html',NULL,'Exclusive','No',NULL,262,200,NULL,1,'View',NULL,NULL),(1950,'deletehotel','manako_hotel','[200] Do DeleteHotel html','DeleteHotel','Do','html',NULL,'Exclusive','No',NULL,262,200,NULL,6,'Delete',NULL,NULL),(1951,'updatehotel','manako_hotel','[200] Do UpdateHotel html','UpdateHotel','Do','html',NULL,'Exclusive','No',NULL,262,200,NULL,3,'Ubah',NULL,NULL),(1952,'addapploginroles','manako_app_loginrole','[200] Do AddAppLoginrole json','AddAppLoginrole','Do','json',NULL,'Exclusive','No',NULL,267,200,NULL,2,'Tambah',NULL,NULL),(1953,'deleteapploginroles','manako_app_loginrole','[200] Do DeleteAppLoginrole json','DeleteAppLoginrole','Do','json',NULL,'Exclusive','No',NULL,267,200,NULL,6,'Delete',NULL,NULL),(1954,'apploginrole','manako_app_loginrole','[200] View AppLoginrole html','AppLoginrole','View','html',NULL,'Exclusive','No',NULL,267,200,NULL,1,'View',NULL,NULL),(1955,'apploginroles','manako_app_loginrole','[200] View DataAppLoginrole json','DataAppLoginrole','View','json',NULL,'All','No',NULL,267,200,NULL,1,'View',NULL,NULL),(1956,'inputapploginrole','manako_app_loginrole','[200] View InputAppLoginrole html','InputAppLoginrole','View','html',NULL,'Exclusive','No',NULL,267,200,NULL,1,'View',NULL,NULL),(1957,'updateapploginroles','manako_app_loginrole','[200] Do UpdateAppLoginrole json','UpdateAppLoginrole','Do','json',NULL,'Exclusive','No',NULL,267,200,NULL,3,'Ubah',NULL,NULL),(1958,'updateapplogins','manako_app_login','[200] Do UpdateAppLogin json','UpdateAppLogin','Do','json',NULL,'Exclusive','No',NULL,268,200,NULL,3,'Ubah',NULL,NULL),(1959,'addapplogins','manako_app_login','[200] Do AddAppLogin json','AddAppLogin','Do','json',NULL,'Exclusive','No',NULL,268,200,NULL,2,'Tambah',NULL,NULL),(1960,'apploginservers','manako_app_login','[200] View DataAppLoginServer json','DataAppLoginServer','View','json',NULL,'All','No',NULL,268,200,NULL,1,'View',NULL,NULL),(1961,'apploginpswds','manako_app_login','[200] View DataAppLoginPswd json','DataAppLoginPswd','View','json',NULL,'All','No',NULL,268,200,NULL,1,'View',NULL,NULL),(1962,'applogins','manako_app_login','[200] View DataAppLogin json','DataAppLogin','View','json',NULL,'All','No',NULL,268,200,NULL,1,'View',NULL,NULL),(1963,'chpswdapplogins','manako_app_login','[200] Do ChangePswdAppLogin json','ChangePswdAppLogin','Do','json',NULL,'Exclusive','No',NULL,268,200,NULL,3,'Ubah',NULL,NULL),(1964,'deleteapplogins','manako_app_login','[200] Do DeleteAppLogin json','DeleteAppLogin','Do','json',NULL,'Exclusive','No',NULL,268,200,NULL,6,'Delete',NULL,NULL),(1965,'chpswdapplogin','manako_app_login','[200] View ChangePswdAppLogin html','ChangePswdAppLogin','View','html',NULL,'Exclusive','No',NULL,268,200,NULL,1,'View',NULL,NULL),(1966,'applogin','manako_app_login','[200] View AppLogin html','AppLogin','View','html',NULL,'Exclusive','No',NULL,268,200,NULL,1,'View',NULL,NULL),(1967,'inputapplogin','manako_app_login','[200] View InputAppLogin html','InputAppLogin','View','html',NULL,'Exclusive','No',NULL,268,200,NULL,1,'View',NULL,NULL),(1968,'updateappreqsofts','manako_app_reqsoft','[200] Do UpdateAppReqsoft json','UpdateAppReqsoft','Do','json',NULL,'Exclusive','No',NULL,269,200,NULL,3,'Ubah',NULL,NULL),(1969,'deleteappreqsofts','manako_app_reqsoft','[200] Do DeleteAppReqsoft json','DeleteAppReqsoft','Do','json',NULL,'Exclusive','No',NULL,269,200,NULL,6,'Delete',NULL,NULL),(1970,'appreqsofts','manako_app_reqsoft','[200] View DataAppReqsoft json','DataAppReqsoft','View','json',NULL,'All','No',NULL,269,200,NULL,1,'View',NULL,NULL),(1971,'inputappreqsoft','manako_app_reqsoft','[200] View InputAppReqsoft html','InputAppReqsoft','View','html',NULL,'Exclusive','No',NULL,269,200,NULL,1,'View',NULL,NULL),(1972,'addappreqsofts','manako_app_reqsoft','[200] Do AddAppReqsoft json','AddAppReqsoft','Do','json',NULL,'Exclusive','No',NULL,269,200,NULL,2,'Tambah',NULL,NULL),(1973,'appreqsoft','manako_app_reqsoft','[200] View AppReqsoft html','AppReqsoft','View','html',NULL,'Exclusive','No',NULL,269,200,NULL,1,'View',NULL,NULL),(1974,'addappreqs','manako_app_req','[200] Do AddAppReq json','AddAppReq','Do','json',NULL,'Exclusive','No',NULL,270,200,NULL,2,'Tambah',NULL,NULL),(1975,'appreqs','manako_app_req','[200] View DataAppReq json','DataAppReq','View','json',NULL,'All','No',NULL,270,200,NULL,1,'View',NULL,NULL),(1976,'inputappreq','manako_app_req','[200] View InputAppReq html','InputAppReq','View','html',NULL,'Exclusive','No',NULL,270,200,NULL,1,'View',NULL,NULL),(1977,'updateappreqs','manako_app_req','[200] Do UpdateAppReq json','UpdateAppReq','Do','json',NULL,'Exclusive','No',NULL,270,200,NULL,3,'Ubah',NULL,NULL),(1978,'appreq','manako_app_req','[200] View AppReq html','AppReq','View','html',NULL,'Exclusive','No',NULL,270,200,NULL,1,'View',NULL,NULL),(1979,'operandis','manako_app_req','[200] View DataOperandi json','DataOperandi','View','json',NULL,'All','No',NULL,270,200,NULL,1,'View',NULL,NULL),(1980,'deleteappreqs','manako_app_req','[200] Do DeleteAppReq json','DeleteAppReq','Do','json',NULL,'Exclusive','No',NULL,270,200,NULL,6,'Delete',NULL,NULL),(1981,'adddocjeniss','manako_doc_jenis','[200] Do AddDocJenis json','AddDocJenis','Do','json',NULL,'Exclusive','No',NULL,271,200,NULL,2,'Tambah',NULL,NULL),(1982,'inputdocjenis','manako_doc_jenis','[200] View InputDocJenis html','InputDocJenis','View','html',NULL,'Exclusive','No',NULL,271,200,NULL,1,'View',NULL,NULL),(1983,'docjenis','manako_doc_jenis','[200] View DocJenis html','DocJenis','View','html',NULL,'Exclusive','No',NULL,271,200,NULL,1,'View',NULL,NULL),(1984,'updatedocjeniss','manako_doc_jenis','[200] Do UpdateDocJenis json','UpdateDocJenis','Do','json',NULL,'Exclusive','No',NULL,271,200,NULL,3,'Ubah',NULL,NULL),(1985,'deletedocjeniss','manako_doc_jenis','[200] Do DeleteDocJenis json','DeleteDocJenis','Do','json',NULL,'Exclusive','No',NULL,271,200,NULL,6,'Delete',NULL,NULL),(1986,'docjeniss','manako_doc_jenis','[200] View DataDocJenis json','DataDocJenis','View','json',NULL,'All','No',NULL,271,200,NULL,1,'View',NULL,NULL),(1987,'updatedocs','manako_doc','[200] Do UpdateDoc json','UpdateDoc','Do','json',NULL,'Exclusive','No',NULL,272,200,NULL,3,'Ubah',NULL,NULL),(1988,'doc','manako_doc','[200] View Doc html','Doc','View','html',NULL,'Exclusive','No',NULL,272,200,NULL,1,'View',NULL,NULL),(1989,'deletedocs','manako_doc','[200] Do DeleteDoc json','DeleteDoc','Do','json',NULL,'Exclusive','No',NULL,272,200,NULL,6,'Delete',NULL,NULL),(1990,'docs','manako_doc','[200] View DataDoc json','DataDoc','View','json',NULL,'All','No',NULL,272,200,NULL,1,'View',NULL,NULL),(1991,'adddocs','manako_doc','[200] Do AddDoc json','AddDoc','Do','json',NULL,'Exclusive','No',NULL,272,200,NULL,2,'Tambah',NULL,NULL),(1992,'inputdoc','manako_doc','[200] View InputDoc html','InputDoc','View','html',NULL,'Exclusive','No',NULL,272,200,NULL,1,'View',NULL,NULL),(1993,'products','manako_app_product','[200] View DataAppProduct json','DataAppProduct','View','json',NULL,'All','No',NULL,273,200,NULL,1,'View',NULL,NULL),(1994,'updateproducts','manako_app_product','[200] Do UpdateAppProduct json','UpdateAppProduct','Do','json',NULL,'Exclusive','No',NULL,273,200,NULL,3,'Ubah',NULL,NULL),(1995,'deleteproducts','manako_app_product','[200] Do DeleteAppProduct json','DeleteAppProduct','Do','json',NULL,'Exclusive','No',NULL,273,200,NULL,6,'Delete',NULL,NULL),(1996,'addproducts','manako_app_product','[200] Do AddAppProduct json','AddAppProduct','Do','json',NULL,'Exclusive','No',NULL,273,200,NULL,2,'Tambah',NULL,NULL),(1997,'product','manako_app_product','[200] View AppProduct html','AppProduct','View','html',NULL,'Exclusive','No',NULL,273,200,NULL,1,'View',NULL,NULL),(1998,'inputproduct','manako_app_product','[200] View InputAppProduct html','InputAppProduct','View','html',NULL,'Exclusive','No',NULL,273,200,NULL,1,'View',NULL,NULL),(1999,'deletevarians','manako_app_varian','[200] Do DeleteAppVarian json','DeleteAppVarian','Do','json',NULL,'Exclusive','No',NULL,274,200,NULL,6,'Delete',NULL,NULL),(2000,'varians','manako_app_varian','[200] View DataAppVarian json','DataAppVarian','View','json',NULL,'All','No',NULL,274,200,NULL,1,'View',NULL,NULL),(2001,'updatevarians','manako_app_varian','[200] Do UpdateAppVarian json','UpdateAppVarian','Do','json',NULL,'Exclusive','No',NULL,274,200,NULL,3,'Ubah',NULL,NULL),(2002,'inputvarian','manako_app_varian','[200] View InputAppVarian html','InputAppVarian','View','html',NULL,'Exclusive','No',NULL,274,200,NULL,1,'View',NULL,NULL),(2003,'varian','manako_app_varian','[200] View AppVarian html','AppVarian','View','html',NULL,'Exclusive','No',NULL,274,200,NULL,1,'View',NULL,NULL),(2004,'addvarians','manako_app_varian','[200] Do AddAppVarian json','AddAppVarian','Do','json',NULL,'Exclusive','No',NULL,274,200,NULL,2,'Tambah',NULL,NULL),(2005,'deleteapps','manako_app','[200] Do DeleteApp json','DeleteApp','Do','json',NULL,'Exclusive','No',NULL,275,200,NULL,6,'Delete',NULL,NULL),(2006,'updateapps','manako_app','[200] Do UpdateApp json','UpdateApp','Do','json',NULL,'Exclusive','No',NULL,275,200,NULL,3,'Ubah',NULL,NULL),(2007,'inputapp','manako_app','[200] View InputApp html','InputApp','View','html',NULL,'Exclusive','No',NULL,275,200,NULL,1,'View',NULL,NULL),(2008,'addapps','manako_app','[200] Do AddApp json','AddApp','Do','json',NULL,'Exclusive','No',NULL,275,200,NULL,2,'Tambah',NULL,NULL),(2009,'apps','manako_app','[200] View DataApp json','DataApp','View','json',NULL,'All','No',NULL,275,200,NULL,1,'View',NULL,NULL),(2010,'app','manako_app','[200] View App html','App','View','html',NULL,'Exclusive','No',NULL,275,200,NULL,1,'View',NULL,NULL),(2011,'clients2','manako_client2','[200] View DataClient2 json','DataClient2','View','json',NULL,'All','No',NULL,251,200,NULL,1,'View',NULL,NULL),(2012,'updategroupz','gtfw_groupz','[200] Do UpdateGroup html','UpdateGroup','Do','html',NULL,'Exclusive','No',NULL,277,200,NULL,3,'Ubah',NULL,NULL),(2013,'groupzapp','gtfw_groupz','[200] View InputGroupApp2 html','InputGroupApp2','View','html',NULL,'Exclusive','No',NULL,277,200,NULL,1,'View',NULL,NULL),(2014,'updategroupzapps','gtfw_groupz','[200] Do UpdateGroupApp2 json','UpdateGroupApp2','Do','json',NULL,'Exclusive','No',NULL,277,200,NULL,3,'Ubah',NULL,NULL),(2015,'addgroupzs','gtfw_groupz','[200] Do AddGroup json','AddGroup','Do','json',NULL,'Exclusive','No',NULL,277,200,NULL,2,'Tambah',NULL,NULL),(2016,'groupzmoduls','gtfw_groupz','[200] View DataGroupModul2 json','DataGroupModul2','View','json',NULL,'All','No',NULL,277,200,NULL,1,'View',NULL,NULL),(2017,'groupzapps','gtfw_groupz','[200] View DataGroupApp2 json','DataGroupApp2','View','json',NULL,'All','No',NULL,277,200,NULL,1,'View',NULL,NULL),(2018,'addgroupz','gtfw_groupz','[200] Do AddGroup html','AddGroup','Do','html',NULL,'Exclusive','No',NULL,277,200,NULL,2,'Tambah',NULL,NULL),(2019,'groupzs','gtfw_groupz','[200] View DataGroup2 json','DataGroup2','View','json',NULL,'All','No',NULL,277,200,NULL,1,'View',NULL,NULL),(2020,'detailgroupz','gtfw_groupz','[200] View DetailGroup2 html','DetailGroup2','View','html',NULL,'Exclusive','No',NULL,277,200,NULL,1,'View',NULL,NULL),(2021,'deletegroupz','gtfw_groupz','[200] Do DeleteGroup html','DeleteGroup','Do','html',NULL,'Exclusive','No',NULL,277,200,NULL,6,'Delete',NULL,NULL),(2022,'deletegroupzs','gtfw_groupz','[200] Do DeleteGroup json','DeleteGroup','Do','json',NULL,'Exclusive','No',NULL,277,200,NULL,6,'Delete',NULL,NULL),(2023,'inputgroupz','gtfw_groupz','[200] View InputGroup html','InputGroup','View','html',NULL,'Exclusive','No',NULL,277,200,NULL,1,'View',NULL,NULL),(2024,'groupz','gtfw_groupz','[200] View Group html','Group','View','html',NULL,'Exclusive','No',NULL,277,200,NULL,1,'View',NULL,NULL),(2025,'updategroupzs','gtfw_groupz','[200] Do UpdateGroup json','UpdateGroup','Do','json',NULL,'Exclusive','No',NULL,277,200,NULL,3,'Ubah',NULL,NULL),(2026,'qrcontacts2','manako_contact2','[200] View QRContact2 html','QRContact2','View','html',NULL,'Exclusive','No',NULL,279,200,NULL,1,'View',NULL,NULL),(2027,'addcontacts2','manako_contact2','[200] Do AddContact2 json','AddContact2','Do','json',NULL,'Exclusive','No',NULL,279,200,NULL,2,'Tambah',NULL,NULL),(2028,'deletecontacts2','manako_contact2','[200] Do DeleteContact2 json','DeleteContact2','Do','json',NULL,'Exclusive','No',NULL,279,200,NULL,6,'Delete',NULL,NULL),(2029,'contact2s','manako_contact2','[200] View DataContact2 json','DataContact2','View','json',NULL,'All','No',NULL,279,200,NULL,1,'View',NULL,NULL),(2030,'updatecontacts2','manako_contact2','[200] Do UpdateContact2 json','UpdateContact2','Do','json',NULL,'Exclusive','No',NULL,279,200,NULL,3,'Ubah',NULL,NULL),(2032,'posisis','manako_posisi2','[200] View DataPosisi2 json','DataPosisi2','View','json',NULL,'All','No',NULL,257,200,NULL,1,'View',NULL,NULL);
/*!40000 ALTER TABLE `gtfw_module` ENABLE KEYS */;
UNLOCK TABLES;

--
-- Table structure for table `gtfw_module_aksi`
--

DROP TABLE IF EXISTS `gtfw_module_aksi`;
/*!40101 SET @saved_cs_client     = @@character_set_client */;
/*!40101 SET character_set_client = utf8 */;
CREATE TABLE `gtfw_module_aksi` (
  `moduleaksiModuleId` bigint(20) unsigned DEFAULT NULL,
  `moduleaksiAksiId` smallint(6) DEFAULT NULL,
  KEY `FK_gtfw_module_aksi_aksi` (`moduleaksiAksiId`),
  KEY `FK_gtfw_module_aksi_module` (`moduleaksiModuleId`),
  CONSTRAINT `gtfw_module_aksi_ibfk_1` FOREIGN KEY (`moduleaksiAksiId`) REFERENCES `gtfw_aksi` (`aksiId`) ON DELETE CASCADE ON UPDATE CASCADE,
  CONSTRAINT `gtfw_module_aksi_ibfk_2` FOREIGN KEY (`moduleaksiModuleId`) REFERENCES `gtfw_module` (`ModuleId`) ON DELETE SET NULL ON UPDATE CASCADE
) ENGINE=InnoDB DEFAULT CHARSET=latin1;
/*!40101 SET character_set_client = @saved_cs_client */;

--
-- Dumping data for table `gtfw_module_aksi`
--

LOCK TABLES `gtfw_module_aksi` WRITE;
/*!40000 ALTER TABLE `gtfw_module_aksi` DISABLE KEYS */;
/*!40000 ALTER TABLE `gtfw_module_aksi` ENABLE KEYS */;
UNLOCK TABLES;

--
-- Table structure for table `gtfw_session_table`
--

DROP TABLE IF EXISTS `gtfw_session_table`;
/*!40101 SET @saved_cs_client     = @@character_set_client */;
/*!40101 SET character_set_client = utf8 */;
CREATE TABLE `gtfw_session_table` (
  `SessionId` varchar(64) NOT NULL,
  `SessionData` longtext NOT NULL,
  `SessionCTime` timestamp NULL DEFAULT CURRENT_TIMESTAMP,
  PRIMARY KEY (`SessionId`)
) ENGINE=MyISAM DEFAULT CHARSET=latin1;
/*!40101 SET character_set_client = @saved_cs_client */;

--
-- Dumping data for table `gtfw_session_table`
--

LOCK TABLES `gtfw_session_table` WRITE;
/*!40000 ALTER TABLE `gtfw_session_table` DISABLE KEYS */;
INSERT INTO `gtfw_session_table` VALUES ('g1fhlighh920iqhg6u8b68mn15','dGFibGVfZ3Rmd19jb25maWdfYXZhaWxhYmxlfGE6MTp7aTowO2E6MTp7czozNToiVGFibGVzX2luX2d0ZndfcHVibGljIChndGZ3X2NvbmZpZykiO3M6MTE6Imd0ZndfY29uZmlnIjt9fWNoZWNrX2d0ZndfbWVudV90YWJsZXxhOjE6e2k6MDthOjE6e3M6MzM6IlRhYmxlc19pbl9ndGZ3X3B1YmxpYyAoZ3Rmd19tZW51KSI7czo5OiJndGZ3X21lbnUiO319bWVzc2VuZ2VyX3F1ZXVlfHM6MTQ0OiJPOjEyOiJNZXNzYWdlUXVldWUiOjM6e3M6MzE6IgBNZXNzYWdlUXVldWUAbUN1cnJlbnRSZXF1ZXN0SWQiO2k6MTtzOjI4OiIATWVzc2FnZVF1ZXVlAG1OZXh0UmVxdWVzdElkIjtpOjI7czoyMzoiAE1lc3NhZ2VRdWV1ZQBtTWVzc2FnZXMiO2E6MDp7fX0iO3N0YXJ0X2tleXxpOjE0NTk0NDU4ODg7bXVsdF9rZXl8aTo4OTQwOTQzNzk7YWRkX2tleXxpOjE3NTk3MjQ1OTY7aXNfbG9nZ2VkX2lufGI6MDt1c2VybmFtZXxzOjY6Im5vYm9keSI7YWNjZXNzX21vZHVsZXxhOjI6e3M6NjoibW9kdWxlIjtzOjM5OiJ7ImxvZ2luX2RlZmF1bHRsb2dpbnZpZXdodG1sMjAwIjoiNzYyIn0iO3M6NDoidXNlciI7czo4OiIibm9ib2R5IiI7fXNhbHR8aToxNjkyMzc3Nzg7bG9naW5fc2FsdHxpOjE2OTIzNzc3ODtkZXNjcmliZV9ndGZ3X21vZHVsZXxzOjE1NzQ6Ilt7IkZpZWxkIjoiTW9kdWxlSWQiLCJUeXBlIjoiYmlnaW50KDIwKSB1bnNpZ25lZCIsIk51bGwiOiJOTyIsIktleSI6IlBSSSIsIkRlZmF1bHQiOm51bGwsIkV4dHJhIjoiYXV0b19pbmNyZW1lbnQifSx7IkZpZWxkIjoiTW9kdWxlIiwiVHlwZSI6InZhcmNoYXIoMTAwKSIsIk51bGwiOiJOTyIsIktleSI6IiIsIkRlZmF1bHQiOiIiLCJFeHRyYSI6IiJ9LHsiRmllbGQiOiJMYWJlbE1vZHVsZSIsIlR5cGUiOiJ2YXJjaGFyKDEwMCkiLCJOdWxsIjoiTk8iLCJLZXkiOiIiLCJEZWZhdWx0IjoiIiwiRXh0cmEiOiIifSx7IkZpZWxkIjoiU3ViTW9kdWxlIiwiVHlwZSI6InZhcmNoYXIoMTAwKSIsIk51bGwiOiJOTyIsIktleSI6IiIsIkRlZmF1bHQiOiIiLCJFeHRyYSI6IiJ9LHsiRmllbGQiOiJBY3Rpb24iLCJUeXBlIjoidmFyY2hhcigxMDApIiwiTnVsbCI6IllFUyIsIktleSI6IiIsIkRlZmF1bHQiOiJ2aWV3IiwiRXh0cmEiOiIifSx7IkZpZWxkIjoiVHlwZSIsIlR5cGUiOiJ2YXJjaGFyKDEwMCkiLCJOdWxsIjoiWUVTIiwiS2V5IjoiIiwiRGVmYXVsdCI6Imh0bWwiLCJFeHRyYSI6IiJ9LHsiRmllbGQiOiJEZXNjcmlwdGlvbiIsIlR5cGUiOiJ0ZXh0IiwiTnVsbCI6IllFUyIsIktleSI6IiIsIkRlZmF1bHQiOm51bGwsIkV4dHJhIjoiIn0seyJGaWVsZCI6IkFjY2VzcyIsIlR5cGUiOiJlbnVtKCdBbGwnLCdFeGNsdXNpdmUnKSIsIk51bGwiOiJOTyIsIktleSI6IiIsIkRlZmF1bHQiOiJFeGNsdXNpdmUiLCJFeHRyYSI6IiJ9LHsiRmllbGQiOiJTaG93IiwiVHlwZSI6ImVudW0oJ1llcycsJ05vJykiLCJOdWxsIjoiWUVTIiwiS2V5IjoiIiwiRGVmYXVsdCI6Ik5vIiwiRXh0cmEiOiIifSx7IkZpZWxkIjoiSWNvblBhdGgiLCJUeXBlIjoidmFyY2hhcigyNTUpIiwiTnVsbCI6IllFUyIsIktleSI6IiIsIkRlZmF1bHQiOm51bGwsIkV4dHJhIjoiIn0seyJGaWVsZCI6Ik1lbnVJZCIsIlR5cGUiOiJpbnQoNikiLCJOdWxsIjoiWUVTIiwiS2V5IjoiTVVMIiwiRGVmYXVsdCI6bnVsbCwiRXh0cmEiOiIifSx7IkZpZWxkIjoiQXBwbGljYXRpb25JZCIsIlR5cGUiOiJiaWdpbnQoMjApIiwiTnVsbCI6IllFUyIsIktleSI6Ik1VTCIsIkRlZmF1bHQiOm51bGwsIkV4dHJhIjoiIn0seyJGaWVsZCI6Ik1vZHVsZVBhdGgiLCJUeXBlIjoidmFyY2hhcigyNTUpIiwiTnVsbCI6IllFUyIsIktleSI6IiIsIkRlZmF1bHQiOm51bGwsIkV4dHJhIjoiIn0seyJGaWVsZCI6IkFrc2lJZCIsIlR5cGUiOiJzbWFsbGludCg2KSIsIk51bGwiOiJZRVMiLCJLZXkiOiJNVUwiLCJEZWZhdWx0IjpudWxsLCJFeHRyYSI6IiJ9LHsiRmllbGQiOiJMYWJlbEFrc2kiLCJUeXBlIjoidmFyY2hhcig1MCkiLCJOdWxsIjoiWUVTIiwiS2V5IjoiIiwiRGVmYXVsdCI6bnVsbCwiRXh0cmEiOiIifSx7IkZpZWxkIjoiSGludCIsIlR5cGUiOiJ2YXJjaGFyKDEwMCkiLCJOdWxsIjoiWUVTIiwiS2V5IjoiIiwiRGVmYXVsdCI6bnVsbCwiRXh0cmEiOiIifSx7IkZpZWxkIjoiTmVlZFNzbCIsIlR5cGUiOiJlbnVtKCdZZXMnLCdObycpIiwiTnVsbCI6IllFUyIsIktleSI6IiIsIkRlZmF1bHQiOm51bGwsIkV4dHJhIjoiIn1dIjs=','2014-03-28 09:02:57'),('u61bd30r05pk21voobnkb5sfn1','aXNfbG9nZ2VkX2lufGI6MDt1c2VybmFtZXxzOjY6Im5vYm9keSI7YWNjZXNzX21vZHVsZXxhOjI6e3M6NjoibW9kdWxlIjtzOjM5OiJ7ImxvZ2luX2RlZmF1bHRsb2dpbnZpZXdodG1sMjAwIjoiNzYyIn0iO3M6NDoidXNlciI7czo4OiIibm9ib2R5IiI7fXNhbHR8aToxNTM5NTY4NTQzO2xvZ2luX3NhbHR8aToxNTM5NTY4NTQzO2Rlc2NyaWJlX2d0ZndfbW9kdWxlfHM6MTU3NDoiW3siRmllbGQiOiJNb2R1bGVJZCIsIlR5cGUiOiJiaWdpbnQoMjApIHVuc2lnbmVkIiwiTnVsbCI6Ik5PIiwiS2V5IjoiUFJJIiwiRGVmYXVsdCI6bnVsbCwiRXh0cmEiOiJhdXRvX2luY3JlbWVudCJ9LHsiRmllbGQiOiJNb2R1bGUiLCJUeXBlIjoidmFyY2hhcigxMDApIiwiTnVsbCI6Ik5PIiwiS2V5IjoiIiwiRGVmYXVsdCI6IiIsIkV4dHJhIjoiIn0seyJGaWVsZCI6IkxhYmVsTW9kdWxlIiwiVHlwZSI6InZhcmNoYXIoMTAwKSIsIk51bGwiOiJOTyIsIktleSI6IiIsIkRlZmF1bHQiOiIiLCJFeHRyYSI6IiJ9LHsiRmllbGQiOiJTdWJNb2R1bGUiLCJUeXBlIjoidmFyY2hhcigxMDApIiwiTnVsbCI6Ik5PIiwiS2V5IjoiIiwiRGVmYXVsdCI6IiIsIkV4dHJhIjoiIn0seyJGaWVsZCI6IkFjdGlvbiIsIlR5cGUiOiJ2YXJjaGFyKDEwMCkiLCJOdWxsIjoiWUVTIiwiS2V5IjoiIiwiRGVmYXVsdCI6InZpZXciLCJFeHRyYSI6IiJ9LHsiRmllbGQiOiJUeXBlIiwiVHlwZSI6InZhcmNoYXIoMTAwKSIsIk51bGwiOiJZRVMiLCJLZXkiOiIiLCJEZWZhdWx0IjoiaHRtbCIsIkV4dHJhIjoiIn0seyJGaWVsZCI6IkRlc2NyaXB0aW9uIiwiVHlwZSI6InRleHQiLCJOdWxsIjoiWUVTIiwiS2V5IjoiIiwiRGVmYXVsdCI6bnVsbCwiRXh0cmEiOiIifSx7IkZpZWxkIjoiQWNjZXNzIiwiVHlwZSI6ImVudW0oJ0FsbCcsJ0V4Y2x1c2l2ZScpIiwiTnVsbCI6Ik5PIiwiS2V5IjoiIiwiRGVmYXVsdCI6IkV4Y2x1c2l2ZSIsIkV4dHJhIjoiIn0seyJGaWVsZCI6IlNob3ciLCJUeXBlIjoiZW51bSgnWWVzJywnTm8nKSIsIk51bGwiOiJZRVMiLCJLZXkiOiIiLCJEZWZhdWx0IjoiTm8iLCJFeHRyYSI6IiJ9LHsiRmllbGQiOiJJY29uUGF0aCIsIlR5cGUiOiJ2YXJjaGFyKDI1NSkiLCJOdWxsIjoiWUVTIiwiS2V5IjoiIiwiRGVmYXVsdCI6bnVsbCwiRXh0cmEiOiIifSx7IkZpZWxkIjoiTWVudUlkIiwiVHlwZSI6ImludCg2KSIsIk51bGwiOiJZRVMiLCJLZXkiOiJNVUwiLCJEZWZhdWx0IjpudWxsLCJFeHRyYSI6IiJ9LHsiRmllbGQiOiJBcHBsaWNhdGlvbklkIiwiVHlwZSI6ImJpZ2ludCgyMCkiLCJOdWxsIjoiWUVTIiwiS2V5IjoiTVVMIiwiRGVmYXVsdCI6bnVsbCwiRXh0cmEiOiIifSx7IkZpZWxkIjoiTW9kdWxlUGF0aCIsIlR5cGUiOiJ2YXJjaGFyKDI1NSkiLCJOdWxsIjoiWUVTIiwiS2V5IjoiIiwiRGVmYXVsdCI6bnVsbCwiRXh0cmEiOiIifSx7IkZpZWxkIjoiQWtzaUlkIiwiVHlwZSI6InNtYWxsaW50KDYpIiwiTnVsbCI6IllFUyIsIktleSI6Ik1VTCIsIkRlZmF1bHQiOm51bGwsIkV4dHJhIjoiIn0seyJGaWVsZCI6IkxhYmVsQWtzaSIsIlR5cGUiOiJ2YXJjaGFyKDUwKSIsIk51bGwiOiJZRVMiLCJLZXkiOiIiLCJEZWZhdWx0IjpudWxsLCJFeHRyYSI6IiJ9LHsiRmllbGQiOiJIaW50IiwiVHlwZSI6InZhcmNoYXIoMTAwKSIsIk51bGwiOiJZRVMiLCJLZXkiOiIiLCJEZWZhdWx0IjpudWxsLCJFeHRyYSI6IiJ9LHsiRmllbGQiOiJOZWVkU3NsIiwiVHlwZSI6ImVudW0oJ1llcycsJ05vJykiLCJOdWxsIjoiWUVTIiwiS2V5IjoiIiwiRGVmYXVsdCI6bnVsbCwiRXh0cmEiOiIifV0iO21lc3Nlbmdlcl9xdWV1ZXxzOjE0NDoiTzoxMjoiTWVzc2FnZVF1ZXVlIjozOntzOjMxOiIATWVzc2FnZVF1ZXVlAG1DdXJyZW50UmVxdWVzdElkIjtpOjE7czoyODoiAE1lc3NhZ2VRdWV1ZQBtTmV4dFJlcXVlc3RJZCI7aToyO3M6MjM6IgBNZXNzYWdlUXVldWUAbU1lc3NhZ2VzIjthOjA6e319Ijs=','2014-03-28 09:06:41'),('02g9tl7v7i35sr3u7tlh1qjga6','aXNfbG9nZ2VkX2lufGI6MDt1c2VybmFtZXxzOjU6ImFkbWluIjthY2Nlc3NfbW9kdWxlfGE6Mjp7czo2OiJtb2R1bGUiO3M6Mzc6InsibG9naW5fZGVmYXVsdGxvZ2luZG9odG1sMjAwIjoiNzU5In0iO3M6NDoidXNlciI7czo4OiIibm9ib2R5IiI7fXNhbHR8aTo3NjU5NzUwODI7YWt0aXZlX3VzZXJfZ3JvdXBfaWR8czoyOiI2MyI7bWVzc2VuZ2VyX3F1ZXVlfHM6MTQ0OiJPOjEyOiJNZXNzYWdlUXVldWUiOjM6e3M6MzE6IgBNZXNzYWdlUXVldWUAbUN1cnJlbnRSZXF1ZXN0SWQiO2k6MTtzOjI4OiIATWVzc2FnZVF1ZXVlAG1OZXh0UmVxdWVzdElkIjtpOjI7czoyMzoiAE1lc3NhZ2VRdWV1ZQBtTWVzc2FnZXMiO2E6MDp7fX0iOw==','2014-03-28 09:06:45'),('7hs79o8jm0a43labdbg46o2cp7','aXNfbG9nZ2VkX2lufGI6MDt1c2VybmFtZXxzOjY6Im5vYm9keSI7YWNjZXNzX21vZHVsZXxhOjI6e3M6NjoibW9kdWxlIjtzOjM5OiJ7ImxvZ2luX2RlZmF1bHRsb2dpbnZpZXdodG1sMjAwIjoiNzYyIn0iO3M6NDoidXNlciI7czo4OiIibm9ib2R5IiI7fXNhbHR8aToxODgwNTM1MzkxO2xvZ2luX3NhbHR8aToxODgwNTM1MzkxO2Rlc2NyaWJlX2d0ZndfbW9kdWxlfHM6MTU3NDoiW3siRmllbGQiOiJNb2R1bGVJZCIsIlR5cGUiOiJiaWdpbnQoMjApIHVuc2lnbmVkIiwiTnVsbCI6Ik5PIiwiS2V5IjoiUFJJIiwiRGVmYXVsdCI6bnVsbCwiRXh0cmEiOiJhdXRvX2luY3JlbWVudCJ9LHsiRmllbGQiOiJNb2R1bGUiLCJUeXBlIjoidmFyY2hhcigxMDApIiwiTnVsbCI6Ik5PIiwiS2V5IjoiIiwiRGVmYXVsdCI6IiIsIkV4dHJhIjoiIn0seyJGaWVsZCI6IkxhYmVsTW9kdWxlIiwiVHlwZSI6InZhcmNoYXIoMTAwKSIsIk51bGwiOiJOTyIsIktleSI6IiIsIkRlZmF1bHQiOiIiLCJFeHRyYSI6IiJ9LHsiRmllbGQiOiJTdWJNb2R1bGUiLCJUeXBlIjoidmFyY2hhcigxMDApIiwiTnVsbCI6Ik5PIiwiS2V5IjoiIiwiRGVmYXVsdCI6IiIsIkV4dHJhIjoiIn0seyJGaWVsZCI6IkFjdGlvbiIsIlR5cGUiOiJ2YXJjaGFyKDEwMCkiLCJOdWxsIjoiWUVTIiwiS2V5IjoiIiwiRGVmYXVsdCI6InZpZXciLCJFeHRyYSI6IiJ9LHsiRmllbGQiOiJUeXBlIiwiVHlwZSI6InZhcmNoYXIoMTAwKSIsIk51bGwiOiJZRVMiLCJLZXkiOiIiLCJEZWZhdWx0IjoiaHRtbCIsIkV4dHJhIjoiIn0seyJGaWVsZCI6IkRlc2NyaXB0aW9uIiwiVHlwZSI6InRleHQiLCJOdWxsIjoiWUVTIiwiS2V5IjoiIiwiRGVmYXVsdCI6bnVsbCwiRXh0cmEiOiIifSx7IkZpZWxkIjoiQWNjZXNzIiwiVHlwZSI6ImVudW0oJ0FsbCcsJ0V4Y2x1c2l2ZScpIiwiTnVsbCI6Ik5PIiwiS2V5IjoiIiwiRGVmYXVsdCI6IkV4Y2x1c2l2ZSIsIkV4dHJhIjoiIn0seyJGaWVsZCI6IlNob3ciLCJUeXBlIjoiZW51bSgnWWVzJywnTm8nKSIsIk51bGwiOiJZRVMiLCJLZXkiOiIiLCJEZWZhdWx0IjoiTm8iLCJFeHRyYSI6IiJ9LHsiRmllbGQiOiJJY29uUGF0aCIsIlR5cGUiOiJ2YXJjaGFyKDI1NSkiLCJOdWxsIjoiWUVTIiwiS2V5IjoiIiwiRGVmYXVsdCI6bnVsbCwiRXh0cmEiOiIifSx7IkZpZWxkIjoiTWVudUlkIiwiVHlwZSI6ImludCg2KSIsIk51bGwiOiJZRVMiLCJLZXkiOiJNVUwiLCJEZWZhdWx0IjpudWxsLCJFeHRyYSI6IiJ9LHsiRmllbGQiOiJBcHBsaWNhdGlvbklkIiwiVHlwZSI6ImJpZ2ludCgyMCkiLCJOdWxsIjoiWUVTIiwiS2V5IjoiTVVMIiwiRGVmYXVsdCI6bnVsbCwiRXh0cmEiOiIifSx7IkZpZWxkIjoiTW9kdWxlUGF0aCIsIlR5cGUiOiJ2YXJjaGFyKDI1NSkiLCJOdWxsIjoiWUVTIiwiS2V5IjoiIiwiRGVmYXVsdCI6bnVsbCwiRXh0cmEiOiIifSx7IkZpZWxkIjoiQWtzaUlkIiwiVHlwZSI6InNtYWxsaW50KDYpIiwiTnVsbCI6IllFUyIsIktleSI6Ik1VTCIsIkRlZmF1bHQiOm51bGwsIkV4dHJhIjoiIn0seyJGaWVsZCI6IkxhYmVsQWtzaSIsIlR5cGUiOiJ2YXJjaGFyKDUwKSIsIk51bGwiOiJZRVMiLCJLZXkiOiIiLCJEZWZhdWx0IjpudWxsLCJFeHRyYSI6IiJ9LHsiRmllbGQiOiJIaW50IiwiVHlwZSI6InZhcmNoYXIoMTAwKSIsIk51bGwiOiJZRVMiLCJLZXkiOiIiLCJEZWZhdWx0IjpudWxsLCJFeHRyYSI6IiJ9LHsiRmllbGQiOiJOZWVkU3NsIiwiVHlwZSI6ImVudW0oJ1llcycsJ05vJykiLCJOdWxsIjoiWUVTIiwiS2V5IjoiIiwiRGVmYXVsdCI6bnVsbCwiRXh0cmEiOiIifV0iO21lc3Nlbmdlcl9xdWV1ZXxzOjE0NDoiTzoxMjoiTWVzc2FnZVF1ZXVlIjozOntzOjMxOiIATWVzc2FnZVF1ZXVlAG1DdXJyZW50UmVxdWVzdElkIjtpOjE7czoyODoiAE1lc3NhZ2VRdWV1ZQBtTmV4dFJlcXVlc3RJZCI7aToyO3M6MjM6IgBNZXNzYWdlUXVldWUAbU1lc3NhZ2VzIjthOjA6e319Ijs=','2014-03-28 09:06:45'),('ru4rpnavjfo1e8bup8c45e46t7','aXNfbG9nZ2VkX2lufGI6MDt1c2VybmFtZXxzOjY6Im5vYm9keSI7YWNjZXNzX21vZHVsZXxhOjI6e3M6NjoibW9kdWxlIjtzOjM5OiJ7ImxvZ2luX2RlZmF1bHRsb2dpbnZpZXdodG1sMjAwIjoiNzYyIn0iO3M6NDoidXNlciI7czo4OiIibm9ib2R5IiI7fXNhbHR8aToxODUwMzE0MDAyO2xvZ2luX3NhbHR8aToxODUwMzE0MDAyO2Rlc2NyaWJlX2d0ZndfbW9kdWxlfHM6MTU3NDoiW3siRmllbGQiOiJNb2R1bGVJZCIsIlR5cGUiOiJiaWdpbnQoMjApIHVuc2lnbmVkIiwiTnVsbCI6Ik5PIiwiS2V5IjoiUFJJIiwiRGVmYXVsdCI6bnVsbCwiRXh0cmEiOiJhdXRvX2luY3JlbWVudCJ9LHsiRmllbGQiOiJNb2R1bGUiLCJUeXBlIjoidmFyY2hhcigxMDApIiwiTnVsbCI6Ik5PIiwiS2V5IjoiIiwiRGVmYXVsdCI6IiIsIkV4dHJhIjoiIn0seyJGaWVsZCI6IkxhYmVsTW9kdWxlIiwiVHlwZSI6InZhcmNoYXIoMTAwKSIsIk51bGwiOiJOTyIsIktleSI6IiIsIkRlZmF1bHQiOiIiLCJFeHRyYSI6IiJ9LHsiRmllbGQiOiJTdWJNb2R1bGUiLCJUeXBlIjoidmFyY2hhcigxMDApIiwiTnVsbCI6Ik5PIiwiS2V5IjoiIiwiRGVmYXVsdCI6IiIsIkV4dHJhIjoiIn0seyJGaWVsZCI6IkFjdGlvbiIsIlR5cGUiOiJ2YXJjaGFyKDEwMCkiLCJOdWxsIjoiWUVTIiwiS2V5IjoiIiwiRGVmYXVsdCI6InZpZXciLCJFeHRyYSI6IiJ9LHsiRmllbGQiOiJUeXBlIiwiVHlwZSI6InZhcmNoYXIoMTAwKSIsIk51bGwiOiJZRVMiLCJLZXkiOiIiLCJEZWZhdWx0IjoiaHRtbCIsIkV4dHJhIjoiIn0seyJGaWVsZCI6IkRlc2NyaXB0aW9uIiwiVHlwZSI6InRleHQiLCJOdWxsIjoiWUVTIiwiS2V5IjoiIiwiRGVmYXVsdCI6bnVsbCwiRXh0cmEiOiIifSx7IkZpZWxkIjoiQWNjZXNzIiwiVHlwZSI6ImVudW0oJ0FsbCcsJ0V4Y2x1c2l2ZScpIiwiTnVsbCI6Ik5PIiwiS2V5IjoiIiwiRGVmYXVsdCI6IkV4Y2x1c2l2ZSIsIkV4dHJhIjoiIn0seyJGaWVsZCI6IlNob3ciLCJUeXBlIjoiZW51bSgnWWVzJywnTm8nKSIsIk51bGwiOiJZRVMiLCJLZXkiOiIiLCJEZWZhdWx0IjoiTm8iLCJFeHRyYSI6IiJ9LHsiRmllbGQiOiJJY29uUGF0aCIsIlR5cGUiOiJ2YXJjaGFyKDI1NSkiLCJOdWxsIjoiWUVTIiwiS2V5IjoiIiwiRGVmYXVsdCI6bnVsbCwiRXh0cmEiOiIifSx7IkZpZWxkIjoiTWVudUlkIiwiVHlwZSI6ImludCg2KSIsIk51bGwiOiJZRVMiLCJLZXkiOiJNVUwiLCJEZWZhdWx0IjpudWxsLCJFeHRyYSI6IiJ9LHsiRmllbGQiOiJBcHBsaWNhdGlvbklkIiwiVHlwZSI6ImJpZ2ludCgyMCkiLCJOdWxsIjoiWUVTIiwiS2V5IjoiTVVMIiwiRGVmYXVsdCI6bnVsbCwiRXh0cmEiOiIifSx7IkZpZWxkIjoiTW9kdWxlUGF0aCIsIlR5cGUiOiJ2YXJjaGFyKDI1NSkiLCJOdWxsIjoiWUVTIiwiS2V5IjoiIiwiRGVmYXVsdCI6bnVsbCwiRXh0cmEiOiIifSx7IkZpZWxkIjoiQWtzaUlkIiwiVHlwZSI6InNtYWxsaW50KDYpIiwiTnVsbCI6IllFUyIsIktleSI6Ik1VTCIsIkRlZmF1bHQiOm51bGwsIkV4dHJhIjoiIn0seyJGaWVsZCI6IkxhYmVsQWtzaSIsIlR5cGUiOiJ2YXJjaGFyKDUwKSIsIk51bGwiOiJZRVMiLCJLZXkiOiIiLCJEZWZhdWx0IjpudWxsLCJFeHRyYSI6IiJ9LHsiRmllbGQiOiJIaW50IiwiVHlwZSI6InZhcmNoYXIoMTAwKSIsIk51bGwiOiJZRVMiLCJLZXkiOiIiLCJEZWZhdWx0IjpudWxsLCJFeHRyYSI6IiJ9LHsiRmllbGQiOiJOZWVkU3NsIiwiVHlwZSI6ImVudW0oJ1llcycsJ05vJykiLCJOdWxsIjoiWUVTIiwiS2V5IjoiIiwiRGVmYXVsdCI6bnVsbCwiRXh0cmEiOiIifV0iO21lc3Nlbmdlcl9xdWV1ZXxzOjE0NDoiTzoxMjoiTWVzc2FnZVF1ZXVlIjozOntzOjMxOiIATWVzc2FnZVF1ZXVlAG1DdXJyZW50UmVxdWVzdElkIjtpOjE7czoyODoiAE1lc3NhZ2VRdWV1ZQBtTmV4dFJlcXVlc3RJZCI7aToyO3M6MjM6IgBNZXNzYWdlUXVldWUAbU1lc3NhZ2VzIjthOjA6e319Ijs=','2014-03-28 09:09:22'),('e7dc9be76v1bvg7rgfth1jifp2','aXNfbG9nZ2VkX2lufGI6MDt1c2VybmFtZXxzOjU6ImFkbWluIjthY2Nlc3NfbW9kdWxlfGE6Mjp7czo2OiJtb2R1bGUiO3M6Mzc6InsibG9naW5fZGVmYXVsdGxvZ2luZG9odG1sMjAwIjoiNzU5In0iO3M6NDoidXNlciI7czo4OiIibm9ib2R5IiI7fXNhbHR8aToxMTU5MzYyNjQ3O2FrdGl2ZV91c2VyX2dyb3VwX2lkfHM6MjoiNjMiO21lc3Nlbmdlcl9xdWV1ZXxzOjE0NDoiTzoxMjoiTWVzc2FnZVF1ZXVlIjozOntzOjMxOiIATWVzc2FnZVF1ZXVlAG1DdXJyZW50UmVxdWVzdElkIjtpOjE7czoyODoiAE1lc3NhZ2VRdWV1ZQBtTmV4dFJlcXVlc3RJZCI7aToyO3M6MjM6IgBNZXNzYWdlUXVldWUAbU1lc3NhZ2VzIjthOjA6e319Ijs=','2014-03-28 09:09:36'),('p4hcjn02ecevrm3u8v3e0a7ch4','aXNfbG9nZ2VkX2lufGI6MDt1c2VybmFtZXxzOjY6Im5vYm9keSI7YWNjZXNzX21vZHVsZXxhOjI6e3M6NjoibW9kdWxlIjtzOjM5OiJ7ImxvZ2luX2RlZmF1bHRsb2dpbnZpZXdodG1sMjAwIjoiNzYyIn0iO3M6NDoidXNlciI7czo4OiIibm9ib2R5IiI7fXNhbHR8aToxOTI1NTc3MzY4O2xvZ2luX3NhbHR8aToxOTI1NTc3MzY4O2Rlc2NyaWJlX2d0ZndfbW9kdWxlfHM6MTU3NDoiW3siRmllbGQiOiJNb2R1bGVJZCIsIlR5cGUiOiJiaWdpbnQoMjApIHVuc2lnbmVkIiwiTnVsbCI6Ik5PIiwiS2V5IjoiUFJJIiwiRGVmYXVsdCI6bnVsbCwiRXh0cmEiOiJhdXRvX2luY3JlbWVudCJ9LHsiRmllbGQiOiJNb2R1bGUiLCJUeXBlIjoidmFyY2hhcigxMDApIiwiTnVsbCI6Ik5PIiwiS2V5IjoiIiwiRGVmYXVsdCI6IiIsIkV4dHJhIjoiIn0seyJGaWVsZCI6IkxhYmVsTW9kdWxlIiwiVHlwZSI6InZhcmNoYXIoMTAwKSIsIk51bGwiOiJOTyIsIktleSI6IiIsIkRlZmF1bHQiOiIiLCJFeHRyYSI6IiJ9LHsiRmllbGQiOiJTdWJNb2R1bGUiLCJUeXBlIjoidmFyY2hhcigxMDApIiwiTnVsbCI6Ik5PIiwiS2V5IjoiIiwiRGVmYXVsdCI6IiIsIkV4dHJhIjoiIn0seyJGaWVsZCI6IkFjdGlvbiIsIlR5cGUiOiJ2YXJjaGFyKDEwMCkiLCJOdWxsIjoiWUVTIiwiS2V5IjoiIiwiRGVmYXVsdCI6InZpZXciLCJFeHRyYSI6IiJ9LHsiRmllbGQiOiJUeXBlIiwiVHlwZSI6InZhcmNoYXIoMTAwKSIsIk51bGwiOiJZRVMiLCJLZXkiOiIiLCJEZWZhdWx0IjoiaHRtbCIsIkV4dHJhIjoiIn0seyJGaWVsZCI6IkRlc2NyaXB0aW9uIiwiVHlwZSI6InRleHQiLCJOdWxsIjoiWUVTIiwiS2V5IjoiIiwiRGVmYXVsdCI6bnVsbCwiRXh0cmEiOiIifSx7IkZpZWxkIjoiQWNjZXNzIiwiVHlwZSI6ImVudW0oJ0FsbCcsJ0V4Y2x1c2l2ZScpIiwiTnVsbCI6Ik5PIiwiS2V5IjoiIiwiRGVmYXVsdCI6IkV4Y2x1c2l2ZSIsIkV4dHJhIjoiIn0seyJGaWVsZCI6IlNob3ciLCJUeXBlIjoiZW51bSgnWWVzJywnTm8nKSIsIk51bGwiOiJZRVMiLCJLZXkiOiIiLCJEZWZhdWx0IjoiTm8iLCJFeHRyYSI6IiJ9LHsiRmllbGQiOiJJY29uUGF0aCIsIlR5cGUiOiJ2YXJjaGFyKDI1NSkiLCJOdWxsIjoiWUVTIiwiS2V5IjoiIiwiRGVmYXVsdCI6bnVsbCwiRXh0cmEiOiIifSx7IkZpZWxkIjoiTWVudUlkIiwiVHlwZSI6ImludCg2KSIsIk51bGwiOiJZRVMiLCJLZXkiOiJNVUwiLCJEZWZhdWx0IjpudWxsLCJFeHRyYSI6IiJ9LHsiRmllbGQiOiJBcHBsaWNhdGlvbklkIiwiVHlwZSI6ImJpZ2ludCgyMCkiLCJOdWxsIjoiWUVTIiwiS2V5IjoiTVVMIiwiRGVmYXVsdCI6bnVsbCwiRXh0cmEiOiIifSx7IkZpZWxkIjoiTW9kdWxlUGF0aCIsIlR5cGUiOiJ2YXJjaGFyKDI1NSkiLCJOdWxsIjoiWUVTIiwiS2V5IjoiIiwiRGVmYXVsdCI6bnVsbCwiRXh0cmEiOiIifSx7IkZpZWxkIjoiQWtzaUlkIiwiVHlwZSI6InNtYWxsaW50KDYpIiwiTnVsbCI6IllFUyIsIktleSI6Ik1VTCIsIkRlZmF1bHQiOm51bGwsIkV4dHJhIjoiIn0seyJGaWVsZCI6IkxhYmVsQWtzaSIsIlR5cGUiOiJ2YXJjaGFyKDUwKSIsIk51bGwiOiJZRVMiLCJLZXkiOiIiLCJEZWZhdWx0IjpudWxsLCJFeHRyYSI6IiJ9LHsiRmllbGQiOiJIaW50IiwiVHlwZSI6InZhcmNoYXIoMTAwKSIsIk51bGwiOiJZRVMiLCJLZXkiOiIiLCJEZWZhdWx0IjpudWxsLCJFeHRyYSI6IiJ9LHsiRmllbGQiOiJOZWVkU3NsIiwiVHlwZSI6ImVudW0oJ1llcycsJ05vJykiLCJOdWxsIjoiWUVTIiwiS2V5IjoiIiwiRGVmYXVsdCI6bnVsbCwiRXh0cmEiOiIifV0iO21lc3Nlbmdlcl9xdWV1ZXxzOjE0NDoiTzoxMjoiTWVzc2FnZVF1ZXVlIjozOntzOjMxOiIATWVzc2FnZVF1ZXVlAG1DdXJyZW50UmVxdWVzdElkIjtpOjE7czoyODoiAE1lc3NhZ2VRdWV1ZQBtTmV4dFJlcXVlc3RJZCI7aToyO3M6MjM6IgBNZXNzYWdlUXVldWUAbU1lc3NhZ2VzIjthOjA6e319Ijs=','2014-03-28 09:09:36'),('o7t30heousinrqrtvscmhf5ih0','aXNfbG9nZ2VkX2lufGI6MDt1c2VybmFtZXxzOjY6Im5vYm9keSI7YWNjZXNzX21vZHVsZXxhOjI6e3M6NjoibW9kdWxlIjtzOjM5OiJ7ImxvZ2luX2RlZmF1bHRsb2dpbnZpZXdodG1sMjAwIjoiNzYyIn0iO3M6NDoidXNlciI7czo4OiIibm9ib2R5IiI7fXNhbHR8aToxNjM0Njg1OTYwO2xvZ2luX3NhbHR8aToxNjM0Njg1OTYwO2Rlc2NyaWJlX2d0ZndfbW9kdWxlfHM6MTU3NDoiW3siRmllbGQiOiJNb2R1bGVJZCIsIlR5cGUiOiJiaWdpbnQoMjApIHVuc2lnbmVkIiwiTnVsbCI6Ik5PIiwiS2V5IjoiUFJJIiwiRGVmYXVsdCI6bnVsbCwiRXh0cmEiOiJhdXRvX2luY3JlbWVudCJ9LHsiRmllbGQiOiJNb2R1bGUiLCJUeXBlIjoidmFyY2hhcigxMDApIiwiTnVsbCI6Ik5PIiwiS2V5IjoiIiwiRGVmYXVsdCI6IiIsIkV4dHJhIjoiIn0seyJGaWVsZCI6IkxhYmVsTW9kdWxlIiwiVHlwZSI6InZhcmNoYXIoMTAwKSIsIk51bGwiOiJOTyIsIktleSI6IiIsIkRlZmF1bHQiOiIiLCJFeHRyYSI6IiJ9LHsiRmllbGQiOiJTdWJNb2R1bGUiLCJUeXBlIjoidmFyY2hhcigxMDApIiwiTnVsbCI6Ik5PIiwiS2V5IjoiIiwiRGVmYXVsdCI6IiIsIkV4dHJhIjoiIn0seyJGaWVsZCI6IkFjdGlvbiIsIlR5cGUiOiJ2YXJjaGFyKDEwMCkiLCJOdWxsIjoiWUVTIiwiS2V5IjoiIiwiRGVmYXVsdCI6InZpZXciLCJFeHRyYSI6IiJ9LHsiRmllbGQiOiJUeXBlIiwiVHlwZSI6InZhcmNoYXIoMTAwKSIsIk51bGwiOiJZRVMiLCJLZXkiOiIiLCJEZWZhdWx0IjoiaHRtbCIsIkV4dHJhIjoiIn0seyJGaWVsZCI6IkRlc2NyaXB0aW9uIiwiVHlwZSI6InRleHQiLCJOdWxsIjoiWUVTIiwiS2V5IjoiIiwiRGVmYXVsdCI6bnVsbCwiRXh0cmEiOiIifSx7IkZpZWxkIjoiQWNjZXNzIiwiVHlwZSI6ImVudW0oJ0FsbCcsJ0V4Y2x1c2l2ZScpIiwiTnVsbCI6Ik5PIiwiS2V5IjoiIiwiRGVmYXVsdCI6IkV4Y2x1c2l2ZSIsIkV4dHJhIjoiIn0seyJGaWVsZCI6IlNob3ciLCJUeXBlIjoiZW51bSgnWWVzJywnTm8nKSIsIk51bGwiOiJZRVMiLCJLZXkiOiIiLCJEZWZhdWx0IjoiTm8iLCJFeHRyYSI6IiJ9LHsiRmllbGQiOiJJY29uUGF0aCIsIlR5cGUiOiJ2YXJjaGFyKDI1NSkiLCJOdWxsIjoiWUVTIiwiS2V5IjoiIiwiRGVmYXVsdCI6bnVsbCwiRXh0cmEiOiIifSx7IkZpZWxkIjoiTWVudUlkIiwiVHlwZSI6ImludCg2KSIsIk51bGwiOiJZRVMiLCJLZXkiOiJNVUwiLCJEZWZhdWx0IjpudWxsLCJFeHRyYSI6IiJ9LHsiRmllbGQiOiJBcHBsaWNhdGlvbklkIiwiVHlwZSI6ImJpZ2ludCgyMCkiLCJOdWxsIjoiWUVTIiwiS2V5IjoiTVVMIiwiRGVmYXVsdCI6bnVsbCwiRXh0cmEiOiIifSx7IkZpZWxkIjoiTW9kdWxlUGF0aCIsIlR5cGUiOiJ2YXJjaGFyKDI1NSkiLCJOdWxsIjoiWUVTIiwiS2V5IjoiIiwiRGVmYXVsdCI6bnVsbCwiRXh0cmEiOiIifSx7IkZpZWxkIjoiQWtzaUlkIiwiVHlwZSI6InNtYWxsaW50KDYpIiwiTnVsbCI6IllFUyIsIktleSI6Ik1VTCIsIkRlZmF1bHQiOm51bGwsIkV4dHJhIjoiIn0seyJGaWVsZCI6IkxhYmVsQWtzaSIsIlR5cGUiOiJ2YXJjaGFyKDUwKSIsIk51bGwiOiJZRVMiLCJLZXkiOiIiLCJEZWZhdWx0IjpudWxsLCJFeHRyYSI6IiJ9LHsiRmllbGQiOiJIaW50IiwiVHlwZSI6InZhcmNoYXIoMTAwKSIsIk51bGwiOiJZRVMiLCJLZXkiOiIiLCJEZWZhdWx0IjpudWxsLCJFeHRyYSI6IiJ9LHsiRmllbGQiOiJOZWVkU3NsIiwiVHlwZSI6ImVudW0oJ1llcycsJ05vJykiLCJOdWxsIjoiWUVTIiwiS2V5IjoiIiwiRGVmYXVsdCI6bnVsbCwiRXh0cmEiOiIifV0iO21lc3Nlbmdlcl9xdWV1ZXxzOjE0NDoiTzoxMjoiTWVzc2FnZVF1ZXVlIjozOntzOjMxOiIATWVzc2FnZVF1ZXVlAG1DdXJyZW50UmVxdWVzdElkIjtpOjE7czoyODoiAE1lc3NhZ2VRdWV1ZQBtTmV4dFJlcXVlc3RJZCI7aToyO3M6MjM6IgBNZXNzYWdlUXVldWUAbU1lc3NhZ2VzIjthOjA6e319Ijs=','2014-03-28 09:10:22'),('ns9hq4tfcr9jl9q1a2auvv9gs6','aXNfbG9nZ2VkX2lufGI6MDt1c2VybmFtZXxzOjY6Im5vYm9keSI7YWNjZXNzX21vZHVsZXxhOjI6e3M6NjoibW9kdWxlIjtzOjM5OiJ7ImxvZ2luX2RlZmF1bHRsb2dpbnZpZXdodG1sMjAwIjoiNzYyIn0iO3M6NDoidXNlciI7czo4OiIibm9ib2R5IiI7fXNhbHR8aTo4NTI1MDM1MDQ7bG9naW5fc2FsdHxpOjg1MjUwMzUwNDtkZXNjcmliZV9ndGZ3X21vZHVsZXxzOjE1NzQ6Ilt7IkZpZWxkIjoiTW9kdWxlSWQiLCJUeXBlIjoiYmlnaW50KDIwKSB1bnNpZ25lZCIsIk51bGwiOiJOTyIsIktleSI6IlBSSSIsIkRlZmF1bHQiOm51bGwsIkV4dHJhIjoiYXV0b19pbmNyZW1lbnQifSx7IkZpZWxkIjoiTW9kdWxlIiwiVHlwZSI6InZhcmNoYXIoMTAwKSIsIk51bGwiOiJOTyIsIktleSI6IiIsIkRlZmF1bHQiOiIiLCJFeHRyYSI6IiJ9LHsiRmllbGQiOiJMYWJlbE1vZHVsZSIsIlR5cGUiOiJ2YXJjaGFyKDEwMCkiLCJOdWxsIjoiTk8iLCJLZXkiOiIiLCJEZWZhdWx0IjoiIiwiRXh0cmEiOiIifSx7IkZpZWxkIjoiU3ViTW9kdWxlIiwiVHlwZSI6InZhcmNoYXIoMTAwKSIsIk51bGwiOiJOTyIsIktleSI6IiIsIkRlZmF1bHQiOiIiLCJFeHRyYSI6IiJ9LHsiRmllbGQiOiJBY3Rpb24iLCJUeXBlIjoidmFyY2hhcigxMDApIiwiTnVsbCI6IllFUyIsIktleSI6IiIsIkRlZmF1bHQiOiJ2aWV3IiwiRXh0cmEiOiIifSx7IkZpZWxkIjoiVHlwZSIsIlR5cGUiOiJ2YXJjaGFyKDEwMCkiLCJOdWxsIjoiWUVTIiwiS2V5IjoiIiwiRGVmYXVsdCI6Imh0bWwiLCJFeHRyYSI6IiJ9LHsiRmllbGQiOiJEZXNjcmlwdGlvbiIsIlR5cGUiOiJ0ZXh0IiwiTnVsbCI6IllFUyIsIktleSI6IiIsIkRlZmF1bHQiOm51bGwsIkV4dHJhIjoiIn0seyJGaWVsZCI6IkFjY2VzcyIsIlR5cGUiOiJlbnVtKCdBbGwnLCdFeGNsdXNpdmUnKSIsIk51bGwiOiJOTyIsIktleSI6IiIsIkRlZmF1bHQiOiJFeGNsdXNpdmUiLCJFeHRyYSI6IiJ9LHsiRmllbGQiOiJTaG93IiwiVHlwZSI6ImVudW0oJ1llcycsJ05vJykiLCJOdWxsIjoiWUVTIiwiS2V5IjoiIiwiRGVmYXVsdCI6Ik5vIiwiRXh0cmEiOiIifSx7IkZpZWxkIjoiSWNvblBhdGgiLCJUeXBlIjoidmFyY2hhcigyNTUpIiwiTnVsbCI6IllFUyIsIktleSI6IiIsIkRlZmF1bHQiOm51bGwsIkV4dHJhIjoiIn0seyJGaWVsZCI6Ik1lbnVJZCIsIlR5cGUiOiJpbnQoNikiLCJOdWxsIjoiWUVTIiwiS2V5IjoiTVVMIiwiRGVmYXVsdCI6bnVsbCwiRXh0cmEiOiIifSx7IkZpZWxkIjoiQXBwbGljYXRpb25JZCIsIlR5cGUiOiJiaWdpbnQoMjApIiwiTnVsbCI6IllFUyIsIktleSI6Ik1VTCIsIkRlZmF1bHQiOm51bGwsIkV4dHJhIjoiIn0seyJGaWVsZCI6Ik1vZHVsZVBhdGgiLCJUeXBlIjoidmFyY2hhcigyNTUpIiwiTnVsbCI6IllFUyIsIktleSI6IiIsIkRlZmF1bHQiOm51bGwsIkV4dHJhIjoiIn0seyJGaWVsZCI6IkFrc2lJZCIsIlR5cGUiOiJzbWFsbGludCg2KSIsIk51bGwiOiJZRVMiLCJLZXkiOiJNVUwiLCJEZWZhdWx0IjpudWxsLCJFeHRyYSI6IiJ9LHsiRmllbGQiOiJMYWJlbEFrc2kiLCJUeXBlIjoidmFyY2hhcig1MCkiLCJOdWxsIjoiWUVTIiwiS2V5IjoiIiwiRGVmYXVsdCI6bnVsbCwiRXh0cmEiOiIifSx7IkZpZWxkIjoiSGludCIsIlR5cGUiOiJ2YXJjaGFyKDEwMCkiLCJOdWxsIjoiWUVTIiwiS2V5IjoiIiwiRGVmYXVsdCI6bnVsbCwiRXh0cmEiOiIifSx7IkZpZWxkIjoiTmVlZFNzbCIsIlR5cGUiOiJlbnVtKCdZZXMnLCdObycpIiwiTnVsbCI6IllFUyIsIktleSI6IiIsIkRlZmF1bHQiOm51bGwsIkV4dHJhIjoiIn1dIjttZXNzZW5nZXJfcXVldWV8czoxNDQ6Ik86MTI6Ik1lc3NhZ2VRdWV1ZSI6Mzp7czozMToiAE1lc3NhZ2VRdWV1ZQBtQ3VycmVudFJlcXVlc3RJZCI7aToxO3M6Mjg6IgBNZXNzYWdlUXVldWUAbU5leHRSZXF1ZXN0SWQiO2k6MjtzOjIzOiIATWVzc2FnZVF1ZXVlAG1NZXNzYWdlcyI7YTowOnt9fSI7','2014-03-28 09:10:22'),('4fln01o46qj62gq2mvtf1dnjr3','aXNfbG9nZ2VkX2lufGI6MDt1c2VybmFtZXxzOjY6Im5vYm9keSI7YWNjZXNzX21vZHVsZXxhOjI6e3M6NjoibW9kdWxlIjtzOjM5OiJ7ImxvZ2luX2RlZmF1bHRsb2dpbnZpZXdodG1sMjAwIjoiNzYyIn0iO3M6NDoidXNlciI7czo4OiIibm9ib2R5IiI7fXNhbHR8aTo2NDMwNDY4MTM7bG9naW5fc2FsdHxpOjY0MzA0NjgxMztkZXNjcmliZV9ndGZ3X21vZHVsZXxzOjE1NzQ6Ilt7IkZpZWxkIjoiTW9kdWxlSWQiLCJUeXBlIjoiYmlnaW50KDIwKSB1bnNpZ25lZCIsIk51bGwiOiJOTyIsIktleSI6IlBSSSIsIkRlZmF1bHQiOm51bGwsIkV4dHJhIjoiYXV0b19pbmNyZW1lbnQifSx7IkZpZWxkIjoiTW9kdWxlIiwiVHlwZSI6InZhcmNoYXIoMTAwKSIsIk51bGwiOiJOTyIsIktleSI6IiIsIkRlZmF1bHQiOiIiLCJFeHRyYSI6IiJ9LHsiRmllbGQiOiJMYWJlbE1vZHVsZSIsIlR5cGUiOiJ2YXJjaGFyKDEwMCkiLCJOdWxsIjoiTk8iLCJLZXkiOiIiLCJEZWZhdWx0IjoiIiwiRXh0cmEiOiIifSx7IkZpZWxkIjoiU3ViTW9kdWxlIiwiVHlwZSI6InZhcmNoYXIoMTAwKSIsIk51bGwiOiJOTyIsIktleSI6IiIsIkRlZmF1bHQiOiIiLCJFeHRyYSI6IiJ9LHsiRmllbGQiOiJBY3Rpb24iLCJUeXBlIjoidmFyY2hhcigxMDApIiwiTnVsbCI6IllFUyIsIktleSI6IiIsIkRlZmF1bHQiOiJ2aWV3IiwiRXh0cmEiOiIifSx7IkZpZWxkIjoiVHlwZSIsIlR5cGUiOiJ2YXJjaGFyKDEwMCkiLCJOdWxsIjoiWUVTIiwiS2V5IjoiIiwiRGVmYXVsdCI6Imh0bWwiLCJFeHRyYSI6IiJ9LHsiRmllbGQiOiJEZXNjcmlwdGlvbiIsIlR5cGUiOiJ0ZXh0IiwiTnVsbCI6IllFUyIsIktleSI6IiIsIkRlZmF1bHQiOm51bGwsIkV4dHJhIjoiIn0seyJGaWVsZCI6IkFjY2VzcyIsIlR5cGUiOiJlbnVtKCdBbGwnLCdFeGNsdXNpdmUnKSIsIk51bGwiOiJOTyIsIktleSI6IiIsIkRlZmF1bHQiOiJFeGNsdXNpdmUiLCJFeHRyYSI6IiJ9LHsiRmllbGQiOiJTaG93IiwiVHlwZSI6ImVudW0oJ1llcycsJ05vJykiLCJOdWxsIjoiWUVTIiwiS2V5IjoiIiwiRGVmYXVsdCI6Ik5vIiwiRXh0cmEiOiIifSx7IkZpZWxkIjoiSWNvblBhdGgiLCJUeXBlIjoidmFyY2hhcigyNTUpIiwiTnVsbCI6IllFUyIsIktleSI6IiIsIkRlZmF1bHQiOm51bGwsIkV4dHJhIjoiIn0seyJGaWVsZCI6Ik1lbnVJZCIsIlR5cGUiOiJpbnQoNikiLCJOdWxsIjoiWUVTIiwiS2V5IjoiTVVMIiwiRGVmYXVsdCI6bnVsbCwiRXh0cmEiOiIifSx7IkZpZWxkIjoiQXBwbGljYXRpb25JZCIsIlR5cGUiOiJiaWdpbnQoMjApIiwiTnVsbCI6IllFUyIsIktleSI6Ik1VTCIsIkRlZmF1bHQiOm51bGwsIkV4dHJhIjoiIn0seyJGaWVsZCI6Ik1vZHVsZVBhdGgiLCJUeXBlIjoidmFyY2hhcigyNTUpIiwiTnVsbCI6IllFUyIsIktleSI6IiIsIkRlZmF1bHQiOm51bGwsIkV4dHJhIjoiIn0seyJGaWVsZCI6IkFrc2lJZCIsIlR5cGUiOiJzbWFsbGludCg2KSIsIk51bGwiOiJZRVMiLCJLZXkiOiJNVUwiLCJEZWZhdWx0IjpudWxsLCJFeHRyYSI6IiJ9LHsiRmllbGQiOiJMYWJlbEFrc2kiLCJUeXBlIjoidmFyY2hhcig1MCkiLCJOdWxsIjoiWUVTIiwiS2V5IjoiIiwiRGVmYXVsdCI6bnVsbCwiRXh0cmEiOiIifSx7IkZpZWxkIjoiSGludCIsIlR5cGUiOiJ2YXJjaGFyKDEwMCkiLCJOdWxsIjoiWUVTIiwiS2V5IjoiIiwiRGVmYXVsdCI6bnVsbCwiRXh0cmEiOiIifSx7IkZpZWxkIjoiTmVlZFNzbCIsIlR5cGUiOiJlbnVtKCdZZXMnLCdObycpIiwiTnVsbCI6IllFUyIsIktleSI6IiIsIkRlZmF1bHQiOm51bGwsIkV4dHJhIjoiIn1dIjttZXNzZW5nZXJfcXVldWV8czoxNDQ6Ik86MTI6Ik1lc3NhZ2VRdWV1ZSI6Mzp7czozMToiAE1lc3NhZ2VRdWV1ZQBtQ3VycmVudFJlcXVlc3RJZCI7aToxO3M6Mjg6IgBNZXNzYWdlUXVldWUAbU5leHRSZXF1ZXN0SWQiO2k6MjtzOjIzOiIATWVzc2FnZVF1ZXVlAG1NZXNzYWdlcyI7YTowOnt9fSI7','2014-03-28 09:10:24'),('4le4jq153ikiu48vedmoj2oe31','aXNfbG9nZ2VkX2lufGI6MDt1c2VybmFtZXxzOjU6ImFkbWluIjthY2Nlc3NfbW9kdWxlfGE6Mjp7czo2OiJtb2R1bGUiO3M6Mzc6InsibG9naW5fZGVmYXVsdGxvZ2luZG9odG1sMjAwIjoiNzU5In0iO3M6NDoidXNlciI7czo4OiIibm9ib2R5IiI7fXNhbHR8aToxNTk0ODgxMjU0O2FrdGl2ZV91c2VyX2dyb3VwX2lkfHM6MjoiNjMiO21lc3Nlbmdlcl9xdWV1ZXxzOjE0NDoiTzoxMjoiTWVzc2FnZVF1ZXVlIjozOntzOjMxOiIATWVzc2FnZVF1ZXVlAG1DdXJyZW50UmVxdWVzdElkIjtpOjE7czoyODoiAE1lc3NhZ2VRdWV1ZQBtTmV4dFJlcXVlc3RJZCI7aToyO3M6MjM6IgBNZXNzYWdlUXVldWUAbU1lc3NhZ2VzIjthOjA6e319Ijs=','2014-03-28 09:10:28'),('d09kdr09dak4bqd8r5pamb0kq7','aXNfbG9nZ2VkX2lufGI6MDt1c2VybmFtZXxzOjY6Im5vYm9keSI7YWNjZXNzX21vZHVsZXxhOjI6e3M6NjoibW9kdWxlIjtzOjM5OiJ7ImxvZ2luX2RlZmF1bHRsb2dpbnZpZXdodG1sMjAwIjoiNzYyIn0iO3M6NDoidXNlciI7czo4OiIibm9ib2R5IiI7fXNhbHR8aToxMTU0MTM0OTM1O2xvZ2luX3NhbHR8aToxMTU0MTM0OTM1O2Rlc2NyaWJlX2d0ZndfbW9kdWxlfHM6MTU3NDoiW3siRmllbGQiOiJNb2R1bGVJZCIsIlR5cGUiOiJiaWdpbnQoMjApIHVuc2lnbmVkIiwiTnVsbCI6Ik5PIiwiS2V5IjoiUFJJIiwiRGVmYXVsdCI6bnVsbCwiRXh0cmEiOiJhdXRvX2luY3JlbWVudCJ9LHsiRmllbGQiOiJNb2R1bGUiLCJUeXBlIjoidmFyY2hhcigxMDApIiwiTnVsbCI6Ik5PIiwiS2V5IjoiIiwiRGVmYXVsdCI6IiIsIkV4dHJhIjoiIn0seyJGaWVsZCI6IkxhYmVsTW9kdWxlIiwiVHlwZSI6InZhcmNoYXIoMTAwKSIsIk51bGwiOiJOTyIsIktleSI6IiIsIkRlZmF1bHQiOiIiLCJFeHRyYSI6IiJ9LHsiRmllbGQiOiJTdWJNb2R1bGUiLCJUeXBlIjoidmFyY2hhcigxMDApIiwiTnVsbCI6Ik5PIiwiS2V5IjoiIiwiRGVmYXVsdCI6IiIsIkV4dHJhIjoiIn0seyJGaWVsZCI6IkFjdGlvbiIsIlR5cGUiOiJ2YXJjaGFyKDEwMCkiLCJOdWxsIjoiWUVTIiwiS2V5IjoiIiwiRGVmYXVsdCI6InZpZXciLCJFeHRyYSI6IiJ9LHsiRmllbGQiOiJUeXBlIiwiVHlwZSI6InZhcmNoYXIoMTAwKSIsIk51bGwiOiJZRVMiLCJLZXkiOiIiLCJEZWZhdWx0IjoiaHRtbCIsIkV4dHJhIjoiIn0seyJGaWVsZCI6IkRlc2NyaXB0aW9uIiwiVHlwZSI6InRleHQiLCJOdWxsIjoiWUVTIiwiS2V5IjoiIiwiRGVmYXVsdCI6bnVsbCwiRXh0cmEiOiIifSx7IkZpZWxkIjoiQWNjZXNzIiwiVHlwZSI6ImVudW0oJ0FsbCcsJ0V4Y2x1c2l2ZScpIiwiTnVsbCI6Ik5PIiwiS2V5IjoiIiwiRGVmYXVsdCI6IkV4Y2x1c2l2ZSIsIkV4dHJhIjoiIn0seyJGaWVsZCI6IlNob3ciLCJUeXBlIjoiZW51bSgnWWVzJywnTm8nKSIsIk51bGwiOiJZRVMiLCJLZXkiOiIiLCJEZWZhdWx0IjoiTm8iLCJFeHRyYSI6IiJ9LHsiRmllbGQiOiJJY29uUGF0aCIsIlR5cGUiOiJ2YXJjaGFyKDI1NSkiLCJOdWxsIjoiWUVTIiwiS2V5IjoiIiwiRGVmYXVsdCI6bnVsbCwiRXh0cmEiOiIifSx7IkZpZWxkIjoiTWVudUlkIiwiVHlwZSI6ImludCg2KSIsIk51bGwiOiJZRVMiLCJLZXkiOiJNVUwiLCJEZWZhdWx0IjpudWxsLCJFeHRyYSI6IiJ9LHsiRmllbGQiOiJBcHBsaWNhdGlvbklkIiwiVHlwZSI6ImJpZ2ludCgyMCkiLCJOdWxsIjoiWUVTIiwiS2V5IjoiTVVMIiwiRGVmYXVsdCI6bnVsbCwiRXh0cmEiOiIifSx7IkZpZWxkIjoiTW9kdWxlUGF0aCIsIlR5cGUiOiJ2YXJjaGFyKDI1NSkiLCJOdWxsIjoiWUVTIiwiS2V5IjoiIiwiRGVmYXVsdCI6bnVsbCwiRXh0cmEiOiIifSx7IkZpZWxkIjoiQWtzaUlkIiwiVHlwZSI6InNtYWxsaW50KDYpIiwiTnVsbCI6IllFUyIsIktleSI6Ik1VTCIsIkRlZmF1bHQiOm51bGwsIkV4dHJhIjoiIn0seyJGaWVsZCI6IkxhYmVsQWtzaSIsIlR5cGUiOiJ2YXJjaGFyKDUwKSIsIk51bGwiOiJZRVMiLCJLZXkiOiIiLCJEZWZhdWx0IjpudWxsLCJFeHRyYSI6IiJ9LHsiRmllbGQiOiJIaW50IiwiVHlwZSI6InZhcmNoYXIoMTAwKSIsIk51bGwiOiJZRVMiLCJLZXkiOiIiLCJEZWZhdWx0IjpudWxsLCJFeHRyYSI6IiJ9LHsiRmllbGQiOiJOZWVkU3NsIiwiVHlwZSI6ImVudW0oJ1llcycsJ05vJykiLCJOdWxsIjoiWUVTIiwiS2V5IjoiIiwiRGVmYXVsdCI6bnVsbCwiRXh0cmEiOiIifV0iO21lc3Nlbmdlcl9xdWV1ZXxzOjE0NDoiTzoxMjoiTWVzc2FnZVF1ZXVlIjozOntzOjMxOiIATWVzc2FnZVF1ZXVlAG1DdXJyZW50UmVxdWVzdElkIjtpOjE7czoyODoiAE1lc3NhZ2VRdWV1ZQBtTmV4dFJlcXVlc3RJZCI7aToyO3M6MjM6IgBNZXNzYWdlUXVldWUAbU1lc3NhZ2VzIjthOjA6e319Ijs=','2014-03-28 09:10:28'),('dsjnui4h5mtr3v49hlcvapel27','aXNfbG9nZ2VkX2lufGI6MDt1c2VybmFtZXxzOjY6Im5vYm9keSI7YWNjZXNzX21vZHVsZXxhOjI6e3M6NjoibW9kdWxlIjtzOjM5OiJ7ImxvZ2luX2RlZmF1bHRsb2dpbnZpZXdodG1sMjAwIjoiNzYyIn0iO3M6NDoidXNlciI7czo4OiIibm9ib2R5IiI7fXNhbHR8aToxODMzNDg0Nzk5O2xvZ2luX3NhbHR8aToxODMzNDg0Nzk5O2Rlc2NyaWJlX2d0ZndfbW9kdWxlfHM6MTU3NDoiW3siRmllbGQiOiJNb2R1bGVJZCIsIlR5cGUiOiJiaWdpbnQoMjApIHVuc2lnbmVkIiwiTnVsbCI6Ik5PIiwiS2V5IjoiUFJJIiwiRGVmYXVsdCI6bnVsbCwiRXh0cmEiOiJhdXRvX2luY3JlbWVudCJ9LHsiRmllbGQiOiJNb2R1bGUiLCJUeXBlIjoidmFyY2hhcigxMDApIiwiTnVsbCI6Ik5PIiwiS2V5IjoiIiwiRGVmYXVsdCI6IiIsIkV4dHJhIjoiIn0seyJGaWVsZCI6IkxhYmVsTW9kdWxlIiwiVHlwZSI6InZhcmNoYXIoMTAwKSIsIk51bGwiOiJOTyIsIktleSI6IiIsIkRlZmF1bHQiOiIiLCJFeHRyYSI6IiJ9LHsiRmllbGQiOiJTdWJNb2R1bGUiLCJUeXBlIjoidmFyY2hhcigxMDApIiwiTnVsbCI6Ik5PIiwiS2V5IjoiIiwiRGVmYXVsdCI6IiIsIkV4dHJhIjoiIn0seyJGaWVsZCI6IkFjdGlvbiIsIlR5cGUiOiJ2YXJjaGFyKDEwMCkiLCJOdWxsIjoiWUVTIiwiS2V5IjoiIiwiRGVmYXVsdCI6InZpZXciLCJFeHRyYSI6IiJ9LHsiRmllbGQiOiJUeXBlIiwiVHlwZSI6InZhcmNoYXIoMTAwKSIsIk51bGwiOiJZRVMiLCJLZXkiOiIiLCJEZWZhdWx0IjoiaHRtbCIsIkV4dHJhIjoiIn0seyJGaWVsZCI6IkRlc2NyaXB0aW9uIiwiVHlwZSI6InRleHQiLCJOdWxsIjoiWUVTIiwiS2V5IjoiIiwiRGVmYXVsdCI6bnVsbCwiRXh0cmEiOiIifSx7IkZpZWxkIjoiQWNjZXNzIiwiVHlwZSI6ImVudW0oJ0FsbCcsJ0V4Y2x1c2l2ZScpIiwiTnVsbCI6Ik5PIiwiS2V5IjoiIiwiRGVmYXVsdCI6IkV4Y2x1c2l2ZSIsIkV4dHJhIjoiIn0seyJGaWVsZCI6IlNob3ciLCJUeXBlIjoiZW51bSgnWWVzJywnTm8nKSIsIk51bGwiOiJZRVMiLCJLZXkiOiIiLCJEZWZhdWx0IjoiTm8iLCJFeHRyYSI6IiJ9LHsiRmllbGQiOiJJY29uUGF0aCIsIlR5cGUiOiJ2YXJjaGFyKDI1NSkiLCJOdWxsIjoiWUVTIiwiS2V5IjoiIiwiRGVmYXVsdCI6bnVsbCwiRXh0cmEiOiIifSx7IkZpZWxkIjoiTWVudUlkIiwiVHlwZSI6ImludCg2KSIsIk51bGwiOiJZRVMiLCJLZXkiOiJNVUwiLCJEZWZhdWx0IjpudWxsLCJFeHRyYSI6IiJ9LHsiRmllbGQiOiJBcHBsaWNhdGlvbklkIiwiVHlwZSI6ImJpZ2ludCgyMCkiLCJOdWxsIjoiWUVTIiwiS2V5IjoiTVVMIiwiRGVmYXVsdCI6bnVsbCwiRXh0cmEiOiIifSx7IkZpZWxkIjoiTW9kdWxlUGF0aCIsIlR5cGUiOiJ2YXJjaGFyKDI1NSkiLCJOdWxsIjoiWUVTIiwiS2V5IjoiIiwiRGVmYXVsdCI6bnVsbCwiRXh0cmEiOiIifSx7IkZpZWxkIjoiQWtzaUlkIiwiVHlwZSI6InNtYWxsaW50KDYpIiwiTnVsbCI6IllFUyIsIktleSI6Ik1VTCIsIkRlZmF1bHQiOm51bGwsIkV4dHJhIjoiIn0seyJGaWVsZCI6IkxhYmVsQWtzaSIsIlR5cGUiOiJ2YXJjaGFyKDUwKSIsIk51bGwiOiJZRVMiLCJLZXkiOiIiLCJEZWZhdWx0IjpudWxsLCJFeHRyYSI6IiJ9LHsiRmllbGQiOiJIaW50IiwiVHlwZSI6InZhcmNoYXIoMTAwKSIsIk51bGwiOiJZRVMiLCJLZXkiOiIiLCJEZWZhdWx0IjpudWxsLCJFeHRyYSI6IiJ9LHsiRmllbGQiOiJOZWVkU3NsIiwiVHlwZSI6ImVudW0oJ1llcycsJ05vJykiLCJOdWxsIjoiWUVTIiwiS2V5IjoiIiwiRGVmYXVsdCI6bnVsbCwiRXh0cmEiOiIifV0iO21lc3Nlbmdlcl9xdWV1ZXxzOjE0NDoiTzoxMjoiTWVzc2FnZVF1ZXVlIjozOntzOjMxOiIATWVzc2FnZVF1ZXVlAG1DdXJyZW50UmVxdWVzdElkIjtpOjE7czoyODoiAE1lc3NhZ2VRdWV1ZQBtTmV4dFJlcXVlc3RJZCI7aToyO3M6MjM6IgBNZXNzYWdlUXVldWUAbU1lc3NhZ2VzIjthOjA6e319Ijs=','2014-03-28 09:10:30'),('thmaf1s9h7tjkm9qpciomsnis6','aXNfbG9nZ2VkX2lufGI6MDt1c2VybmFtZXxzOjY6Im5vYm9keSI7YWNjZXNzX21vZHVsZXxhOjI6e3M6NjoibW9kdWxlIjtzOjM5OiJ7ImxvZ2luX2RlZmF1bHRsb2dpbnZpZXdodG1sMjAwIjoiNzYyIn0iO3M6NDoidXNlciI7czo4OiIibm9ib2R5IiI7fXNhbHR8aTo5MzExNjYzMTk7bG9naW5fc2FsdHxpOjkzMTE2NjMxOTtkZXNjcmliZV9ndGZ3X21vZHVsZXxzOjE1NzQ6Ilt7IkZpZWxkIjoiTW9kdWxlSWQiLCJUeXBlIjoiYmlnaW50KDIwKSB1bnNpZ25lZCIsIk51bGwiOiJOTyIsIktleSI6IlBSSSIsIkRlZmF1bHQiOm51bGwsIkV4dHJhIjoiYXV0b19pbmNyZW1lbnQifSx7IkZpZWxkIjoiTW9kdWxlIiwiVHlwZSI6InZhcmNoYXIoMTAwKSIsIk51bGwiOiJOTyIsIktleSI6IiIsIkRlZmF1bHQiOiIiLCJFeHRyYSI6IiJ9LHsiRmllbGQiOiJMYWJlbE1vZHVsZSIsIlR5cGUiOiJ2YXJjaGFyKDEwMCkiLCJOdWxsIjoiTk8iLCJLZXkiOiIiLCJEZWZhdWx0IjoiIiwiRXh0cmEiOiIifSx7IkZpZWxkIjoiU3ViTW9kdWxlIiwiVHlwZSI6InZhcmNoYXIoMTAwKSIsIk51bGwiOiJOTyIsIktleSI6IiIsIkRlZmF1bHQiOiIiLCJFeHRyYSI6IiJ9LHsiRmllbGQiOiJBY3Rpb24iLCJUeXBlIjoidmFyY2hhcigxMDApIiwiTnVsbCI6IllFUyIsIktleSI6IiIsIkRlZmF1bHQiOiJ2aWV3IiwiRXh0cmEiOiIifSx7IkZpZWxkIjoiVHlwZSIsIlR5cGUiOiJ2YXJjaGFyKDEwMCkiLCJOdWxsIjoiWUVTIiwiS2V5IjoiIiwiRGVmYXVsdCI6Imh0bWwiLCJFeHRyYSI6IiJ9LHsiRmllbGQiOiJEZXNjcmlwdGlvbiIsIlR5cGUiOiJ0ZXh0IiwiTnVsbCI6IllFUyIsIktleSI6IiIsIkRlZmF1bHQiOm51bGwsIkV4dHJhIjoiIn0seyJGaWVsZCI6IkFjY2VzcyIsIlR5cGUiOiJlbnVtKCdBbGwnLCdFeGNsdXNpdmUnKSIsIk51bGwiOiJOTyIsIktleSI6IiIsIkRlZmF1bHQiOiJFeGNsdXNpdmUiLCJFeHRyYSI6IiJ9LHsiRmllbGQiOiJTaG93IiwiVHlwZSI6ImVudW0oJ1llcycsJ05vJykiLCJOdWxsIjoiWUVTIiwiS2V5IjoiIiwiRGVmYXVsdCI6Ik5vIiwiRXh0cmEiOiIifSx7IkZpZWxkIjoiSWNvblBhdGgiLCJUeXBlIjoidmFyY2hhcigyNTUpIiwiTnVsbCI6IllFUyIsIktleSI6IiIsIkRlZmF1bHQiOm51bGwsIkV4dHJhIjoiIn0seyJGaWVsZCI6Ik1lbnVJZCIsIlR5cGUiOiJpbnQoNikiLCJOdWxsIjoiWUVTIiwiS2V5IjoiTVVMIiwiRGVmYXVsdCI6bnVsbCwiRXh0cmEiOiIifSx7IkZpZWxkIjoiQXBwbGljYXRpb25JZCIsIlR5cGUiOiJiaWdpbnQoMjApIiwiTnVsbCI6IllFUyIsIktleSI6Ik1VTCIsIkRlZmF1bHQiOm51bGwsIkV4dHJhIjoiIn0seyJGaWVsZCI6Ik1vZHVsZVBhdGgiLCJUeXBlIjoidmFyY2hhcigyNTUpIiwiTnVsbCI6IllFUyIsIktleSI6IiIsIkRlZmF1bHQiOm51bGwsIkV4dHJhIjoiIn0seyJGaWVsZCI6IkFrc2lJZCIsIlR5cGUiOiJzbWFsbGludCg2KSIsIk51bGwiOiJZRVMiLCJLZXkiOiJNVUwiLCJEZWZhdWx0IjpudWxsLCJFeHRyYSI6IiJ9LHsiRmllbGQiOiJMYWJlbEFrc2kiLCJUeXBlIjoidmFyY2hhcig1MCkiLCJOdWxsIjoiWUVTIiwiS2V5IjoiIiwiRGVmYXVsdCI6bnVsbCwiRXh0cmEiOiIifSx7IkZpZWxkIjoiSGludCIsIlR5cGUiOiJ2YXJjaGFyKDEwMCkiLCJOdWxsIjoiWUVTIiwiS2V5IjoiIiwiRGVmYXVsdCI6bnVsbCwiRXh0cmEiOiIifSx7IkZpZWxkIjoiTmVlZFNzbCIsIlR5cGUiOiJlbnVtKCdZZXMnLCdObycpIiwiTnVsbCI6IllFUyIsIktleSI6IiIsIkRlZmF1bHQiOm51bGwsIkV4dHJhIjoiIn1dIjttZXNzZW5nZXJfcXVldWV8czoxNDQ6Ik86MTI6Ik1lc3NhZ2VRdWV1ZSI6Mzp7czozMToiAE1lc3NhZ2VRdWV1ZQBtQ3VycmVudFJlcXVlc3RJZCI7aToxO3M6Mjg6IgBNZXNzYWdlUXVldWUAbU5leHRSZXF1ZXN0SWQiO2k6MjtzOjIzOiIATWVzc2FnZVF1ZXVlAG1NZXNzYWdlcyI7YTowOnt9fSI7','2014-03-28 09:13:06'),('bnemndiop3o7nmpnjib3biu9m7','aXNfbG9nZ2VkX2lufGI6MDt1c2VybmFtZXxzOjY6Im5vYm9keSI7YWNjZXNzX21vZHVsZXxhOjI6e3M6NjoibW9kdWxlIjtzOjM5OiJ7ImxvZ2luX2RlZmF1bHRsb2dpbnZpZXdodG1sMjAwIjoiNzYyIn0iO3M6NDoidXNlciI7czo4OiIibm9ib2R5IiI7fXNhbHR8aToxNDk5NTQ5ODA2O2xvZ2luX3NhbHR8aToxNDk5NTQ5ODA2O2Rlc2NyaWJlX2d0ZndfbW9kdWxlfHM6MTU3NDoiW3siRmllbGQiOiJNb2R1bGVJZCIsIlR5cGUiOiJiaWdpbnQoMjApIHVuc2lnbmVkIiwiTnVsbCI6Ik5PIiwiS2V5IjoiUFJJIiwiRGVmYXVsdCI6bnVsbCwiRXh0cmEiOiJhdXRvX2luY3JlbWVudCJ9LHsiRmllbGQiOiJNb2R1bGUiLCJUeXBlIjoidmFyY2hhcigxMDApIiwiTnVsbCI6Ik5PIiwiS2V5IjoiIiwiRGVmYXVsdCI6IiIsIkV4dHJhIjoiIn0seyJGaWVsZCI6IkxhYmVsTW9kdWxlIiwiVHlwZSI6InZhcmNoYXIoMTAwKSIsIk51bGwiOiJOTyIsIktleSI6IiIsIkRlZmF1bHQiOiIiLCJFeHRyYSI6IiJ9LHsiRmllbGQiOiJTdWJNb2R1bGUiLCJUeXBlIjoidmFyY2hhcigxMDApIiwiTnVsbCI6Ik5PIiwiS2V5IjoiIiwiRGVmYXVsdCI6IiIsIkV4dHJhIjoiIn0seyJGaWVsZCI6IkFjdGlvbiIsIlR5cGUiOiJ2YXJjaGFyKDEwMCkiLCJOdWxsIjoiWUVTIiwiS2V5IjoiIiwiRGVmYXVsdCI6InZpZXciLCJFeHRyYSI6IiJ9LHsiRmllbGQiOiJUeXBlIiwiVHlwZSI6InZhcmNoYXIoMTAwKSIsIk51bGwiOiJZRVMiLCJLZXkiOiIiLCJEZWZhdWx0IjoiaHRtbCIsIkV4dHJhIjoiIn0seyJGaWVsZCI6IkRlc2NyaXB0aW9uIiwiVHlwZSI6InRleHQiLCJOdWxsIjoiWUVTIiwiS2V5IjoiIiwiRGVmYXVsdCI6bnVsbCwiRXh0cmEiOiIifSx7IkZpZWxkIjoiQWNjZXNzIiwiVHlwZSI6ImVudW0oJ0FsbCcsJ0V4Y2x1c2l2ZScpIiwiTnVsbCI6Ik5PIiwiS2V5IjoiIiwiRGVmYXVsdCI6IkV4Y2x1c2l2ZSIsIkV4dHJhIjoiIn0seyJGaWVsZCI6IlNob3ciLCJUeXBlIjoiZW51bSgnWWVzJywnTm8nKSIsIk51bGwiOiJZRVMiLCJLZXkiOiIiLCJEZWZhdWx0IjoiTm8iLCJFeHRyYSI6IiJ9LHsiRmllbGQiOiJJY29uUGF0aCIsIlR5cGUiOiJ2YXJjaGFyKDI1NSkiLCJOdWxsIjoiWUVTIiwiS2V5IjoiIiwiRGVmYXVsdCI6bnVsbCwiRXh0cmEiOiIifSx7IkZpZWxkIjoiTWVudUlkIiwiVHlwZSI6ImludCg2KSIsIk51bGwiOiJZRVMiLCJLZXkiOiJNVUwiLCJEZWZhdWx0IjpudWxsLCJFeHRyYSI6IiJ9LHsiRmllbGQiOiJBcHBsaWNhdGlvbklkIiwiVHlwZSI6ImJpZ2ludCgyMCkiLCJOdWxsIjoiWUVTIiwiS2V5IjoiTVVMIiwiRGVmYXVsdCI6bnVsbCwiRXh0cmEiOiIifSx7IkZpZWxkIjoiTW9kdWxlUGF0aCIsIlR5cGUiOiJ2YXJjaGFyKDI1NSkiLCJOdWxsIjoiWUVTIiwiS2V5IjoiIiwiRGVmYXVsdCI6bnVsbCwiRXh0cmEiOiIifSx7IkZpZWxkIjoiQWtzaUlkIiwiVHlwZSI6InNtYWxsaW50KDYpIiwiTnVsbCI6IllFUyIsIktleSI6Ik1VTCIsIkRlZmF1bHQiOm51bGwsIkV4dHJhIjoiIn0seyJGaWVsZCI6IkxhYmVsQWtzaSIsIlR5cGUiOiJ2YXJjaGFyKDUwKSIsIk51bGwiOiJZRVMiLCJLZXkiOiIiLCJEZWZhdWx0IjpudWxsLCJFeHRyYSI6IiJ9LHsiRmllbGQiOiJIaW50IiwiVHlwZSI6InZhcmNoYXIoMTAwKSIsIk51bGwiOiJZRVMiLCJLZXkiOiIiLCJEZWZhdWx0IjpudWxsLCJFeHRyYSI6IiJ9LHsiRmllbGQiOiJOZWVkU3NsIiwiVHlwZSI6ImVudW0oJ1llcycsJ05vJykiLCJOdWxsIjoiWUVTIiwiS2V5IjoiIiwiRGVmYXVsdCI6bnVsbCwiRXh0cmEiOiIifV0iO21lc3Nlbmdlcl9xdWV1ZXxzOjE0NDoiTzoxMjoiTWVzc2FnZVF1ZXVlIjozOntzOjMxOiIATWVzc2FnZVF1ZXVlAG1DdXJyZW50UmVxdWVzdElkIjtpOjE7czoyODoiAE1lc3NhZ2VRdWV1ZQBtTmV4dFJlcXVlc3RJZCI7aToyO3M6MjM6IgBNZXNzYWdlUXVldWUAbU1lc3NhZ2VzIjthOjA6e319Ijs=','2014-03-28 09:13:10'),('euo4ljhq3vs2c6jrglosnk4741','aXNfbG9nZ2VkX2lufGI6MDt1c2VybmFtZXxzOjU6ImFkbWluIjthY2Nlc3NfbW9kdWxlfGE6Mjp7czo2OiJtb2R1bGUiO3M6Mzc6InsibG9naW5fZGVmYXVsdGxvZ2luZG9odG1sMjAwIjoiNzU5In0iO3M6NDoidXNlciI7czo4OiIibm9ib2R5IiI7fXNhbHR8aToyMTMyODg1ODAwO2FrdGl2ZV91c2VyX2dyb3VwX2lkfHM6MjoiNjMiO21lc3Nlbmdlcl9xdWV1ZXxzOjE0NDoiTzoxMjoiTWVzc2FnZVF1ZXVlIjozOntzOjMxOiIATWVzc2FnZVF1ZXVlAG1DdXJyZW50UmVxdWVzdElkIjtpOjE7czoyODoiAE1lc3NhZ2VRdWV1ZQBtTmV4dFJlcXVlc3RJZCI7aToyO3M6MjM6IgBNZXNzYWdlUXVldWUAbU1lc3NhZ2VzIjthOjA6e319Ijs=','2014-03-28 09:13:14'),('cdo71bjsrpohqfmcp6qk650534','aXNfbG9nZ2VkX2lufGI6MDt1c2VybmFtZXxzOjY6Im5vYm9keSI7YWNjZXNzX21vZHVsZXxhOjI6e3M6NjoibW9kdWxlIjtzOjM5OiJ7ImxvZ2luX2RlZmF1bHRsb2dpbnZpZXdodG1sMjAwIjoiNzYyIn0iO3M6NDoidXNlciI7czo4OiIibm9ib2R5IiI7fXNhbHR8aTo2MDAxNjg2NjQ7bG9naW5fc2FsdHxpOjYwMDE2ODY2NDtkZXNjcmliZV9ndGZ3X21vZHVsZXxzOjE1NzQ6Ilt7IkZpZWxkIjoiTW9kdWxlSWQiLCJUeXBlIjoiYmlnaW50KDIwKSB1bnNpZ25lZCIsIk51bGwiOiJOTyIsIktleSI6IlBSSSIsIkRlZmF1bHQiOm51bGwsIkV4dHJhIjoiYXV0b19pbmNyZW1lbnQifSx7IkZpZWxkIjoiTW9kdWxlIiwiVHlwZSI6InZhcmNoYXIoMTAwKSIsIk51bGwiOiJOTyIsIktleSI6IiIsIkRlZmF1bHQiOiIiLCJFeHRyYSI6IiJ9LHsiRmllbGQiOiJMYWJlbE1vZHVsZSIsIlR5cGUiOiJ2YXJjaGFyKDEwMCkiLCJOdWxsIjoiTk8iLCJLZXkiOiIiLCJEZWZhdWx0IjoiIiwiRXh0cmEiOiIifSx7IkZpZWxkIjoiU3ViTW9kdWxlIiwiVHlwZSI6InZhcmNoYXIoMTAwKSIsIk51bGwiOiJOTyIsIktleSI6IiIsIkRlZmF1bHQiOiIiLCJFeHRyYSI6IiJ9LHsiRmllbGQiOiJBY3Rpb24iLCJUeXBlIjoidmFyY2hhcigxMDApIiwiTnVsbCI6IllFUyIsIktleSI6IiIsIkRlZmF1bHQiOiJ2aWV3IiwiRXh0cmEiOiIifSx7IkZpZWxkIjoiVHlwZSIsIlR5cGUiOiJ2YXJjaGFyKDEwMCkiLCJOdWxsIjoiWUVTIiwiS2V5IjoiIiwiRGVmYXVsdCI6Imh0bWwiLCJFeHRyYSI6IiJ9LHsiRmllbGQiOiJEZXNjcmlwdGlvbiIsIlR5cGUiOiJ0ZXh0IiwiTnVsbCI6IllFUyIsIktleSI6IiIsIkRlZmF1bHQiOm51bGwsIkV4dHJhIjoiIn0seyJGaWVsZCI6IkFjY2VzcyIsIlR5cGUiOiJlbnVtKCdBbGwnLCdFeGNsdXNpdmUnKSIsIk51bGwiOiJOTyIsIktleSI6IiIsIkRlZmF1bHQiOiJFeGNsdXNpdmUiLCJFeHRyYSI6IiJ9LHsiRmllbGQiOiJTaG93IiwiVHlwZSI6ImVudW0oJ1llcycsJ05vJykiLCJOdWxsIjoiWUVTIiwiS2V5IjoiIiwiRGVmYXVsdCI6Ik5vIiwiRXh0cmEiOiIifSx7IkZpZWxkIjoiSWNvblBhdGgiLCJUeXBlIjoidmFyY2hhcigyNTUpIiwiTnVsbCI6IllFUyIsIktleSI6IiIsIkRlZmF1bHQiOm51bGwsIkV4dHJhIjoiIn0seyJGaWVsZCI6Ik1lbnVJZCIsIlR5cGUiOiJpbnQoNikiLCJOdWxsIjoiWUVTIiwiS2V5IjoiTVVMIiwiRGVmYXVsdCI6bnVsbCwiRXh0cmEiOiIifSx7IkZpZWxkIjoiQXBwbGljYXRpb25JZCIsIlR5cGUiOiJiaWdpbnQoMjApIiwiTnVsbCI6IllFUyIsIktleSI6Ik1VTCIsIkRlZmF1bHQiOm51bGwsIkV4dHJhIjoiIn0seyJGaWVsZCI6Ik1vZHVsZVBhdGgiLCJUeXBlIjoidmFyY2hhcigyNTUpIiwiTnVsbCI6IllFUyIsIktleSI6IiIsIkRlZmF1bHQiOm51bGwsIkV4dHJhIjoiIn0seyJGaWVsZCI6IkFrc2lJZCIsIlR5cGUiOiJzbWFsbGludCg2KSIsIk51bGwiOiJZRVMiLCJLZXkiOiJNVUwiLCJEZWZhdWx0IjpudWxsLCJFeHRyYSI6IiJ9LHsiRmllbGQiOiJMYWJlbEFrc2kiLCJUeXBlIjoidmFyY2hhcig1MCkiLCJOdWxsIjoiWUVTIiwiS2V5IjoiIiwiRGVmYXVsdCI6bnVsbCwiRXh0cmEiOiIifSx7IkZpZWxkIjoiSGludCIsIlR5cGUiOiJ2YXJjaGFyKDEwMCkiLCJOdWxsIjoiWUVTIiwiS2V5IjoiIiwiRGVmYXVsdCI6bnVsbCwiRXh0cmEiOiIifSx7IkZpZWxkIjoiTmVlZFNzbCIsIlR5cGUiOiJlbnVtKCdZZXMnLCdObycpIiwiTnVsbCI6IllFUyIsIktleSI6IiIsIkRlZmF1bHQiOm51bGwsIkV4dHJhIjoiIn1dIjttZXNzZW5nZXJfcXVldWV8czoxNDQ6Ik86MTI6Ik1lc3NhZ2VRdWV1ZSI6Mzp7czozMToiAE1lc3NhZ2VRdWV1ZQBtQ3VycmVudFJlcXVlc3RJZCI7aToxO3M6Mjg6IgBNZXNzYWdlUXVldWUAbU5leHRSZXF1ZXN0SWQiO2k6MjtzOjIzOiIATWVzc2FnZVF1ZXVlAG1NZXNzYWdlcyI7YTowOnt9fSI7','2014-03-28 09:13:14'),('6e91eeb18iilbpt8lido6pi3v6','aXNfbG9nZ2VkX2lufGI6MTt1c2VybmFtZXxzOjU6ImFkbWluIjtzYWx0fGk6MTUxMzgyNzAzMjtsb2dpbl9zYWx0fGk6MTUxMzgyNzAzMjtkZXNjcmliZV9ndGZ3X21vZHVsZXxzOjE1NzQ6Ilt7IkZpZWxkIjoiTW9kdWxlSWQiLCJUeXBlIjoiYmlnaW50KDIwKSB1bnNpZ25lZCIsIk51bGwiOiJOTyIsIktleSI6IlBSSSIsIkRlZmF1bHQiOm51bGwsIkV4dHJhIjoiYXV0b19pbmNyZW1lbnQifSx7IkZpZWxkIjoiTW9kdWxlIiwiVHlwZSI6InZhcmNoYXIoMTAwKSIsIk51bGwiOiJOTyIsIktleSI6IiIsIkRlZmF1bHQiOiIiLCJFeHRyYSI6IiJ9LHsiRmllbGQiOiJMYWJlbE1vZHVsZSIsIlR5cGUiOiJ2YXJjaGFyKDEwMCkiLCJOdWxsIjoiTk8iLCJLZXkiOiIiLCJEZWZhdWx0IjoiIiwiRXh0cmEiOiIifSx7IkZpZWxkIjoiU3ViTW9kdWxlIiwiVHlwZSI6InZhcmNoYXIoMTAwKSIsIk51bGwiOiJOTyIsIktleSI6IiIsIkRlZmF1bHQiOiIiLCJFeHRyYSI6IiJ9LHsiRmllbGQiOiJBY3Rpb24iLCJUeXBlIjoidmFyY2hhcigxMDApIiwiTnVsbCI6IllFUyIsIktleSI6IiIsIkRlZmF1bHQiOiJ2aWV3IiwiRXh0cmEiOiIifSx7IkZpZWxkIjoiVHlwZSIsIlR5cGUiOiJ2YXJjaGFyKDEwMCkiLCJOdWxsIjoiWUVTIiwiS2V5IjoiIiwiRGVmYXVsdCI6Imh0bWwiLCJFeHRyYSI6IiJ9LHsiRmllbGQiOiJEZXNjcmlwdGlvbiIsIlR5cGUiOiJ0ZXh0IiwiTnVsbCI6IllFUyIsIktleSI6IiIsIkRlZmF1bHQiOm51bGwsIkV4dHJhIjoiIn0seyJGaWVsZCI6IkFjY2VzcyIsIlR5cGUiOiJlbnVtKCdBbGwnLCdFeGNsdXNpdmUnKSIsIk51bGwiOiJOTyIsIktleSI6IiIsIkRlZmF1bHQiOiJFeGNsdXNpdmUiLCJFeHRyYSI6IiJ9LHsiRmllbGQiOiJTaG93IiwiVHlwZSI6ImVudW0oJ1llcycsJ05vJykiLCJOdWxsIjoiWUVTIiwiS2V5IjoiIiwiRGVmYXVsdCI6Ik5vIiwiRXh0cmEiOiIifSx7IkZpZWxkIjoiSWNvblBhdGgiLCJUeXBlIjoidmFyY2hhcigyNTUpIiwiTnVsbCI6IllFUyIsIktleSI6IiIsIkRlZmF1bHQiOm51bGwsIkV4dHJhIjoiIn0seyJGaWVsZCI6Ik1lbnVJZCIsIlR5cGUiOiJpbnQoNikiLCJOdWxsIjoiWUVTIiwiS2V5IjoiTVVMIiwiRGVmYXVsdCI6bnVsbCwiRXh0cmEiOiIifSx7IkZpZWxkIjoiQXBwbGljYXRpb25JZCIsIlR5cGUiOiJiaWdpbnQoMjApIiwiTnVsbCI6IllFUyIsIktleSI6Ik1VTCIsIkRlZmF1bHQiOm51bGwsIkV4dHJhIjoiIn0seyJGaWVsZCI6Ik1vZHVsZVBhdGgiLCJUeXBlIjoidmFyY2hhcigyNTUpIiwiTnVsbCI6IllFUyIsIktleSI6IiIsIkRlZmF1bHQiOm51bGwsIkV4dHJhIjoiIn0seyJGaWVsZCI6IkFrc2lJZCIsIlR5cGUiOiJzbWFsbGludCg2KSIsIk51bGwiOiJZRVMiLCJLZXkiOiJNVUwiLCJEZWZhdWx0IjpudWxsLCJFeHRyYSI6IiJ9LHsiRmllbGQiOiJMYWJlbEFrc2kiLCJUeXBlIjoidmFyY2hhcig1MCkiLCJOdWxsIjoiWUVTIiwiS2V5IjoiIiwiRGVmYXVsdCI6bnVsbCwiRXh0cmEiOiIifSx7IkZpZWxkIjoiSGludCIsIlR5cGUiOiJ2YXJjaGFyKDEwMCkiLCJOdWxsIjoiWUVTIiwiS2V5IjoiIiwiRGVmYXVsdCI6bnVsbCwiRXh0cmEiOiIifSx7IkZpZWxkIjoiTmVlZFNzbCIsIlR5cGUiOiJlbnVtKCdZZXMnLCdObycpIiwiTnVsbCI6IllFUyIsIktleSI6IiIsIkRlZmF1bHQiOm51bGwsIkV4dHJhIjoiIn1dIjttZXNzZW5nZXJfcXVldWV8czoxNDQ6Ik86MTI6Ik1lc3NhZ2VRdWV1ZSI6Mzp7czozMToiAE1lc3NhZ2VRdWV1ZQBtQ3VycmVudFJlcXVlc3RJZCI7aTo0O3M6Mjg6IgBNZXNzYWdlUXVldWUAbU5leHRSZXF1ZXN0SWQiO2k6NTtzOjIzOiIATWVzc2FnZVF1ZXVlAG1NZXNzYWdlcyI7YTowOnt9fSI7dGFibGVfZ3Rmd19jb25maWdfYXZhaWxhYmxlfGE6MTp7aTowO2E6MTp7czozNToiVGFibGVzX2luX2d0ZndfcHVibGljIChndGZ3X2NvbmZpZykiO3M6MTE6Imd0ZndfY29uZmlnIjt9fWNoZWNrX2d0ZndfbWVudV90YWJsZXxhOjE6e2k6MDthOjE6e3M6MzM6IlRhYmxlc19pbl9ndGZ3X3B1YmxpYyAoZ3Rmd19tZW51KSI7czo5OiJndGZ3X21lbnUiO319c3RhcnRfa2V5fGk6OTgxO211bHRfa2V5fGk6MTI2NzQ7YWRkX2tleXxpOjM1ODkxO2FrdGl2ZV91c2VyX2dyb3VwX2lkfHM6MjoiNjMiO2FjY2Vzc19tb2R1bGV8YToyOntzOjY6Im1vZHVsZSI7czoyMDM6InsibG9naW5fZGVmYXVsdGxvZ2ludmlld2h0bWwyMDAiOiIwIiwibG9naW5fZGVmYXVsdGxvZ2luZG9odG1sMjAwIjoiNzU5IiwiaG9tZWhvbWV2aWV3aHRtbDIwMCI6Ijc1NyIsImhlYWRlcmhlYWRlcnZpZXdodG1sMjAwIjoiMTI1OSIsIm5hdmlnYXRpb25uYXZpZ2F0aW9udmlld2h0bWwyMDAiOiIxMjU4IiwibWVudW1lbnV2aWV3aHRtbDIwMCI6Ijc2MyJ9IjtzOjQ6InVzZXIiO3M6NzoiImFkbWluIiI7fQ==','2014-03-28 09:14:03'),('gqu4f75br218h7lopj6bdg1du5','aXNfbG9nZ2VkX2lufGI6MDt1c2VybmFtZXxzOjY6Im5vYm9keSI7ZGVzY3JpYmVfZ3Rmd19tb2R1bGV8czoxNTc0OiJbeyJGaWVsZCI6Ik1vZHVsZUlkIiwiVHlwZSI6ImJpZ2ludCgyMCkgdW5zaWduZWQiLCJOdWxsIjoiTk8iLCJLZXkiOiJQUkkiLCJEZWZhdWx0IjpudWxsLCJFeHRyYSI6ImF1dG9faW5jcmVtZW50In0seyJGaWVsZCI6Ik1vZHVsZSIsIlR5cGUiOiJ2YXJjaGFyKDEwMCkiLCJOdWxsIjoiTk8iLCJLZXkiOiIiLCJEZWZhdWx0IjoiIiwiRXh0cmEiOiIifSx7IkZpZWxkIjoiTGFiZWxNb2R1bGUiLCJUeXBlIjoidmFyY2hhcigxMDApIiwiTnVsbCI6Ik5PIiwiS2V5IjoiIiwiRGVmYXVsdCI6IiIsIkV4dHJhIjoiIn0seyJGaWVsZCI6IlN1Yk1vZHVsZSIsIlR5cGUiOiJ2YXJjaGFyKDEwMCkiLCJOdWxsIjoiTk8iLCJLZXkiOiIiLCJEZWZhdWx0IjoiIiwiRXh0cmEiOiIifSx7IkZpZWxkIjoiQWN0aW9uIiwiVHlwZSI6InZhcmNoYXIoMTAwKSIsIk51bGwiOiJZRVMiLCJLZXkiOiIiLCJEZWZhdWx0IjoidmlldyIsIkV4dHJhIjoiIn0seyJGaWVsZCI6IlR5cGUiLCJUeXBlIjoidmFyY2hhcigxMDApIiwiTnVsbCI6IllFUyIsIktleSI6IiIsIkRlZmF1bHQiOiJodG1sIiwiRXh0cmEiOiIifSx7IkZpZWxkIjoiRGVzY3JpcHRpb24iLCJUeXBlIjoidGV4dCIsIk51bGwiOiJZRVMiLCJLZXkiOiIiLCJEZWZhdWx0IjpudWxsLCJFeHRyYSI6IiJ9LHsiRmllbGQiOiJBY2Nlc3MiLCJUeXBlIjoiZW51bSgnQWxsJywnRXhjbHVzaXZlJykiLCJOdWxsIjoiTk8iLCJLZXkiOiIiLCJEZWZhdWx0IjoiRXhjbHVzaXZlIiwiRXh0cmEiOiIifSx7IkZpZWxkIjoiU2hvdyIsIlR5cGUiOiJlbnVtKCdZZXMnLCdObycpIiwiTnVsbCI6IllFUyIsIktleSI6IiIsIkRlZmF1bHQiOiJObyIsIkV4dHJhIjoiIn0seyJGaWVsZCI6Ikljb25QYXRoIiwiVHlwZSI6InZhcmNoYXIoMjU1KSIsIk51bGwiOiJZRVMiLCJLZXkiOiIiLCJEZWZhdWx0IjpudWxsLCJFeHRyYSI6IiJ9LHsiRmllbGQiOiJNZW51SWQiLCJUeXBlIjoiaW50KDYpIiwiTnVsbCI6IllFUyIsIktleSI6Ik1VTCIsIkRlZmF1bHQiOm51bGwsIkV4dHJhIjoiIn0seyJGaWVsZCI6IkFwcGxpY2F0aW9uSWQiLCJUeXBlIjoiYmlnaW50KDIwKSIsIk51bGwiOiJZRVMiLCJLZXkiOiJNVUwiLCJEZWZhdWx0IjpudWxsLCJFeHRyYSI6IiJ9LHsiRmllbGQiOiJNb2R1bGVQYXRoIiwiVHlwZSI6InZhcmNoYXIoMjU1KSIsIk51bGwiOiJZRVMiLCJLZXkiOiIiLCJEZWZhdWx0IjpudWxsLCJFeHRyYSI6IiJ9LHsiRmllbGQiOiJBa3NpSWQiLCJUeXBlIjoic21hbGxpbnQoNikiLCJOdWxsIjoiWUVTIiwiS2V5IjoiTVVMIiwiRGVmYXVsdCI6bnVsbCwiRXh0cmEiOiIifSx7IkZpZWxkIjoiTGFiZWxBa3NpIiwiVHlwZSI6InZhcmNoYXIoNTApIiwiTnVsbCI6IllFUyIsIktleSI6IiIsIkRlZmF1bHQiOm51bGwsIkV4dHJhIjoiIn0seyJGaWVsZCI6IkhpbnQiLCJUeXBlIjoidmFyY2hhcigxMDApIiwiTnVsbCI6IllFUyIsIktleSI6IiIsIkRlZmF1bHQiOm51bGwsIkV4dHJhIjoiIn0seyJGaWVsZCI6Ik5lZWRTc2wiLCJUeXBlIjoiZW51bSgnWWVzJywnTm8nKSIsIk51bGwiOiJZRVMiLCJLZXkiOiIiLCJEZWZhdWx0IjpudWxsLCJFeHRyYSI6IiJ9XSI7YWNjZXNzX21vZHVsZXxhOjI6e3M6NjoibW9kdWxlIjtzOjEzMToieyJob21laG9tZXZpZXdodG1sMjAwIjoiNzU3IiwiaGVhZGVyaGVhZGVydmlld2h0bWwyMDAiOiIxMjU5IiwibmF2aWdhdGlvbm5hdmlnYXRpb252aWV3aHRtbDIwMCI6IjEyNTgiLCJtZW51bWVudXZpZXdodG1sMjAwIjoiNzYzIn0iO3M6NDoidXNlciI7czo4OiIibm9ib2R5IiI7fW1lc3Nlbmdlcl9xdWV1ZXxzOjE0NDoiTzoxMjoiTWVzc2FnZVF1ZXVlIjozOntzOjMxOiIATWVzc2FnZVF1ZXVlAG1DdXJyZW50UmVxdWVzdElkIjtpOjE7czoyODoiAE1lc3NhZ2VRdWV1ZQBtTmV4dFJlcXVlc3RJZCI7aToyO3M6MjM6IgBNZXNzYWdlUXVldWUAbU1lc3NhZ2VzIjthOjA6e319Ijs=','2014-03-28 09:14:17'),('jf6olndkq73on6ijbpf84gs045','aXNfbG9nZ2VkX2lufGI6MDt1c2VybmFtZXxzOjY6Im5vYm9keSI7YWNjZXNzX21vZHVsZXxhOjI6e3M6NjoibW9kdWxlIjtzOjM4OiJ7ImxvZ2luX2RlZmF1bHRsb2dvdXRkb2h0bWwyMDAiOiI3NjAifSI7czo0OiJ1c2VyIjtzOjg6IiJub2JvZHkiIjt9bWVzc2VuZ2VyX3F1ZXVlfHM6MTQ0OiJPOjEyOiJNZXNzYWdlUXVldWUiOjM6e3M6MzE6IgBNZXNzYWdlUXVldWUAbUN1cnJlbnRSZXF1ZXN0SWQiO2k6MTtzOjI4OiIATWVzc2FnZVF1ZXVlAG1OZXh0UmVxdWVzdElkIjtpOjI7czoyMzoiAE1lc3NhZ2VRdWV1ZQBtTWVzc2FnZXMiO2E6MDp7fX0iOw==','2014-03-28 09:14:20'),('l19dhih3kh8ipocfpol9g7v5k4','aXNfbG9nZ2VkX2lufGI6MDt1c2VybmFtZXxzOjY6Im5vYm9keSI7YWNjZXNzX21vZHVsZXxhOjI6e3M6NjoibW9kdWxlIjtzOjM5OiJ7ImxvZ2luX2RlZmF1bHRsb2dpbnZpZXdodG1sMjAwIjoiNzYyIn0iO3M6NDoidXNlciI7czo4OiIibm9ib2R5IiI7fXNhbHR8aTozODMyNDAxNzA7bG9naW5fc2FsdHxpOjM4MzI0MDE3MDtkZXNjcmliZV9ndGZ3X21vZHVsZXxzOjE1NzQ6Ilt7IkZpZWxkIjoiTW9kdWxlSWQiLCJUeXBlIjoiYmlnaW50KDIwKSB1bnNpZ25lZCIsIk51bGwiOiJOTyIsIktleSI6IlBSSSIsIkRlZmF1bHQiOm51bGwsIkV4dHJhIjoiYXV0b19pbmNyZW1lbnQifSx7IkZpZWxkIjoiTW9kdWxlIiwiVHlwZSI6InZhcmNoYXIoMTAwKSIsIk51bGwiOiJOTyIsIktleSI6IiIsIkRlZmF1bHQiOiIiLCJFeHRyYSI6IiJ9LHsiRmllbGQiOiJMYWJlbE1vZHVsZSIsIlR5cGUiOiJ2YXJjaGFyKDEwMCkiLCJOdWxsIjoiTk8iLCJLZXkiOiIiLCJEZWZhdWx0IjoiIiwiRXh0cmEiOiIifSx7IkZpZWxkIjoiU3ViTW9kdWxlIiwiVHlwZSI6InZhcmNoYXIoMTAwKSIsIk51bGwiOiJOTyIsIktleSI6IiIsIkRlZmF1bHQiOiIiLCJFeHRyYSI6IiJ9LHsiRmllbGQiOiJBY3Rpb24iLCJUeXBlIjoidmFyY2hhcigxMDApIiwiTnVsbCI6IllFUyIsIktleSI6IiIsIkRlZmF1bHQiOiJ2aWV3IiwiRXh0cmEiOiIifSx7IkZpZWxkIjoiVHlwZSIsIlR5cGUiOiJ2YXJjaGFyKDEwMCkiLCJOdWxsIjoiWUVTIiwiS2V5IjoiIiwiRGVmYXVsdCI6Imh0bWwiLCJFeHRyYSI6IiJ9LHsiRmllbGQiOiJEZXNjcmlwdGlvbiIsIlR5cGUiOiJ0ZXh0IiwiTnVsbCI6IllFUyIsIktleSI6IiIsIkRlZmF1bHQiOm51bGwsIkV4dHJhIjoiIn0seyJGaWVsZCI6IkFjY2VzcyIsIlR5cGUiOiJlbnVtKCdBbGwnLCdFeGNsdXNpdmUnKSIsIk51bGwiOiJOTyIsIktleSI6IiIsIkRlZmF1bHQiOiJFeGNsdXNpdmUiLCJFeHRyYSI6IiJ9LHsiRmllbGQiOiJTaG93IiwiVHlwZSI6ImVudW0oJ1llcycsJ05vJykiLCJOdWxsIjoiWUVTIiwiS2V5IjoiIiwiRGVmYXVsdCI6Ik5vIiwiRXh0cmEiOiIifSx7IkZpZWxkIjoiSWNvblBhdGgiLCJUeXBlIjoidmFyY2hhcigyNTUpIiwiTnVsbCI6IllFUyIsIktleSI6IiIsIkRlZmF1bHQiOm51bGwsIkV4dHJhIjoiIn0seyJGaWVsZCI6Ik1lbnVJZCIsIlR5cGUiOiJpbnQoNikiLCJOdWxsIjoiWUVTIiwiS2V5IjoiTVVMIiwiRGVmYXVsdCI6bnVsbCwiRXh0cmEiOiIifSx7IkZpZWxkIjoiQXBwbGljYXRpb25JZCIsIlR5cGUiOiJiaWdpbnQoMjApIiwiTnVsbCI6IllFUyIsIktleSI6Ik1VTCIsIkRlZmF1bHQiOm51bGwsIkV4dHJhIjoiIn0seyJGaWVsZCI6Ik1vZHVsZVBhdGgiLCJUeXBlIjoidmFyY2hhcigyNTUpIiwiTnVsbCI6IllFUyIsIktleSI6IiIsIkRlZmF1bHQiOm51bGwsIkV4dHJhIjoiIn0seyJGaWVsZCI6IkFrc2lJZCIsIlR5cGUiOiJzbWFsbGludCg2KSIsIk51bGwiOiJZRVMiLCJLZXkiOiJNVUwiLCJEZWZhdWx0IjpudWxsLCJFeHRyYSI6IiJ9LHsiRmllbGQiOiJMYWJlbEFrc2kiLCJUeXBlIjoidmFyY2hhcig1MCkiLCJOdWxsIjoiWUVTIiwiS2V5IjoiIiwiRGVmYXVsdCI6bnVsbCwiRXh0cmEiOiIifSx7IkZpZWxkIjoiSGludCIsIlR5cGUiOiJ2YXJjaGFyKDEwMCkiLCJOdWxsIjoiWUVTIiwiS2V5IjoiIiwiRGVmYXVsdCI6bnVsbCwiRXh0cmEiOiIifSx7IkZpZWxkIjoiTmVlZFNzbCIsIlR5cGUiOiJlbnVtKCdZZXMnLCdObycpIiwiTnVsbCI6IllFUyIsIktleSI6IiIsIkRlZmF1bHQiOm51bGwsIkV4dHJhIjoiIn1dIjttZXNzZW5nZXJfcXVldWV8czoxNDQ6Ik86MTI6Ik1lc3NhZ2VRdWV1ZSI6Mzp7czozMToiAE1lc3NhZ2VRdWV1ZQBtQ3VycmVudFJlcXVlc3RJZCI7aToxO3M6Mjg6IgBNZXNzYWdlUXVldWUAbU5leHRSZXF1ZXN0SWQiO2k6MjtzOjIzOiIATWVzc2FnZVF1ZXVlAG1NZXNzYWdlcyI7YTowOnt9fSI7','2014-03-28 09:14:20'),('iv1ddsk8aohsqe4nrmd3kut8p2','aXNfbG9nZ2VkX2lufGI6MDt1c2VybmFtZXxzOjY6Im5vYm9keSI7YWNjZXNzX21vZHVsZXxhOjI6e3M6NjoibW9kdWxlIjtzOjM5OiJ7ImxvZ2luX2RlZmF1bHRsb2dpbnZpZXdodG1sMjAwIjoiNzYyIn0iO3M6NDoidXNlciI7czo4OiIibm9ib2R5IiI7fXNhbHR8aTo1NjMwNDI1ODc7bG9naW5fc2FsdHxpOjU2MzA0MjU4NztkZXNjcmliZV9ndGZ3X21vZHVsZXxzOjE1NzQ6Ilt7IkZpZWxkIjoiTW9kdWxlSWQiLCJUeXBlIjoiYmlnaW50KDIwKSB1bnNpZ25lZCIsIk51bGwiOiJOTyIsIktleSI6IlBSSSIsIkRlZmF1bHQiOm51bGwsIkV4dHJhIjoiYXV0b19pbmNyZW1lbnQifSx7IkZpZWxkIjoiTW9kdWxlIiwiVHlwZSI6InZhcmNoYXIoMTAwKSIsIk51bGwiOiJOTyIsIktleSI6IiIsIkRlZmF1bHQiOiIiLCJFeHRyYSI6IiJ9LHsiRmllbGQiOiJMYWJlbE1vZHVsZSIsIlR5cGUiOiJ2YXJjaGFyKDEwMCkiLCJOdWxsIjoiTk8iLCJLZXkiOiIiLCJEZWZhdWx0IjoiIiwiRXh0cmEiOiIifSx7IkZpZWxkIjoiU3ViTW9kdWxlIiwiVHlwZSI6InZhcmNoYXIoMTAwKSIsIk51bGwiOiJOTyIsIktleSI6IiIsIkRlZmF1bHQiOiIiLCJFeHRyYSI6IiJ9LHsiRmllbGQiOiJBY3Rpb24iLCJUeXBlIjoidmFyY2hhcigxMDApIiwiTnVsbCI6IllFUyIsIktleSI6IiIsIkRlZmF1bHQiOiJ2aWV3IiwiRXh0cmEiOiIifSx7IkZpZWxkIjoiVHlwZSIsIlR5cGUiOiJ2YXJjaGFyKDEwMCkiLCJOdWxsIjoiWUVTIiwiS2V5IjoiIiwiRGVmYXVsdCI6Imh0bWwiLCJFeHRyYSI6IiJ9LHsiRmllbGQiOiJEZXNjcmlwdGlvbiIsIlR5cGUiOiJ0ZXh0IiwiTnVsbCI6IllFUyIsIktleSI6IiIsIkRlZmF1bHQiOm51bGwsIkV4dHJhIjoiIn0seyJGaWVsZCI6IkFjY2VzcyIsIlR5cGUiOiJlbnVtKCdBbGwnLCdFeGNsdXNpdmUnKSIsIk51bGwiOiJOTyIsIktleSI6IiIsIkRlZmF1bHQiOiJFeGNsdXNpdmUiLCJFeHRyYSI6IiJ9LHsiRmllbGQiOiJTaG93IiwiVHlwZSI6ImVudW0oJ1llcycsJ05vJykiLCJOdWxsIjoiWUVTIiwiS2V5IjoiIiwiRGVmYXVsdCI6Ik5vIiwiRXh0cmEiOiIifSx7IkZpZWxkIjoiSWNvblBhdGgiLCJUeXBlIjoidmFyY2hhcigyNTUpIiwiTnVsbCI6IllFUyIsIktleSI6IiIsIkRlZmF1bHQiOm51bGwsIkV4dHJhIjoiIn0seyJGaWVsZCI6Ik1lbnVJZCIsIlR5cGUiOiJpbnQoNikiLCJOdWxsIjoiWUVTIiwiS2V5IjoiTVVMIiwiRGVmYXVsdCI6bnVsbCwiRXh0cmEiOiIifSx7IkZpZWxkIjoiQXBwbGljYXRpb25JZCIsIlR5cGUiOiJiaWdpbnQoMjApIiwiTnVsbCI6IllFUyIsIktleSI6Ik1VTCIsIkRlZmF1bHQiOm51bGwsIkV4dHJhIjoiIn0seyJGaWVsZCI6Ik1vZHVsZVBhdGgiLCJUeXBlIjoidmFyY2hhcigyNTUpIiwiTnVsbCI6IllFUyIsIktleSI6IiIsIkRlZmF1bHQiOm51bGwsIkV4dHJhIjoiIn0seyJGaWVsZCI6IkFrc2lJZCIsIlR5cGUiOiJzbWFsbGludCg2KSIsIk51bGwiOiJZRVMiLCJLZXkiOiJNVUwiLCJEZWZhdWx0IjpudWxsLCJFeHRyYSI6IiJ9LHsiRmllbGQiOiJMYWJlbEFrc2kiLCJUeXBlIjoidmFyY2hhcig1MCkiLCJOdWxsIjoiWUVTIiwiS2V5IjoiIiwiRGVmYXVsdCI6bnVsbCwiRXh0cmEiOiIifSx7IkZpZWxkIjoiSGludCIsIlR5cGUiOiJ2YXJjaGFyKDEwMCkiLCJOdWxsIjoiWUVTIiwiS2V5IjoiIiwiRGVmYXVsdCI6bnVsbCwiRXh0cmEiOiIifSx7IkZpZWxkIjoiTmVlZFNzbCIsIlR5cGUiOiJlbnVtKCdZZXMnLCdObycpIiwiTnVsbCI6IllFUyIsIktleSI6IiIsIkRlZmF1bHQiOm51bGwsIkV4dHJhIjoiIn1dIjttZXNzZW5nZXJfcXVldWV8czoxNDQ6Ik86MTI6Ik1lc3NhZ2VRdWV1ZSI6Mzp7czozMToiAE1lc3NhZ2VRdWV1ZQBtQ3VycmVudFJlcXVlc3RJZCI7aToxO3M6Mjg6IgBNZXNzYWdlUXVldWUAbU5leHRSZXF1ZXN0SWQiO2k6MjtzOjIzOiIATWVzc2FnZVF1ZXVlAG1NZXNzYWdlcyI7YTowOnt9fSI7','2014-03-28 09:14:22'),('bgbqm7no69m3mn9kh2n3o0b9r2','aXNfbG9nZ2VkX2lufGI6MDt1c2VybmFtZXxzOjU6ImFkbWluIjthY2Nlc3NfbW9kdWxlfGE6Mjp7czo2OiJtb2R1bGUiO3M6Mzc6InsibG9naW5fZGVmYXVsdGxvZ2luZG9odG1sMjAwIjoiNzU5In0iO3M6NDoidXNlciI7czo4OiIibm9ib2R5IiI7fXNhbHR8aToyMTM5ODU5ODE1O2FrdGl2ZV91c2VyX2dyb3VwX2lkfHM6MjoiNjMiO21lc3Nlbmdlcl9xdWV1ZXxzOjE0NDoiTzoxMjoiTWVzc2FnZVF1ZXVlIjozOntzOjMxOiIATWVzc2FnZVF1ZXVlAG1DdXJyZW50UmVxdWVzdElkIjtpOjE7czoyODoiAE1lc3NhZ2VRdWV1ZQBtTmV4dFJlcXVlc3RJZCI7aToyO3M6MjM6IgBNZXNzYWdlUXVldWUAbU1lc3NhZ2VzIjthOjA6e319Ijs=','2014-03-28 09:14:25'),('5dcsq9d4iqi5rse0lhfe4e4hu2','aXNfbG9nZ2VkX2lufGI6MDt1c2VybmFtZXxzOjY6Im5vYm9keSI7YWNjZXNzX21vZHVsZXxhOjI6e3M6NjoibW9kdWxlIjtzOjM5OiJ7ImxvZ2luX2RlZmF1bHRsb2dpbnZpZXdodG1sMjAwIjoiNzYyIn0iO3M6NDoidXNlciI7czo4OiIibm9ib2R5IiI7fXNhbHR8aToyNzQ2OTU4MjA7bG9naW5fc2FsdHxpOjI3NDY5NTgyMDtkZXNjcmliZV9ndGZ3X21vZHVsZXxzOjE1NzQ6Ilt7IkZpZWxkIjoiTW9kdWxlSWQiLCJUeXBlIjoiYmlnaW50KDIwKSB1bnNpZ25lZCIsIk51bGwiOiJOTyIsIktleSI6IlBSSSIsIkRlZmF1bHQiOm51bGwsIkV4dHJhIjoiYXV0b19pbmNyZW1lbnQifSx7IkZpZWxkIjoiTW9kdWxlIiwiVHlwZSI6InZhcmNoYXIoMTAwKSIsIk51bGwiOiJOTyIsIktleSI6IiIsIkRlZmF1bHQiOiIiLCJFeHRyYSI6IiJ9LHsiRmllbGQiOiJMYWJlbE1vZHVsZSIsIlR5cGUiOiJ2YXJjaGFyKDEwMCkiLCJOdWxsIjoiTk8iLCJLZXkiOiIiLCJEZWZhdWx0IjoiIiwiRXh0cmEiOiIifSx7IkZpZWxkIjoiU3ViTW9kdWxlIiwiVHlwZSI6InZhcmNoYXIoMTAwKSIsIk51bGwiOiJOTyIsIktleSI6IiIsIkRlZmF1bHQiOiIiLCJFeHRyYSI6IiJ9LHsiRmllbGQiOiJBY3Rpb24iLCJUeXBlIjoidmFyY2hhcigxMDApIiwiTnVsbCI6IllFUyIsIktleSI6IiIsIkRlZmF1bHQiOiJ2aWV3IiwiRXh0cmEiOiIifSx7IkZpZWxkIjoiVHlwZSIsIlR5cGUiOiJ2YXJjaGFyKDEwMCkiLCJOdWxsIjoiWUVTIiwiS2V5IjoiIiwiRGVmYXVsdCI6Imh0bWwiLCJFeHRyYSI6IiJ9LHsiRmllbGQiOiJEZXNjcmlwdGlvbiIsIlR5cGUiOiJ0ZXh0IiwiTnVsbCI6IllFUyIsIktleSI6IiIsIkRlZmF1bHQiOm51bGwsIkV4dHJhIjoiIn0seyJGaWVsZCI6IkFjY2VzcyIsIlR5cGUiOiJlbnVtKCdBbGwnLCdFeGNsdXNpdmUnKSIsIk51bGwiOiJOTyIsIktleSI6IiIsIkRlZmF1bHQiOiJFeGNsdXNpdmUiLCJFeHRyYSI6IiJ9LHsiRmllbGQiOiJTaG93IiwiVHlwZSI6ImVudW0oJ1llcycsJ05vJykiLCJOdWxsIjoiWUVTIiwiS2V5IjoiIiwiRGVmYXVsdCI6Ik5vIiwiRXh0cmEiOiIifSx7IkZpZWxkIjoiSWNvblBhdGgiLCJUeXBlIjoidmFyY2hhcigyNTUpIiwiTnVsbCI6IllFUyIsIktleSI6IiIsIkRlZmF1bHQiOm51bGwsIkV4dHJhIjoiIn0seyJGaWVsZCI6Ik1lbnVJZCIsIlR5cGUiOiJpbnQoNikiLCJOdWxsIjoiWUVTIiwiS2V5IjoiTVVMIiwiRGVmYXVsdCI6bnVsbCwiRXh0cmEiOiIifSx7IkZpZWxkIjoiQXBwbGljYXRpb25JZCIsIlR5cGUiOiJiaWdpbnQoMjApIiwiTnVsbCI6IllFUyIsIktleSI6Ik1VTCIsIkRlZmF1bHQiOm51bGwsIkV4dHJhIjoiIn0seyJGaWVsZCI6Ik1vZHVsZVBhdGgiLCJUeXBlIjoidmFyY2hhcigyNTUpIiwiTnVsbCI6IllFUyIsIktleSI6IiIsIkRlZmF1bHQiOm51bGwsIkV4dHJhIjoiIn0seyJGaWVsZCI6IkFrc2lJZCIsIlR5cGUiOiJzbWFsbGludCg2KSIsIk51bGwiOiJZRVMiLCJLZXkiOiJNVUwiLCJEZWZhdWx0IjpudWxsLCJFeHRyYSI6IiJ9LHsiRmllbGQiOiJMYWJlbEFrc2kiLCJUeXBlIjoidmFyY2hhcig1MCkiLCJOdWxsIjoiWUVTIiwiS2V5IjoiIiwiRGVmYXVsdCI6bnVsbCwiRXh0cmEiOiIifSx7IkZpZWxkIjoiSGludCIsIlR5cGUiOiJ2YXJjaGFyKDEwMCkiLCJOdWxsIjoiWUVTIiwiS2V5IjoiIiwiRGVmYXVsdCI6bnVsbCwiRXh0cmEiOiIifSx7IkZpZWxkIjoiTmVlZFNzbCIsIlR5cGUiOiJlbnVtKCdZZXMnLCdObycpIiwiTnVsbCI6IllFUyIsIktleSI6IiIsIkRlZmF1bHQiOm51bGwsIkV4dHJhIjoiIn1dIjttZXNzZW5nZXJfcXVldWV8czoxNDQ6Ik86MTI6Ik1lc3NhZ2VRdWV1ZSI6Mzp7czozMToiAE1lc3NhZ2VRdWV1ZQBtQ3VycmVudFJlcXVlc3RJZCI7aToxO3M6Mjg6IgBNZXNzYWdlUXVldWUAbU5leHRSZXF1ZXN0SWQiO2k6MjtzOjIzOiIATWVzc2FnZVF1ZXVlAG1NZXNzYWdlcyI7YTowOnt9fSI7','2014-03-28 09:14:25'),('10eiipscq1f5lk20kqtcfrmj43','aXNfbG9nZ2VkX2lufGI6MDt1c2VybmFtZXxzOjY6Im5vYm9keSI7c3RhcnRfa2V5fGk6OTgxO211bHRfa2V5fGk6MTI2NzQ7YWRkX2tleXxpOjM1ODkxO2FjY2Vzc19tb2R1bGV8YToyOntzOjY6Im1vZHVsZSI7czozOToieyJsb2dpbl9kZWZhdWx0bG9naW52aWV3aHRtbDIwMCI6Ijc2MiJ9IjtzOjQ6InVzZXIiO3M6ODoiIm5vYm9keSIiO31zYWx0fGk6MTkxNzU0MDAwNTtsb2dpbl9zYWx0fGk6MTkxNzU0MDAwNTtkZXNjcmliZV9ndGZ3X21vZHVsZXxzOjE1NzQ6Ilt7IkZpZWxkIjoiTW9kdWxlSWQiLCJUeXBlIjoiYmlnaW50KDIwKSB1bnNpZ25lZCIsIk51bGwiOiJOTyIsIktleSI6IlBSSSIsIkRlZmF1bHQiOm51bGwsIkV4dHJhIjoiYXV0b19pbmNyZW1lbnQifSx7IkZpZWxkIjoiTW9kdWxlIiwiVHlwZSI6InZhcmNoYXIoMTAwKSIsIk51bGwiOiJOTyIsIktleSI6IiIsIkRlZmF1bHQiOiIiLCJFeHRyYSI6IiJ9LHsiRmllbGQiOiJMYWJlbE1vZHVsZSIsIlR5cGUiOiJ2YXJjaGFyKDEwMCkiLCJOdWxsIjoiTk8iLCJLZXkiOiIiLCJEZWZhdWx0IjoiIiwiRXh0cmEiOiIifSx7IkZpZWxkIjoiU3ViTW9kdWxlIiwiVHlwZSI6InZhcmNoYXIoMTAwKSIsIk51bGwiOiJOTyIsIktleSI6IiIsIkRlZmF1bHQiOiIiLCJFeHRyYSI6IiJ9LHsiRmllbGQiOiJBY3Rpb24iLCJUeXBlIjoidmFyY2hhcigxMDApIiwiTnVsbCI6IllFUyIsIktleSI6IiIsIkRlZmF1bHQiOiJ2aWV3IiwiRXh0cmEiOiIifSx7IkZpZWxkIjoiVHlwZSIsIlR5cGUiOiJ2YXJjaGFyKDEwMCkiLCJOdWxsIjoiWUVTIiwiS2V5IjoiIiwiRGVmYXVsdCI6Imh0bWwiLCJFeHRyYSI6IiJ9LHsiRmllbGQiOiJEZXNjcmlwdGlvbiIsIlR5cGUiOiJ0ZXh0IiwiTnVsbCI6IllFUyIsIktleSI6IiIsIkRlZmF1bHQiOm51bGwsIkV4dHJhIjoiIn0seyJGaWVsZCI6IkFjY2VzcyIsIlR5cGUiOiJlbnVtKCdBbGwnLCdFeGNsdXNpdmUnKSIsIk51bGwiOiJOTyIsIktleSI6IiIsIkRlZmF1bHQiOiJFeGNsdXNpdmUiLCJFeHRyYSI6IiJ9LHsiRmllbGQiOiJTaG93IiwiVHlwZSI6ImVudW0oJ1llcycsJ05vJykiLCJOdWxsIjoiWUVTIiwiS2V5IjoiIiwiRGVmYXVsdCI6Ik5vIiwiRXh0cmEiOiIifSx7IkZpZWxkIjoiSWNvblBhdGgiLCJUeXBlIjoidmFyY2hhcigyNTUpIiwiTnVsbCI6IllFUyIsIktleSI6IiIsIkRlZmF1bHQiOm51bGwsIkV4dHJhIjoiIn0seyJGaWVsZCI6Ik1lbnVJZCIsIlR5cGUiOiJpbnQoNikiLCJOdWxsIjoiWUVTIiwiS2V5IjoiTVVMIiwiRGVmYXVsdCI6bnVsbCwiRXh0cmEiOiIifSx7IkZpZWxkIjoiQXBwbGljYXRpb25JZCIsIlR5cGUiOiJiaWdpbnQoMjApIiwiTnVsbCI6IllFUyIsIktleSI6Ik1VTCIsIkRlZmF1bHQiOm51bGwsIkV4dHJhIjoiIn0seyJGaWVsZCI6Ik1vZHVsZVBhdGgiLCJUeXBlIjoidmFyY2hhcigyNTUpIiwiTnVsbCI6IllFUyIsIktleSI6IiIsIkRlZmF1bHQiOm51bGwsIkV4dHJhIjoiIn0seyJGaWVsZCI6IkFrc2lJZCIsIlR5cGUiOiJzbWFsbGludCg2KSIsIk51bGwiOiJZRVMiLCJLZXkiOiJNVUwiLCJEZWZhdWx0IjpudWxsLCJFeHRyYSI6IiJ9LHsiRmllbGQiOiJMYWJlbEFrc2kiLCJUeXBlIjoidmFyY2hhcig1MCkiLCJOdWxsIjoiWUVTIiwiS2V5IjoiIiwiRGVmYXVsdCI6bnVsbCwiRXh0cmEiOiIifSx7IkZpZWxkIjoiSGludCIsIlR5cGUiOiJ2YXJjaGFyKDEwMCkiLCJOdWxsIjoiWUVTIiwiS2V5IjoiIiwiRGVmYXVsdCI6bnVsbCwiRXh0cmEiOiIifSx7IkZpZWxkIjoiTmVlZFNzbCIsIlR5cGUiOiJlbnVtKCdZZXMnLCdObycpIiwiTnVsbCI6IllFUyIsIktleSI6IiIsIkRlZmF1bHQiOm51bGwsIkV4dHJhIjoiIn1dIjttZXNzZW5nZXJfcXVldWV8czoxNDQ6Ik86MTI6Ik1lc3NhZ2VRdWV1ZSI6Mzp7czozMToiAE1lc3NhZ2VRdWV1ZQBtQ3VycmVudFJlcXVlc3RJZCI7aToxO3M6Mjg6IgBNZXNzYWdlUXVldWUAbU5leHRSZXF1ZXN0SWQiO2k6MjtzOjIzOiIATWVzc2FnZVF1ZXVlAG1NZXNzYWdlcyI7YTowOnt9fSI7','2014-03-28 09:17:32'),('qrjjtcrl53tebjlfisdd488d75','aXNfbG9nZ2VkX2lufGI6MDt1c2VybmFtZXxzOjY6Im5vYm9keSI7c3RhcnRfa2V5fGk6OTgxO211bHRfa2V5fGk6MTI2NzQ7YWRkX2tleXxpOjM1ODkxO2FjY2Vzc19tb2R1bGV8YToyOntzOjY6Im1vZHVsZSI7czozOToieyJsb2dpbl9kZWZhdWx0bG9naW52aWV3aHRtbDIwMCI6Ijc2MiJ9IjtzOjQ6InVzZXIiO3M6ODoiIm5vYm9keSIiO31zYWx0fGk6MTc3NDY1OTY0ODtsb2dpbl9zYWx0fGk6MTc3NDY1OTY0ODtkZXNjcmliZV9ndGZ3X21vZHVsZXxzOjE1NzQ6Ilt7IkZpZWxkIjoiTW9kdWxlSWQiLCJUeXBlIjoiYmlnaW50KDIwKSB1bnNpZ25lZCIsIk51bGwiOiJOTyIsIktleSI6IlBSSSIsIkRlZmF1bHQiOm51bGwsIkV4dHJhIjoiYXV0b19pbmNyZW1lbnQifSx7IkZpZWxkIjoiTW9kdWxlIiwiVHlwZSI6InZhcmNoYXIoMTAwKSIsIk51bGwiOiJOTyIsIktleSI6IiIsIkRlZmF1bHQiOiIiLCJFeHRyYSI6IiJ9LHsiRmllbGQiOiJMYWJlbE1vZHVsZSIsIlR5cGUiOiJ2YXJjaGFyKDEwMCkiLCJOdWxsIjoiTk8iLCJLZXkiOiIiLCJEZWZhdWx0IjoiIiwiRXh0cmEiOiIifSx7IkZpZWxkIjoiU3ViTW9kdWxlIiwiVHlwZSI6InZhcmNoYXIoMTAwKSIsIk51bGwiOiJOTyIsIktleSI6IiIsIkRlZmF1bHQiOiIiLCJFeHRyYSI6IiJ9LHsiRmllbGQiOiJBY3Rpb24iLCJUeXBlIjoidmFyY2hhcigxMDApIiwiTnVsbCI6IllFUyIsIktleSI6IiIsIkRlZmF1bHQiOiJ2aWV3IiwiRXh0cmEiOiIifSx7IkZpZWxkIjoiVHlwZSIsIlR5cGUiOiJ2YXJjaGFyKDEwMCkiLCJOdWxsIjoiWUVTIiwiS2V5IjoiIiwiRGVmYXVsdCI6Imh0bWwiLCJFeHRyYSI6IiJ9LHsiRmllbGQiOiJEZXNjcmlwdGlvbiIsIlR5cGUiOiJ0ZXh0IiwiTnVsbCI6IllFUyIsIktleSI6IiIsIkRlZmF1bHQiOm51bGwsIkV4dHJhIjoiIn0seyJGaWVsZCI6IkFjY2VzcyIsIlR5cGUiOiJlbnVtKCdBbGwnLCdFeGNsdXNpdmUnKSIsIk51bGwiOiJOTyIsIktleSI6IiIsIkRlZmF1bHQiOiJFeGNsdXNpdmUiLCJFeHRyYSI6IiJ9LHsiRmllbGQiOiJTaG93IiwiVHlwZSI6ImVudW0oJ1llcycsJ05vJykiLCJOdWxsIjoiWUVTIiwiS2V5IjoiIiwiRGVmYXVsdCI6Ik5vIiwiRXh0cmEiOiIifSx7IkZpZWxkIjoiSWNvblBhdGgiLCJUeXBlIjoidmFyY2hhcigyNTUpIiwiTnVsbCI6IllFUyIsIktleSI6IiIsIkRlZmF1bHQiOm51bGwsIkV4dHJhIjoiIn0seyJGaWVsZCI6Ik1lbnVJZCIsIlR5cGUiOiJpbnQoNikiLCJOdWxsIjoiWUVTIiwiS2V5IjoiTVVMIiwiRGVmYXVsdCI6bnVsbCwiRXh0cmEiOiIifSx7IkZpZWxkIjoiQXBwbGljYXRpb25JZCIsIlR5cGUiOiJiaWdpbnQoMjApIiwiTnVsbCI6IllFUyIsIktleSI6Ik1VTCIsIkRlZmF1bHQiOm51bGwsIkV4dHJhIjoiIn0seyJGaWVsZCI6Ik1vZHVsZVBhdGgiLCJUeXBlIjoidmFyY2hhcigyNTUpIiwiTnVsbCI6IllFUyIsIktleSI6IiIsIkRlZmF1bHQiOm51bGwsIkV4dHJhIjoiIn0seyJGaWVsZCI6IkFrc2lJZCIsIlR5cGUiOiJzbWFsbGludCg2KSIsIk51bGwiOiJZRVMiLCJLZXkiOiJNVUwiLCJEZWZhdWx0IjpudWxsLCJFeHRyYSI6IiJ9LHsiRmllbGQiOiJMYWJlbEFrc2kiLCJUeXBlIjoidmFyY2hhcig1MCkiLCJOdWxsIjoiWUVTIiwiS2V5IjoiIiwiRGVmYXVsdCI6bnVsbCwiRXh0cmEiOiIifSx7IkZpZWxkIjoiSGludCIsIlR5cGUiOiJ2YXJjaGFyKDEwMCkiLCJOdWxsIjoiWUVTIiwiS2V5IjoiIiwiRGVmYXVsdCI6bnVsbCwiRXh0cmEiOiIifSx7IkZpZWxkIjoiTmVlZFNzbCIsIlR5cGUiOiJlbnVtKCdZZXMnLCdObycpIiwiTnVsbCI6IllFUyIsIktleSI6IiIsIkRlZmF1bHQiOm51bGwsIkV4dHJhIjoiIn1dIjttZXNzZW5nZXJfcXVldWV8czoxNDQ6Ik86MTI6Ik1lc3NhZ2VRdWV1ZSI6Mzp7czozMToiAE1lc3NhZ2VRdWV1ZQBtQ3VycmVudFJlcXVlc3RJZCI7aToxO3M6Mjg6IgBNZXNzYWdlUXVldWUAbU5leHRSZXF1ZXN0SWQiO2k6MjtzOjIzOiIATWVzc2FnZVF1ZXVlAG1NZXNzYWdlcyI7YTowOnt9fSI7','2014-03-28 09:17:37'),('oprsmsa542r5hmivac2imd6st1','aXNfbG9nZ2VkX2lufGI6MDt1c2VybmFtZXxzOjY6Im5vYm9keSI7c3RhcnRfa2V5fGk6OTgxO211bHRfa2V5fGk6MTI2NzQ7YWRkX2tleXxpOjM1ODkxO2FjY2Vzc19tb2R1bGV8YToyOntzOjY6Im1vZHVsZSI7czozOToieyJsb2dpbl9kZWZhdWx0bG9naW52aWV3aHRtbDIwMCI6Ijc2MiJ9IjtzOjQ6InVzZXIiO3M6ODoiIm5vYm9keSIiO31zYWx0fGk6MjAzOTY3ODI3NTtsb2dpbl9zYWx0fGk6MjAzOTY3ODI3NTtkZXNjcmliZV9ndGZ3X21vZHVsZXxzOjE1NzQ6Ilt7IkZpZWxkIjoiTW9kdWxlSWQiLCJUeXBlIjoiYmlnaW50KDIwKSB1bnNpZ25lZCIsIk51bGwiOiJOTyIsIktleSI6IlBSSSIsIkRlZmF1bHQiOm51bGwsIkV4dHJhIjoiYXV0b19pbmNyZW1lbnQifSx7IkZpZWxkIjoiTW9kdWxlIiwiVHlwZSI6InZhcmNoYXIoMTAwKSIsIk51bGwiOiJOTyIsIktleSI6IiIsIkRlZmF1bHQiOiIiLCJFeHRyYSI6IiJ9LHsiRmllbGQiOiJMYWJlbE1vZHVsZSIsIlR5cGUiOiJ2YXJjaGFyKDEwMCkiLCJOdWxsIjoiTk8iLCJLZXkiOiIiLCJEZWZhdWx0IjoiIiwiRXh0cmEiOiIifSx7IkZpZWxkIjoiU3ViTW9kdWxlIiwiVHlwZSI6InZhcmNoYXIoMTAwKSIsIk51bGwiOiJOTyIsIktleSI6IiIsIkRlZmF1bHQiOiIiLCJFeHRyYSI6IiJ9LHsiRmllbGQiOiJBY3Rpb24iLCJUeXBlIjoidmFyY2hhcigxMDApIiwiTnVsbCI6IllFUyIsIktleSI6IiIsIkRlZmF1bHQiOiJ2aWV3IiwiRXh0cmEiOiIifSx7IkZpZWxkIjoiVHlwZSIsIlR5cGUiOiJ2YXJjaGFyKDEwMCkiLCJOdWxsIjoiWUVTIiwiS2V5IjoiIiwiRGVmYXVsdCI6Imh0bWwiLCJFeHRyYSI6IiJ9LHsiRmllbGQiOiJEZXNjcmlwdGlvbiIsIlR5cGUiOiJ0ZXh0IiwiTnVsbCI6IllFUyIsIktleSI6IiIsIkRlZmF1bHQiOm51bGwsIkV4dHJhIjoiIn0seyJGaWVsZCI6IkFjY2VzcyIsIlR5cGUiOiJlbnVtKCdBbGwnLCdFeGNsdXNpdmUnKSIsIk51bGwiOiJOTyIsIktleSI6IiIsIkRlZmF1bHQiOiJFeGNsdXNpdmUiLCJFeHRyYSI6IiJ9LHsiRmllbGQiOiJTaG93IiwiVHlwZSI6ImVudW0oJ1llcycsJ05vJykiLCJOdWxsIjoiWUVTIiwiS2V5IjoiIiwiRGVmYXVsdCI6Ik5vIiwiRXh0cmEiOiIifSx7IkZpZWxkIjoiSWNvblBhdGgiLCJUeXBlIjoidmFyY2hhcigyNTUpIiwiTnVsbCI6IllFUyIsIktleSI6IiIsIkRlZmF1bHQiOm51bGwsIkV4dHJhIjoiIn0seyJGaWVsZCI6Ik1lbnVJZCIsIlR5cGUiOiJpbnQoNikiLCJOdWxsIjoiWUVTIiwiS2V5IjoiTVVMIiwiRGVmYXVsdCI6bnVsbCwiRXh0cmEiOiIifSx7IkZpZWxkIjoiQXBwbGljYXRpb25JZCIsIlR5cGUiOiJiaWdpbnQoMjApIiwiTnVsbCI6IllFUyIsIktleSI6Ik1VTCIsIkRlZmF1bHQiOm51bGwsIkV4dHJhIjoiIn0seyJGaWVsZCI6Ik1vZHVsZVBhdGgiLCJUeXBlIjoidmFyY2hhcigyNTUpIiwiTnVsbCI6IllFUyIsIktleSI6IiIsIkRlZmF1bHQiOm51bGwsIkV4dHJhIjoiIn0seyJGaWVsZCI6IkFrc2lJZCIsIlR5cGUiOiJzbWFsbGludCg2KSIsIk51bGwiOiJZRVMiLCJLZXkiOiJNVUwiLCJEZWZhdWx0IjpudWxsLCJFeHRyYSI6IiJ9LHsiRmllbGQiOiJMYWJlbEFrc2kiLCJUeXBlIjoidmFyY2hhcig1MCkiLCJOdWxsIjoiWUVTIiwiS2V5IjoiIiwiRGVmYXVsdCI6bnVsbCwiRXh0cmEiOiIifSx7IkZpZWxkIjoiSGludCIsIlR5cGUiOiJ2YXJjaGFyKDEwMCkiLCJOdWxsIjoiWUVTIiwiS2V5IjoiIiwiRGVmYXVsdCI6bnVsbCwiRXh0cmEiOiIifSx7IkZpZWxkIjoiTmVlZFNzbCIsIlR5cGUiOiJlbnVtKCdZZXMnLCdObycpIiwiTnVsbCI6IllFUyIsIktleSI6IiIsIkRlZmF1bHQiOm51bGwsIkV4dHJhIjoiIn1dIjttZXNzZW5nZXJfcXVldWV8czoxNDQ6Ik86MTI6Ik1lc3NhZ2VRdWV1ZSI6Mzp7czozMToiAE1lc3NhZ2VRdWV1ZQBtQ3VycmVudFJlcXVlc3RJZCI7aToxO3M6Mjg6IgBNZXNzYWdlUXVldWUAbU5leHRSZXF1ZXN0SWQiO2k6MjtzOjIzOiIATWVzc2FnZVF1ZXVlAG1NZXNzYWdlcyI7YTowOnt9fSI7','2014-03-28 09:17:38'),('cb90akmieu1vnf83crclo6kf60','aXNfbG9nZ2VkX2lufGI6MDt1c2VybmFtZXxzOjU6ImFkbWluIjtzdGFydF9rZXl8aTo5ODE7bXVsdF9rZXl8aToxMjY3NDthZGRfa2V5fGk6MzU4OTE7YWNjZXNzX21vZHVsZXxhOjI6e3M6NjoibW9kdWxlIjtzOjM3OiJ7ImxvZ2luX2RlZmF1bHRsb2dpbmRvaHRtbDIwMCI6Ijc1OSJ9IjtzOjQ6InVzZXIiO3M6ODoiIm5vYm9keSIiO31zYWx0fGk6MTg0NjA5NzEwO2FrdGl2ZV91c2VyX2dyb3VwX2lkfHM6MjoiNjMiO21lc3Nlbmdlcl9xdWV1ZXxzOjE0NDoiTzoxMjoiTWVzc2FnZVF1ZXVlIjozOntzOjMxOiIATWVzc2FnZVF1ZXVlAG1DdXJyZW50UmVxdWVzdElkIjtpOjE7czoyODoiAE1lc3NhZ2VRdWV1ZQBtTmV4dFJlcXVlc3RJZCI7aToyO3M6MjM6IgBNZXNzYWdlUXVldWUAbU1lc3NhZ2VzIjthOjA6e319Ijs=','2014-03-28 09:17:41'),('a40vq0c3l3a04ud8qnblu1b570','aXNfbG9nZ2VkX2lufGI6MDt1c2VybmFtZXxzOjY6Im5vYm9keSI7c3RhcnRfa2V5fGk6OTgxO211bHRfa2V5fGk6MTI2NzQ7YWRkX2tleXxpOjM1ODkxO2FjY2Vzc19tb2R1bGV8YToyOntzOjY6Im1vZHVsZSI7czozOToieyJsb2dpbl9kZWZhdWx0bG9naW52aWV3aHRtbDIwMCI6Ijc2MiJ9IjtzOjQ6InVzZXIiO3M6ODoiIm5vYm9keSIiO31zYWx0fGk6OTc4MDU1OTUxO2xvZ2luX3NhbHR8aTo5NzgwNTU5NTE7ZGVzY3JpYmVfZ3Rmd19tb2R1bGV8czoxNTc0OiJbeyJGaWVsZCI6Ik1vZHVsZUlkIiwiVHlwZSI6ImJpZ2ludCgyMCkgdW5zaWduZWQiLCJOdWxsIjoiTk8iLCJLZXkiOiJQUkkiLCJEZWZhdWx0IjpudWxsLCJFeHRyYSI6ImF1dG9faW5jcmVtZW50In0seyJGaWVsZCI6Ik1vZHVsZSIsIlR5cGUiOiJ2YXJjaGFyKDEwMCkiLCJOdWxsIjoiTk8iLCJLZXkiOiIiLCJEZWZhdWx0IjoiIiwiRXh0cmEiOiIifSx7IkZpZWxkIjoiTGFiZWxNb2R1bGUiLCJUeXBlIjoidmFyY2hhcigxMDApIiwiTnVsbCI6Ik5PIiwiS2V5IjoiIiwiRGVmYXVsdCI6IiIsIkV4dHJhIjoiIn0seyJGaWVsZCI6IlN1Yk1vZHVsZSIsIlR5cGUiOiJ2YXJjaGFyKDEwMCkiLCJOdWxsIjoiTk8iLCJLZXkiOiIiLCJEZWZhdWx0IjoiIiwiRXh0cmEiOiIifSx7IkZpZWxkIjoiQWN0aW9uIiwiVHlwZSI6InZhcmNoYXIoMTAwKSIsIk51bGwiOiJZRVMiLCJLZXkiOiIiLCJEZWZhdWx0IjoidmlldyIsIkV4dHJhIjoiIn0seyJGaWVsZCI6IlR5cGUiLCJUeXBlIjoidmFyY2hhcigxMDApIiwiTnVsbCI6IllFUyIsIktleSI6IiIsIkRlZmF1bHQiOiJodG1sIiwiRXh0cmEiOiIifSx7IkZpZWxkIjoiRGVzY3JpcHRpb24iLCJUeXBlIjoidGV4dCIsIk51bGwiOiJZRVMiLCJLZXkiOiIiLCJEZWZhdWx0IjpudWxsLCJFeHRyYSI6IiJ9LHsiRmllbGQiOiJBY2Nlc3MiLCJUeXBlIjoiZW51bSgnQWxsJywnRXhjbHVzaXZlJykiLCJOdWxsIjoiTk8iLCJLZXkiOiIiLCJEZWZhdWx0IjoiRXhjbHVzaXZlIiwiRXh0cmEiOiIifSx7IkZpZWxkIjoiU2hvdyIsIlR5cGUiOiJlbnVtKCdZZXMnLCdObycpIiwiTnVsbCI6IllFUyIsIktleSI6IiIsIkRlZmF1bHQiOiJObyIsIkV4dHJhIjoiIn0seyJGaWVsZCI6Ikljb25QYXRoIiwiVHlwZSI6InZhcmNoYXIoMjU1KSIsIk51bGwiOiJZRVMiLCJLZXkiOiIiLCJEZWZhdWx0IjpudWxsLCJFeHRyYSI6IiJ9LHsiRmllbGQiOiJNZW51SWQiLCJUeXBlIjoiaW50KDYpIiwiTnVsbCI6IllFUyIsIktleSI6Ik1VTCIsIkRlZmF1bHQiOm51bGwsIkV4dHJhIjoiIn0seyJGaWVsZCI6IkFwcGxpY2F0aW9uSWQiLCJUeXBlIjoiYmlnaW50KDIwKSIsIk51bGwiOiJZRVMiLCJLZXkiOiJNVUwiLCJEZWZhdWx0IjpudWxsLCJFeHRyYSI6IiJ9LHsiRmllbGQiOiJNb2R1bGVQYXRoIiwiVHlwZSI6InZhcmNoYXIoMjU1KSIsIk51bGwiOiJZRVMiLCJLZXkiOiIiLCJEZWZhdWx0IjpudWxsLCJFeHRyYSI6IiJ9LHsiRmllbGQiOiJBa3NpSWQiLCJUeXBlIjoic21hbGxpbnQoNikiLCJOdWxsIjoiWUVTIiwiS2V5IjoiTVVMIiwiRGVmYXVsdCI6bnVsbCwiRXh0cmEiOiIifSx7IkZpZWxkIjoiTGFiZWxBa3NpIiwiVHlwZSI6InZhcmNoYXIoNTApIiwiTnVsbCI6IllFUyIsIktleSI6IiIsIkRlZmF1bHQiOm51bGwsIkV4dHJhIjoiIn0seyJGaWVsZCI6IkhpbnQiLCJUeXBlIjoidmFyY2hhcigxMDApIiwiTnVsbCI6IllFUyIsIktleSI6IiIsIkRlZmF1bHQiOm51bGwsIkV4dHJhIjoiIn0seyJGaWVsZCI6Ik5lZWRTc2wiLCJUeXBlIjoiZW51bSgnWWVzJywnTm8nKSIsIk51bGwiOiJZRVMiLCJLZXkiOiIiLCJEZWZhdWx0IjpudWxsLCJFeHRyYSI6IiJ9XSI7bWVzc2VuZ2VyX3F1ZXVlfHM6MTQ0OiJPOjEyOiJNZXNzYWdlUXVldWUiOjM6e3M6MzE6IgBNZXNzYWdlUXVldWUAbUN1cnJlbnRSZXF1ZXN0SWQiO2k6MTtzOjI4OiIATWVzc2FnZVF1ZXVlAG1OZXh0UmVxdWVzdElkIjtpOjI7czoyMzoiAE1lc3NhZ2VRdWV1ZQBtTWVzc2FnZXMiO2E6MDp7fX0iOw==','2014-03-28 09:17:41'),('4hdiksslg1iu9d7f8485paaog6','aXNfbG9nZ2VkX2lufGI6MDt1c2VybmFtZXxzOjY6Im5vYm9keSI7c3RhcnRfa2V5fGk6OTgxO211bHRfa2V5fGk6MTI2NzQ7YWRkX2tleXxpOjM1ODkxO2FjY2Vzc19tb2R1bGV8YToyOntzOjY6Im1vZHVsZSI7czozOToieyJsb2dpbl9kZWZhdWx0bG9naW52aWV3aHRtbDIwMCI6Ijc2MiJ9IjtzOjQ6InVzZXIiO3M6ODoiIm5vYm9keSIiO31zYWx0fGk6MjA4NjQzNTE5O2xvZ2luX3NhbHR8aToyMDg2NDM1MTk7ZGVzY3JpYmVfZ3Rmd19tb2R1bGV8czoxNTc0OiJbeyJGaWVsZCI6Ik1vZHVsZUlkIiwiVHlwZSI6ImJpZ2ludCgyMCkgdW5zaWduZWQiLCJOdWxsIjoiTk8iLCJLZXkiOiJQUkkiLCJEZWZhdWx0IjpudWxsLCJFeHRyYSI6ImF1dG9faW5jcmVtZW50In0seyJGaWVsZCI6Ik1vZHVsZSIsIlR5cGUiOiJ2YXJjaGFyKDEwMCkiLCJOdWxsIjoiTk8iLCJLZXkiOiIiLCJEZWZhdWx0IjoiIiwiRXh0cmEiOiIifSx7IkZpZWxkIjoiTGFiZWxNb2R1bGUiLCJUeXBlIjoidmFyY2hhcigxMDApIiwiTnVsbCI6Ik5PIiwiS2V5IjoiIiwiRGVmYXVsdCI6IiIsIkV4dHJhIjoiIn0seyJGaWVsZCI6IlN1Yk1vZHVsZSIsIlR5cGUiOiJ2YXJjaGFyKDEwMCkiLCJOdWxsIjoiTk8iLCJLZXkiOiIiLCJEZWZhdWx0IjoiIiwiRXh0cmEiOiIifSx7IkZpZWxkIjoiQWN0aW9uIiwiVHlwZSI6InZhcmNoYXIoMTAwKSIsIk51bGwiOiJZRVMiLCJLZXkiOiIiLCJEZWZhdWx0IjoidmlldyIsIkV4dHJhIjoiIn0seyJGaWVsZCI6IlR5cGUiLCJUeXBlIjoidmFyY2hhcigxMDApIiwiTnVsbCI6IllFUyIsIktleSI6IiIsIkRlZmF1bHQiOiJodG1sIiwiRXh0cmEiOiIifSx7IkZpZWxkIjoiRGVzY3JpcHRpb24iLCJUeXBlIjoidGV4dCIsIk51bGwiOiJZRVMiLCJLZXkiOiIiLCJEZWZhdWx0IjpudWxsLCJFeHRyYSI6IiJ9LHsiRmllbGQiOiJBY2Nlc3MiLCJUeXBlIjoiZW51bSgnQWxsJywnRXhjbHVzaXZlJykiLCJOdWxsIjoiTk8iLCJLZXkiOiIiLCJEZWZhdWx0IjoiRXhjbHVzaXZlIiwiRXh0cmEiOiIifSx7IkZpZWxkIjoiU2hvdyIsIlR5cGUiOiJlbnVtKCdZZXMnLCdObycpIiwiTnVsbCI6IllFUyIsIktleSI6IiIsIkRlZmF1bHQiOiJObyIsIkV4dHJhIjoiIn0seyJGaWVsZCI6Ikljb25QYXRoIiwiVHlwZSI6InZhcmNoYXIoMjU1KSIsIk51bGwiOiJZRVMiLCJLZXkiOiIiLCJEZWZhdWx0IjpudWxsLCJFeHRyYSI6IiJ9LHsiRmllbGQiOiJNZW51SWQiLCJUeXBlIjoiaW50KDYpIiwiTnVsbCI6IllFUyIsIktleSI6Ik1VTCIsIkRlZmF1bHQiOm51bGwsIkV4dHJhIjoiIn0seyJGaWVsZCI6IkFwcGxpY2F0aW9uSWQiLCJUeXBlIjoiYmlnaW50KDIwKSIsIk51bGwiOiJZRVMiLCJLZXkiOiJNVUwiLCJEZWZhdWx0IjpudWxsLCJFeHRyYSI6IiJ9LHsiRmllbGQiOiJNb2R1bGVQYXRoIiwiVHlwZSI6InZhcmNoYXIoMjU1KSIsIk51bGwiOiJZRVMiLCJLZXkiOiIiLCJEZWZhdWx0IjpudWxsLCJFeHRyYSI6IiJ9LHsiRmllbGQiOiJBa3NpSWQiLCJUeXBlIjoic21hbGxpbnQoNikiLCJOdWxsIjoiWUVTIiwiS2V5IjoiTVVMIiwiRGVmYXVsdCI6bnVsbCwiRXh0cmEiOiIifSx7IkZpZWxkIjoiTGFiZWxBa3NpIiwiVHlwZSI6InZhcmNoYXIoNTApIiwiTnVsbCI6IllFUyIsIktleSI6IiIsIkRlZmF1bHQiOm51bGwsIkV4dHJhIjoiIn0seyJGaWVsZCI6IkhpbnQiLCJUeXBlIjoidmFyY2hhcigxMDApIiwiTnVsbCI6IllFUyIsIktleSI6IiIsIkRlZmF1bHQiOm51bGwsIkV4dHJhIjoiIn0seyJGaWVsZCI6Ik5lZWRTc2wiLCJUeXBlIjoiZW51bSgnWWVzJywnTm8nKSIsIk51bGwiOiJZRVMiLCJLZXkiOiIiLCJEZWZhdWx0IjpudWxsLCJFeHRyYSI6IiJ9XSI7bWVzc2VuZ2VyX3F1ZXVlfHM6MTQ0OiJPOjEyOiJNZXNzYWdlUXVldWUiOjM6e3M6MzE6IgBNZXNzYWdlUXVldWUAbUN1cnJlbnRSZXF1ZXN0SWQiO2k6MTtzOjI4OiIATWVzc2FnZVF1ZXVlAG1OZXh0UmVxdWVzdElkIjtpOjI7czoyMzoiAE1lc3NhZ2VRdWV1ZQBtTWVzc2FnZXMiO2E6MDp7fX0iOw==','2014-03-28 09:17:49'),('m1uk2003je4l1ks8c2drqr3d34','aXNfbG9nZ2VkX2lufGI6MDt1c2VybmFtZXxzOjY6Im5vYm9keSI7c3RhcnRfa2V5fGk6OTgxO211bHRfa2V5fGk6MTI2NzQ7YWRkX2tleXxpOjM1ODkxO2FjY2Vzc19tb2R1bGV8YToyOntzOjY6Im1vZHVsZSI7czozOToieyJsb2dpbl9kZWZhdWx0bG9naW52aWV3aHRtbDIwMCI6Ijc2MiJ9IjtzOjQ6InVzZXIiO3M6ODoiIm5vYm9keSIiO31zYWx0fGk6MTcyMDEzMzY1OTtsb2dpbl9zYWx0fGk6MTcyMDEzMzY1OTtkZXNjcmliZV9ndGZ3X21vZHVsZXxzOjE1NzQ6Ilt7IkZpZWxkIjoiTW9kdWxlSWQiLCJUeXBlIjoiYmlnaW50KDIwKSB1bnNpZ25lZCIsIk51bGwiOiJOTyIsIktleSI6IlBSSSIsIkRlZmF1bHQiOm51bGwsIkV4dHJhIjoiYXV0b19pbmNyZW1lbnQifSx7IkZpZWxkIjoiTW9kdWxlIiwiVHlwZSI6InZhcmNoYXIoMTAwKSIsIk51bGwiOiJOTyIsIktleSI6IiIsIkRlZmF1bHQiOiIiLCJFeHRyYSI6IiJ9LHsiRmllbGQiOiJMYWJlbE1vZHVsZSIsIlR5cGUiOiJ2YXJjaGFyKDEwMCkiLCJOdWxsIjoiTk8iLCJLZXkiOiIiLCJEZWZhdWx0IjoiIiwiRXh0cmEiOiIifSx7IkZpZWxkIjoiU3ViTW9kdWxlIiwiVHlwZSI6InZhcmNoYXIoMTAwKSIsIk51bGwiOiJOTyIsIktleSI6IiIsIkRlZmF1bHQiOiIiLCJFeHRyYSI6IiJ9LHsiRmllbGQiOiJBY3Rpb24iLCJUeXBlIjoidmFyY2hhcigxMDApIiwiTnVsbCI6IllFUyIsIktleSI6IiIsIkRlZmF1bHQiOiJ2aWV3IiwiRXh0cmEiOiIifSx7IkZpZWxkIjoiVHlwZSIsIlR5cGUiOiJ2YXJjaGFyKDEwMCkiLCJOdWxsIjoiWUVTIiwiS2V5IjoiIiwiRGVmYXVsdCI6Imh0bWwiLCJFeHRyYSI6IiJ9LHsiRmllbGQiOiJEZXNjcmlwdGlvbiIsIlR5cGUiOiJ0ZXh0IiwiTnVsbCI6IllFUyIsIktleSI6IiIsIkRlZmF1bHQiOm51bGwsIkV4dHJhIjoiIn0seyJGaWVsZCI6IkFjY2VzcyIsIlR5cGUiOiJlbnVtKCdBbGwnLCdFeGNsdXNpdmUnKSIsIk51bGwiOiJOTyIsIktleSI6IiIsIkRlZmF1bHQiOiJFeGNsdXNpdmUiLCJFeHRyYSI6IiJ9LHsiRmllbGQiOiJTaG93IiwiVHlwZSI6ImVudW0oJ1llcycsJ05vJykiLCJOdWxsIjoiWUVTIiwiS2V5IjoiIiwiRGVmYXVsdCI6Ik5vIiwiRXh0cmEiOiIifSx7IkZpZWxkIjoiSWNvblBhdGgiLCJUeXBlIjoidmFyY2hhcigyNTUpIiwiTnVsbCI6IllFUyIsIktleSI6IiIsIkRlZmF1bHQiOm51bGwsIkV4dHJhIjoiIn0seyJGaWVsZCI6Ik1lbnVJZCIsIlR5cGUiOiJpbnQoNikiLCJOdWxsIjoiWUVTIiwiS2V5IjoiTVVMIiwiRGVmYXVsdCI6bnVsbCwiRXh0cmEiOiIifSx7IkZpZWxkIjoiQXBwbGljYXRpb25JZCIsIlR5cGUiOiJiaWdpbnQoMjApIiwiTnVsbCI6IllFUyIsIktleSI6Ik1VTCIsIkRlZmF1bHQiOm51bGwsIkV4dHJhIjoiIn0seyJGaWVsZCI6Ik1vZHVsZVBhdGgiLCJUeXBlIjoidmFyY2hhcigyNTUpIiwiTnVsbCI6IllFUyIsIktleSI6IiIsIkRlZmF1bHQiOm51bGwsIkV4dHJhIjoiIn0seyJGaWVsZCI6IkFrc2lJZCIsIlR5cGUiOiJzbWFsbGludCg2KSIsIk51bGwiOiJZRVMiLCJLZXkiOiJNVUwiLCJEZWZhdWx0IjpudWxsLCJFeHRyYSI6IiJ9LHsiRmllbGQiOiJMYWJlbEFrc2kiLCJUeXBlIjoidmFyY2hhcig1MCkiLCJOdWxsIjoiWUVTIiwiS2V5IjoiIiwiRGVmYXVsdCI6bnVsbCwiRXh0cmEiOiIifSx7IkZpZWxkIjoiSGludCIsIlR5cGUiOiJ2YXJjaGFyKDEwMCkiLCJOdWxsIjoiWUVTIiwiS2V5IjoiIiwiRGVmYXVsdCI6bnVsbCwiRXh0cmEiOiIifSx7IkZpZWxkIjoiTmVlZFNzbCIsIlR5cGUiOiJlbnVtKCdZZXMnLCdObycpIiwiTnVsbCI6IllFUyIsIktleSI6IiIsIkRlZmF1bHQiOm51bGwsIkV4dHJhIjoiIn1dIjttZXNzZW5nZXJfcXVldWV8czoxNDQ6Ik86MTI6Ik1lc3NhZ2VRdWV1ZSI6Mzp7czozMToiAE1lc3NhZ2VRdWV1ZQBtQ3VycmVudFJlcXVlc3RJZCI7aToxO3M6Mjg6IgBNZXNzYWdlUXVldWUAbU5leHRSZXF1ZXN0SWQiO2k6MjtzOjIzOiIATWVzc2FnZVF1ZXVlAG1NZXNzYWdlcyI7YTowOnt9fSI7','2014-03-28 09:17:49'),('cb77rrrkkg1ce356pfibps69n5','aXNfbG9nZ2VkX2lufGI6MDt1c2VybmFtZXxzOjY6Im5vYm9keSI7c3RhcnRfa2V5fGk6OTgxO211bHRfa2V5fGk6MTI2NzQ7YWRkX2tleXxpOjM1ODkxO2FjY2Vzc19tb2R1bGV8YToyOntzOjY6Im1vZHVsZSI7czozOToieyJsb2dpbl9kZWZhdWx0bG9naW52aWV3aHRtbDIwMCI6Ijc2MiJ9IjtzOjQ6InVzZXIiO3M6ODoiIm5vYm9keSIiO31zYWx0fGk6MTEzNzM5NDY1MTtsb2dpbl9zYWx0fGk6MTEzNzM5NDY1MTtkZXNjcmliZV9ndGZ3X21vZHVsZXxzOjE1NzQ6Ilt7IkZpZWxkIjoiTW9kdWxlSWQiLCJUeXBlIjoiYmlnaW50KDIwKSB1bnNpZ25lZCIsIk51bGwiOiJOTyIsIktleSI6IlBSSSIsIkRlZmF1bHQiOm51bGwsIkV4dHJhIjoiYXV0b19pbmNyZW1lbnQifSx7IkZpZWxkIjoiTW9kdWxlIiwiVHlwZSI6InZhcmNoYXIoMTAwKSIsIk51bGwiOiJOTyIsIktleSI6IiIsIkRlZmF1bHQiOiIiLCJFeHRyYSI6IiJ9LHsiRmllbGQiOiJMYWJlbE1vZHVsZSIsIlR5cGUiOiJ2YXJjaGFyKDEwMCkiLCJOdWxsIjoiTk8iLCJLZXkiOiIiLCJEZWZhdWx0IjoiIiwiRXh0cmEiOiIifSx7IkZpZWxkIjoiU3ViTW9kdWxlIiwiVHlwZSI6InZhcmNoYXIoMTAwKSIsIk51bGwiOiJOTyIsIktleSI6IiIsIkRlZmF1bHQiOiIiLCJFeHRyYSI6IiJ9LHsiRmllbGQiOiJBY3Rpb24iLCJUeXBlIjoidmFyY2hhcigxMDApIiwiTnVsbCI6IllFUyIsIktleSI6IiIsIkRlZmF1bHQiOiJ2aWV3IiwiRXh0cmEiOiIifSx7IkZpZWxkIjoiVHlwZSIsIlR5cGUiOiJ2YXJjaGFyKDEwMCkiLCJOdWxsIjoiWUVTIiwiS2V5IjoiIiwiRGVmYXVsdCI6Imh0bWwiLCJFeHRyYSI6IiJ9LHsiRmllbGQiOiJEZXNjcmlwdGlvbiIsIlR5cGUiOiJ0ZXh0IiwiTnVsbCI6IllFUyIsIktleSI6IiIsIkRlZmF1bHQiOm51bGwsIkV4dHJhIjoiIn0seyJGaWVsZCI6IkFjY2VzcyIsIlR5cGUiOiJlbnVtKCdBbGwnLCdFeGNsdXNpdmUnKSIsIk51bGwiOiJOTyIsIktleSI6IiIsIkRlZmF1bHQiOiJFeGNsdXNpdmUiLCJFeHRyYSI6IiJ9LHsiRmllbGQiOiJTaG93IiwiVHlwZSI6ImVudW0oJ1llcycsJ05vJykiLCJOdWxsIjoiWUVTIiwiS2V5IjoiIiwiRGVmYXVsdCI6Ik5vIiwiRXh0cmEiOiIifSx7IkZpZWxkIjoiSWNvblBhdGgiLCJUeXBlIjoidmFyY2hhcigyNTUpIiwiTnVsbCI6IllFUyIsIktleSI6IiIsIkRlZmF1bHQiOm51bGwsIkV4dHJhIjoiIn0seyJGaWVsZCI6Ik1lbnVJZCIsIlR5cGUiOiJpbnQoNikiLCJOdWxsIjoiWUVTIiwiS2V5IjoiTVVMIiwiRGVmYXVsdCI6bnVsbCwiRXh0cmEiOiIifSx7IkZpZWxkIjoiQXBwbGljYXRpb25JZCIsIlR5cGUiOiJiaWdpbnQoMjApIiwiTnVsbCI6IllFUyIsIktleSI6Ik1VTCIsIkRlZmF1bHQiOm51bGwsIkV4dHJhIjoiIn0seyJGaWVsZCI6Ik1vZHVsZVBhdGgiLCJUeXBlIjoidmFyY2hhcigyNTUpIiwiTnVsbCI6IllFUyIsIktleSI6IiIsIkRlZmF1bHQiOm51bGwsIkV4dHJhIjoiIn0seyJGaWVsZCI6IkFrc2lJZCIsIlR5cGUiOiJzbWFsbGludCg2KSIsIk51bGwiOiJZRVMiLCJLZXkiOiJNVUwiLCJEZWZhdWx0IjpudWxsLCJFeHRyYSI6IiJ9LHsiRmllbGQiOiJMYWJlbEFrc2kiLCJUeXBlIjoidmFyY2hhcig1MCkiLCJOdWxsIjoiWUVTIiwiS2V5IjoiIiwiRGVmYXVsdCI6bnVsbCwiRXh0cmEiOiIifSx7IkZpZWxkIjoiSGludCIsIlR5cGUiOiJ2YXJjaGFyKDEwMCkiLCJOdWxsIjoiWUVTIiwiS2V5IjoiIiwiRGVmYXVsdCI6bnVsbCwiRXh0cmEiOiIifSx7IkZpZWxkIjoiTmVlZFNzbCIsIlR5cGUiOiJlbnVtKCdZZXMnLCdObycpIiwiTnVsbCI6IllFUyIsIktleSI6IiIsIkRlZmF1bHQiOm51bGwsIkV4dHJhIjoiIn1dIjttZXNzZW5nZXJfcXVldWV8czoxNDQ6Ik86MTI6Ik1lc3NhZ2VRdWV1ZSI6Mzp7czozMToiAE1lc3NhZ2VRdWV1ZQBtQ3VycmVudFJlcXVlc3RJZCI7aToxO3M6Mjg6IgBNZXNzYWdlUXVldWUAbU5leHRSZXF1ZXN0SWQiO2k6MjtzOjIzOiIATWVzc2FnZVF1ZXVlAG1NZXNzYWdlcyI7YTowOnt9fSI7','2014-03-28 09:17:54'),('fns30j1h9aikcaq3b70skrjur0','aXNfbG9nZ2VkX2lufGI6MDt1c2VybmFtZXxzOjU6ImFkbWluIjtzdGFydF9rZXl8aTo5ODE7bXVsdF9rZXl8aToxMjY3NDthZGRfa2V5fGk6MzU4OTE7YWNjZXNzX21vZHVsZXxhOjI6e3M6NjoibW9kdWxlIjtzOjM3OiJ7ImxvZ2luX2RlZmF1bHRsb2dpbmRvaHRtbDIwMCI6Ijc1OSJ9IjtzOjQ6InVzZXIiO3M6ODoiIm5vYm9keSIiO31zYWx0fGk6MTA0MDc0MDUwMztha3RpdmVfdXNlcl9ncm91cF9pZHxzOjI6IjYzIjttZXNzZW5nZXJfcXVldWV8czoxNDQ6Ik86MTI6Ik1lc3NhZ2VRdWV1ZSI6Mzp7czozMToiAE1lc3NhZ2VRdWV1ZQBtQ3VycmVudFJlcXVlc3RJZCI7aToxO3M6Mjg6IgBNZXNzYWdlUXVldWUAbU5leHRSZXF1ZXN0SWQiO2k6MjtzOjIzOiIATWVzc2FnZVF1ZXVlAG1NZXNzYWdlcyI7YTowOnt9fSI7','2014-03-28 09:17:58'),('58v1gratbdio4u7bcqqm9sdkb0','aXNfbG9nZ2VkX2lufGI6MDt1c2VybmFtZXxzOjY6Im5vYm9keSI7c3RhcnRfa2V5fGk6OTgxO211bHRfa2V5fGk6MTI2NzQ7YWRkX2tleXxpOjM1ODkxO2FjY2Vzc19tb2R1bGV8YToyOntzOjY6Im1vZHVsZSI7czozOToieyJsb2dpbl9kZWZhdWx0bG9naW52aWV3aHRtbDIwMCI6Ijc2MiJ9IjtzOjQ6InVzZXIiO3M6ODoiIm5vYm9keSIiO31zYWx0fGk6NTU3OTc5MTY7bG9naW5fc2FsdHxpOjU1Nzk3OTE2O2Rlc2NyaWJlX2d0ZndfbW9kdWxlfHM6MTU3NDoiW3siRmllbGQiOiJNb2R1bGVJZCIsIlR5cGUiOiJiaWdpbnQoMjApIHVuc2lnbmVkIiwiTnVsbCI6Ik5PIiwiS2V5IjoiUFJJIiwiRGVmYXVsdCI6bnVsbCwiRXh0cmEiOiJhdXRvX2luY3JlbWVudCJ9LHsiRmllbGQiOiJNb2R1bGUiLCJUeXBlIjoidmFyY2hhcigxMDApIiwiTnVsbCI6Ik5PIiwiS2V5IjoiIiwiRGVmYXVsdCI6IiIsIkV4dHJhIjoiIn0seyJGaWVsZCI6IkxhYmVsTW9kdWxlIiwiVHlwZSI6InZhcmNoYXIoMTAwKSIsIk51bGwiOiJOTyIsIktleSI6IiIsIkRlZmF1bHQiOiIiLCJFeHRyYSI6IiJ9LHsiRmllbGQiOiJTdWJNb2R1bGUiLCJUeXBlIjoidmFyY2hhcigxMDApIiwiTnVsbCI6Ik5PIiwiS2V5IjoiIiwiRGVmYXVsdCI6IiIsIkV4dHJhIjoiIn0seyJGaWVsZCI6IkFjdGlvbiIsIlR5cGUiOiJ2YXJjaGFyKDEwMCkiLCJOdWxsIjoiWUVTIiwiS2V5IjoiIiwiRGVmYXVsdCI6InZpZXciLCJFeHRyYSI6IiJ9LHsiRmllbGQiOiJUeXBlIiwiVHlwZSI6InZhcmNoYXIoMTAwKSIsIk51bGwiOiJZRVMiLCJLZXkiOiIiLCJEZWZhdWx0IjoiaHRtbCIsIkV4dHJhIjoiIn0seyJGaWVsZCI6IkRlc2NyaXB0aW9uIiwiVHlwZSI6InRleHQiLCJOdWxsIjoiWUVTIiwiS2V5IjoiIiwiRGVmYXVsdCI6bnVsbCwiRXh0cmEiOiIifSx7IkZpZWxkIjoiQWNjZXNzIiwiVHlwZSI6ImVudW0oJ0FsbCcsJ0V4Y2x1c2l2ZScpIiwiTnVsbCI6Ik5PIiwiS2V5IjoiIiwiRGVmYXVsdCI6IkV4Y2x1c2l2ZSIsIkV4dHJhIjoiIn0seyJGaWVsZCI6IlNob3ciLCJUeXBlIjoiZW51bSgnWWVzJywnTm8nKSIsIk51bGwiOiJZRVMiLCJLZXkiOiIiLCJEZWZhdWx0IjoiTm8iLCJFeHRyYSI6IiJ9LHsiRmllbGQiOiJJY29uUGF0aCIsIlR5cGUiOiJ2YXJjaGFyKDI1NSkiLCJOdWxsIjoiWUVTIiwiS2V5IjoiIiwiRGVmYXVsdCI6bnVsbCwiRXh0cmEiOiIifSx7IkZpZWxkIjoiTWVudUlkIiwiVHlwZSI6ImludCg2KSIsIk51bGwiOiJZRVMiLCJLZXkiOiJNVUwiLCJEZWZhdWx0IjpudWxsLCJFeHRyYSI6IiJ9LHsiRmllbGQiOiJBcHBsaWNhdGlvbklkIiwiVHlwZSI6ImJpZ2ludCgyMCkiLCJOdWxsIjoiWUVTIiwiS2V5IjoiTVVMIiwiRGVmYXVsdCI6bnVsbCwiRXh0cmEiOiIifSx7IkZpZWxkIjoiTW9kdWxlUGF0aCIsIlR5cGUiOiJ2YXJjaGFyKDI1NSkiLCJOdWxsIjoiWUVTIiwiS2V5IjoiIiwiRGVmYXVsdCI6bnVsbCwiRXh0cmEiOiIifSx7IkZpZWxkIjoiQWtzaUlkIiwiVHlwZSI6InNtYWxsaW50KDYpIiwiTnVsbCI6IllFUyIsIktleSI6Ik1VTCIsIkRlZmF1bHQiOm51bGwsIkV4dHJhIjoiIn0seyJGaWVsZCI6IkxhYmVsQWtzaSIsIlR5cGUiOiJ2YXJjaGFyKDUwKSIsIk51bGwiOiJZRVMiLCJLZXkiOiIiLCJEZWZhdWx0IjpudWxsLCJFeHRyYSI6IiJ9LHsiRmllbGQiOiJIaW50IiwiVHlwZSI6InZhcmNoYXIoMTAwKSIsIk51bGwiOiJZRVMiLCJLZXkiOiIiLCJEZWZhdWx0IjpudWxsLCJFeHRyYSI6IiJ9LHsiRmllbGQiOiJOZWVkU3NsIiwiVHlwZSI6ImVudW0oJ1llcycsJ05vJykiLCJOdWxsIjoiWUVTIiwiS2V5IjoiIiwiRGVmYXVsdCI6bnVsbCwiRXh0cmEiOiIifV0iO21lc3Nlbmdlcl9xdWV1ZXxzOjE0NDoiTzoxMjoiTWVzc2FnZVF1ZXVlIjozOntzOjMxOiIATWVzc2FnZVF1ZXVlAG1DdXJyZW50UmVxdWVzdElkIjtpOjE7czoyODoiAE1lc3NhZ2VRdWV1ZQBtTmV4dFJlcXVlc3RJZCI7aToyO3M6MjM6IgBNZXNzYWdlUXVldWUAbU1lc3NhZ2VzIjthOjA6e319Ijs=','2014-03-28 09:17:58'),('dsl6ctii8nb4k1pisbqt641ov1','dGFibGVfZ3Rmd19jb25maWdfYXZhaWxhYmxlfGE6MTp7aTowO2E6MTp7czozNToiVGFibGVzX2luX2d0ZndfcHVibGljIChndGZ3X2NvbmZpZykiO3M6MTE6Imd0ZndfY29uZmlnIjt9fWNoZWNrX2d0ZndfbWVudV90YWJsZXxhOjE6e2k6MDthOjE6e3M6MzM6IlRhYmxlc19pbl9ndGZ3X3B1YmxpYyAoZ3Rmd19tZW51KSI7czo5OiJndGZ3X21lbnUiO319bWVzc2VuZ2VyX3F1ZXVlfHM6MTQ2OiJPOjEyOiJNZXNzYWdlUXVldWUiOjM6e3M6MzE6IgBNZXNzYWdlUXVldWUAbUN1cnJlbnRSZXF1ZXN0SWQiO2k6ODI7czoyODoiAE1lc3NhZ2VRdWV1ZQBtTmV4dFJlcXVlc3RJZCI7aTo4MztzOjIzOiIATWVzc2FnZVF1ZXVlAG1NZXNzYWdlcyI7YTowOnt9fSI7c3RhcnRfa2V5fGk6NDc3NDAzMTY4O211bHRfa2V5fGk6Mzc5ODQwOTgwO2FkZF9rZXl8aToxNjMyNTk3ODYyO2lzX2xvZ2dlZF9pbnxiOjE7dXNlcm5hbWV8czo1OiJhZG1pbiI7c2FsdHxpOjE2MDIxNTQ3OTtsb2dpbl9zYWx0fGk6MTYwMjE1NDc5O2Rlc2NyaWJlX2d0ZndfbW9kdWxlfHM6MTU3NDoiW3siRmllbGQiOiJNb2R1bGVJZCIsIlR5cGUiOiJiaWdpbnQoMjApIHVuc2lnbmVkIiwiTnVsbCI6Ik5PIiwiS2V5IjoiUFJJIiwiRGVmYXVsdCI6bnVsbCwiRXh0cmEiOiJhdXRvX2luY3JlbWVudCJ9LHsiRmllbGQiOiJNb2R1bGUiLCJUeXBlIjoidmFyY2hhcigxMDApIiwiTnVsbCI6Ik5PIiwiS2V5IjoiIiwiRGVmYXVsdCI6IiIsIkV4dHJhIjoiIn0seyJGaWVsZCI6IkxhYmVsTW9kdWxlIiwiVHlwZSI6InZhcmNoYXIoMTAwKSIsIk51bGwiOiJOTyIsIktleSI6IiIsIkRlZmF1bHQiOiIiLCJFeHRyYSI6IiJ9LHsiRmllbGQiOiJTdWJNb2R1bGUiLCJUeXBlIjoidmFyY2hhcigxMDApIiwiTnVsbCI6Ik5PIiwiS2V5IjoiIiwiRGVmYXVsdCI6IiIsIkV4dHJhIjoiIn0seyJGaWVsZCI6IkFjdGlvbiIsIlR5cGUiOiJ2YXJjaGFyKDEwMCkiLCJOdWxsIjoiWUVTIiwiS2V5IjoiIiwiRGVmYXVsdCI6InZpZXciLCJFeHRyYSI6IiJ9LHsiRmllbGQiOiJUeXBlIiwiVHlwZSI6InZhcmNoYXIoMTAwKSIsIk51bGwiOiJZRVMiLCJLZXkiOiIiLCJEZWZhdWx0IjoiaHRtbCIsIkV4dHJhIjoiIn0seyJGaWVsZCI6IkRlc2NyaXB0aW9uIiwiVHlwZSI6InRleHQiLCJOdWxsIjoiWUVTIiwiS2V5IjoiIiwiRGVmYXVsdCI6bnVsbCwiRXh0cmEiOiIifSx7IkZpZWxkIjoiQWNjZXNzIiwiVHlwZSI6ImVudW0oJ0FsbCcsJ0V4Y2x1c2l2ZScpIiwiTnVsbCI6Ik5PIiwiS2V5IjoiIiwiRGVmYXVsdCI6IkV4Y2x1c2l2ZSIsIkV4dHJhIjoiIn0seyJGaWVsZCI6IlNob3ciLCJUeXBlIjoiZW51bSgnWWVzJywnTm8nKSIsIk51bGwiOiJZRVMiLCJLZXkiOiIiLCJEZWZhdWx0IjoiTm8iLCJFeHRyYSI6IiJ9LHsiRmllbGQiOiJJY29uUGF0aCIsIlR5cGUiOiJ2YXJjaGFyKDI1NSkiLCJOdWxsIjoiWUVTIiwiS2V5IjoiIiwiRGVmYXVsdCI6bnVsbCwiRXh0cmEiOiIifSx7IkZpZWxkIjoiTWVudUlkIiwiVHlwZSI6ImludCg2KSIsIk51bGwiOiJZRVMiLCJLZXkiOiJNVUwiLCJEZWZhdWx0IjpudWxsLCJFeHRyYSI6IiJ9LHsiRmllbGQiOiJBcHBsaWNhdGlvbklkIiwiVHlwZSI6ImJpZ2ludCgyMCkiLCJOdWxsIjoiWUVTIiwiS2V5IjoiTVVMIiwiRGVmYXVsdCI6bnVsbCwiRXh0cmEiOiIifSx7IkZpZWxkIjoiTW9kdWxlUGF0aCIsIlR5cGUiOiJ2YXJjaGFyKDI1NSkiLCJOdWxsIjoiWUVTIiwiS2V5IjoiIiwiRGVmYXVsdCI6bnVsbCwiRXh0cmEiOiIifSx7IkZpZWxkIjoiQWtzaUlkIiwiVHlwZSI6InNtYWxsaW50KDYpIiwiTnVsbCI6IllFUyIsIktleSI6Ik1VTCIsIkRlZmF1bHQiOm51bGwsIkV4dHJhIjoiIn0seyJGaWVsZCI6IkxhYmVsQWtzaSIsIlR5cGUiOiJ2YXJjaGFyKDUwKSIsIk51bGwiOiJZRVMiLCJLZXkiOiIiLCJEZWZhdWx0IjpudWxsLCJFeHRyYSI6IiJ9LHsiRmllbGQiOiJIaW50IiwiVHlwZSI6InZhcmNoYXIoMTAwKSIsIk51bGwiOiJZRVMiLCJLZXkiOiIiLCJEZWZhdWx0IjpudWxsLCJFeHRyYSI6IiJ9LHsiRmllbGQiOiJOZWVkU3NsIiwiVHlwZSI6ImVudW0oJ1llcycsJ05vJykiLCJOdWxsIjoiWUVTIiwiS2V5IjoiIiwiRGVmYXVsdCI6bnVsbCwiRXh0cmEiOiIifV0iO2FrdGl2ZV91c2VyX2dyb3VwX2lkfHM6MjoiNjMiO2FjY2Vzc19tb2R1bGV8YTozOntzOjExOiJtb2R1bGVDb3VudCI7czo0OiIiMzIiIjtzOjY6Im1vZHVsZSI7czo2MzA6InsibG9naW5fZGVmYXVsdGxvZ2ludmlld2h0bWwyMDAiOiIwIiwibG9naW5fZGVmYXVsdGxvZ2luZG9odG1sMjAwIjoiMCIsImhvbWVob21ldmlld2h0bWwyMDAiOiIwIiwiaGVhZGVyaGVhZGVydmlld2h0bWwyMDAiOiIwIiwibmF2aWdhdGlvbm5hdmlnYXRpb252aWV3aHRtbDIwMCI6IjAiLCJtZW51bWVudXZpZXdodG1sMjAwIjoiMCIsInRlc3RUZXN0Vmlld2h0bWwyMDAiOiIwIiwiZ3Rmd19tZW51TWVudVZpZXdodG1sMjAwIjoiMCIsImd0ZndfZ3JvdXBHcm91cFZpZXdodG1sMjAwIjoiMCIsImd0ZndfdXNlclVzZXJWaWV3aHRtbDIwMCI6IjAiLCJwYWdpbmdwYWdpbmd2aWV3aHRtbDIwMCI6IjAiLCJndGZ3X21vZHVsZWd0ZndNb2R1bGV2aWV3aHRtbDIwMCI6IjAiLCJndGZ3X21lbnVhZGR2aWV3aHRtbDIwMCI6IjAiLCJjb21ib2JveGNvbWJvYm94dmlld2h0bWwyMDAiOiIwIiwiZ3Rmd19tb2R1bGVndGZ3U3ViTW9kdWxldmlld2h0bWwyMDAiOiIwIiwiZ3Rmd19ncm91cGlucHV0R3JvdXB2aWV3aHRtbDIwMCI6IjE3NzgiLCJndGZ3X2dyb3VwdXBkYXRlR3JvdXBkb2pzb24yMDAiOiIxNzc2IiwiZ3Rmd19ncm91cGdyb3Vwdmlld2h0bWwyMDAiOiIxNzc3IiwidGVzdGV4Y2Vsdmlld3hsczIwMCI6IjAifSI7czo0OiJ1c2VyIjtzOjc6IiJhZG1pbiIiO30=','2014-04-01 06:16:51'),('2d75vouo6hdmo1egrm8vehmv85','dGFibGVfZ3Rmd19jb25maWdfYXZhaWxhYmxlfGE6MTp7aTowO2E6MTp7czozNToiVGFibGVzX2luX2d0ZndfcHVibGljIChndGZ3X2NvbmZpZykiO3M6MTE6Imd0ZndfY29uZmlnIjt9fWNoZWNrX2d0ZndfbWVudV90YWJsZXxhOjE6e2k6MDthOjE6e3M6MzM6IlRhYmxlc19pbl9ndGZ3X3B1YmxpYyAoZ3Rmd19tZW51KSI7czo5OiJndGZ3X21lbnUiO319bWVzc2VuZ2VyX3F1ZXVlfHM6NDc1OiJPOjEyOiJNZXNzYWdlUXVldWUiOjM6e3M6MzE6IgBNZXNzYWdlUXVldWUAbUN1cnJlbnRSZXF1ZXN0SWQiO2k6NDc7czoyODoiAE1lc3NhZ2VRdWV1ZQBtTmV4dFJlcXVlc3RJZCI7aTo0ODtzOjIzOiIATWVzc2FnZVF1ZXVlAG1NZXNzYWdlcyI7YToxOntzOjc1OiIvbWVkaWEvd3d3L3d3dy9yaXNldC9hcHAvbW9kdWxlL2d0ZndfbWVudS9yZXNwb25zZS9WaWV3TWVudS5odG1sLmNsYXNzLnBocF8iO2E6MTp7aToxMTtPOjc6Ik1lc3NhZ2UiOjM6e3M6MTk6IgBNZXNzYWdlAG1SZXF1ZXN0SWQiO2k6MDtzOjE3OiIATWVzc2FnZQBtTWVzc2FnZSI7YToxOntpOjA7YTo1OntzOjQ6InBhZ2UiO2k6MTtzOjc6ImRpc3BsYXkiO2k6NTA7czo1OiJzdGFydCI7aTowO3M6NDoibmFtZSI7czoxNjoiYWxlcnQoXCdoZWxsb1wnKSI7czo3OiJidG5jYXJpIjtzOjEzOiIgVGFtcGlsa2FuIMK7Ijt9fXM6MTM6IgBNZXNzYWdlAG1PbGQiO2I6MDt9fX19IjtzdGFydF9rZXl8aToyMTA3MjI3MjA5O211bHRfa2V5fGk6MTI4MzUyOTgxMTthZGRfa2V5fGk6NDU2MDMxMjY3O2lzX2xvZ2dlZF9pbnxiOjE7dXNlcm5hbWV8czo1OiJhZG1pbiI7c2FsdHxpOjQzNTg5MzU1ODtsb2dpbl9zYWx0fGk6NDM1ODkzNTU4O2Rlc2NyaWJlX2d0ZndfbW9kdWxlfHM6MTU3NDoiW3siRmllbGQiOiJNb2R1bGVJZCIsIlR5cGUiOiJiaWdpbnQoMjApIHVuc2lnbmVkIiwiTnVsbCI6Ik5PIiwiS2V5IjoiUFJJIiwiRGVmYXVsdCI6bnVsbCwiRXh0cmEiOiJhdXRvX2luY3JlbWVudCJ9LHsiRmllbGQiOiJNb2R1bGUiLCJUeXBlIjoidmFyY2hhcigxMDApIiwiTnVsbCI6Ik5PIiwiS2V5IjoiIiwiRGVmYXVsdCI6IiIsIkV4dHJhIjoiIn0seyJGaWVsZCI6IkxhYmVsTW9kdWxlIiwiVHlwZSI6InZhcmNoYXIoMTAwKSIsIk51bGwiOiJOTyIsIktleSI6IiIsIkRlZmF1bHQiOiIiLCJFeHRyYSI6IiJ9LHsiRmllbGQiOiJTdWJNb2R1bGUiLCJUeXBlIjoidmFyY2hhcigxMDApIiwiTnVsbCI6Ik5PIiwiS2V5IjoiIiwiRGVmYXVsdCI6IiIsIkV4dHJhIjoiIn0seyJGaWVsZCI6IkFjdGlvbiIsIlR5cGUiOiJ2YXJjaGFyKDEwMCkiLCJOdWxsIjoiWUVTIiwiS2V5IjoiIiwiRGVmYXVsdCI6InZpZXciLCJFeHRyYSI6IiJ9LHsiRmllbGQiOiJUeXBlIiwiVHlwZSI6InZhcmNoYXIoMTAwKSIsIk51bGwiOiJZRVMiLCJLZXkiOiIiLCJEZWZhdWx0IjoiaHRtbCIsIkV4dHJhIjoiIn0seyJGaWVsZCI6IkRlc2NyaXB0aW9uIiwiVHlwZSI6InRleHQiLCJOdWxsIjoiWUVTIiwiS2V5IjoiIiwiRGVmYXVsdCI6bnVsbCwiRXh0cmEiOiIifSx7IkZpZWxkIjoiQWNjZXNzIiwiVHlwZSI6ImVudW0oJ0FsbCcsJ0V4Y2x1c2l2ZScpIiwiTnVsbCI6Ik5PIiwiS2V5IjoiIiwiRGVmYXVsdCI6IkV4Y2x1c2l2ZSIsIkV4dHJhIjoiIn0seyJGaWVsZCI6IlNob3ciLCJUeXBlIjoiZW51bSgnWWVzJywnTm8nKSIsIk51bGwiOiJZRVMiLCJLZXkiOiIiLCJEZWZhdWx0IjoiTm8iLCJFeHRyYSI6IiJ9LHsiRmllbGQiOiJJY29uUGF0aCIsIlR5cGUiOiJ2YXJjaGFyKDI1NSkiLCJOdWxsIjoiWUVTIiwiS2V5IjoiIiwiRGVmYXVsdCI6bnVsbCwiRXh0cmEiOiIifSx7IkZpZWxkIjoiTWVudUlkIiwiVHlwZSI6ImludCg2KSIsIk51bGwiOiJZRVMiLCJLZXkiOiJNVUwiLCJEZWZhdWx0IjpudWxsLCJFeHRyYSI6IiJ9LHsiRmllbGQiOiJBcHBsaWNhdGlvbklkIiwiVHlwZSI6ImJpZ2ludCgyMCkiLCJOdWxsIjoiWUVTIiwiS2V5IjoiTVVMIiwiRGVmYXVsdCI6bnVsbCwiRXh0cmEiOiIifSx7IkZpZWxkIjoiTW9kdWxlUGF0aCIsIlR5cGUiOiJ2YXJjaGFyKDI1NSkiLCJOdWxsIjoiWUVTIiwiS2V5IjoiIiwiRGVmYXVsdCI6bnVsbCwiRXh0cmEiOiIifSx7IkZpZWxkIjoiQWtzaUlkIiwiVHlwZSI6InNtYWxsaW50KDYpIiwiTnVsbCI6IllFUyIsIktleSI6Ik1VTCIsIkRlZmF1bHQiOm51bGwsIkV4dHJhIjoiIn0seyJGaWVsZCI6IkxhYmVsQWtzaSIsIlR5cGUiOiJ2YXJjaGFyKDUwKSIsIk51bGwiOiJZRVMiLCJLZXkiOiIiLCJEZWZhdWx0IjpudWxsLCJFeHRyYSI6IiJ9LHsiRmllbGQiOiJIaW50IiwiVHlwZSI6InZhcmNoYXIoMTAwKSIsIk51bGwiOiJZRVMiLCJLZXkiOiIiLCJEZWZhdWx0IjpudWxsLCJFeHRyYSI6IiJ9LHsiRmllbGQiOiJOZWVkU3NsIiwiVHlwZSI6ImVudW0oJ1llcycsJ05vJykiLCJOdWxsIjoiWUVTIiwiS2V5IjoiIiwiRGVmYXVsdCI6bnVsbCwiRXh0cmEiOiIifV0iO2FrdGl2ZV91c2VyX2dyb3VwX2lkfHM6MjoiNjMiO2FjY2Vzc19tb2R1bGV8YTozOntzOjExOiJtb2R1bGVDb3VudCI7czo0OiIiMzIiIjtzOjY6Im1vZHVsZSI7czo1NDE6InsibG9naW5fZGVmYXVsdGxvZ2ludmlld2h0bWwyMDAiOiI3NjIiLCJsb2dpbl9kZWZhdWx0bG9naW5kb2h0bWwyMDAiOiI3NTkiLCJob21laG9tZXZpZXdodG1sMjAwIjoiNzU3IiwiaGVhZGVyaGVhZGVydmlld2h0bWwyMDAiOiIxMjU5IiwibmF2aWdhdGlvbm5hdmlnYXRpb252aWV3aHRtbDIwMCI6IjEyNTgiLCJtZW51bWVudXZpZXdodG1sMjAwIjoiNzYzIiwidGVzdFRlc3RWaWV3aHRtbDIwMCI6IjAiLCJndGZ3X2dyb3VwR3JvdXBWaWV3aHRtbDIwMCI6IjE3NzciLCJndGZ3X2dyb3VwaW5wdXRHcm91cHZpZXdodG1sMjAwIjoiMTc3OCIsImNvbWJvYm94Y29tYm9ib3h2aWV3aHRtbDIwMCI6Ijc0NyIsImd0ZndfZ3JvdXB1cGRhdGVHcm91cGRvanNvbjIwMCI6IjE3NzYiLCJndGZ3X2dyb3VwZ3JvdXB2aWV3aHRtbDIwMCI6IjE3NzciLCJ0ZXN0ZXhjZWx2aWV3eGxzMjAwIjoiMCIsImd0ZndfbWVudU1lbnVWaWV3aHRtbDIwMCI6IjAiLCJwYWdpbmdwYWdpbmd2aWV3aHRtbDIwMCI6IjAiLCJndGZ3X3VzZXJVc2VyVmlld2h0bWwyMDAiOiIxNzkwIn0iO3M6NDoidXNlciI7czo3OiIiYWRtaW4iIjt9','2014-04-01 07:46:11'),('mhivo4v6io8shs071cn2vur8a7','dGFibGVfZ3Rmd19jb25maWdfYXZhaWxhYmxlfGE6MTp7aTowO2E6MTp7czozNToiVGFibGVzX2luX2d0ZndfcHVibGljIChndGZ3X2NvbmZpZykiO3M6MTE6Imd0ZndfY29uZmlnIjt9fWNoZWNrX2d0ZndfbWVudV90YWJsZXxhOjE6e2k6MDthOjE6e3M6MzM6IlRhYmxlc19pbl9ndGZ3X3B1YmxpYyAoZ3Rmd19tZW51KSI7czo5OiJndGZ3X21lbnUiO319bWVzc2VuZ2VyX3F1ZXVlfHM6NDAyOiJPOjEyOiJNZXNzYWdlUXVldWUiOjM6e3M6MzE6IgBNZXNzYWdlUXVldWUAbUN1cnJlbnRSZXF1ZXN0SWQiO2k6NTtzOjI4OiIATWVzc2FnZVF1ZXVlAG1OZXh0UmVxdWVzdElkIjtpOjY7czoyMzoiAE1lc3NhZ2VRdWV1ZQBtTWVzc2FnZXMiO2E6MTp7czo3NToiL21lZGlhL3d3dy93d3cvcmlzZXQvYXBwL21vZHVsZS9ndGZ3X21lbnUvcmVzcG9uc2UvVmlld01lbnUuaHRtbC5jbGFzcy5waHBfIjthOjE6e2k6MDtPOjc6Ik1lc3NhZ2UiOjM6e3M6MTk6IgBNZXNzYWdlAG1SZXF1ZXN0SWQiO2k6MDtzOjE3OiIATWVzc2FnZQBtTWVzc2FnZSI7YToxOntpOjA7YTozOntzOjQ6InBhZ2UiO2k6MTtzOjc6ImRpc3BsYXkiO2k6NTA7czo1OiJzdGFydCI7aTowO319czoxMzoiAE1lc3NhZ2UAbU9sZCI7YjowO319fX0iO3N0YXJ0X2tleXxpOjIxMzM2Nzk5OTg7bXVsdF9rZXl8aTozNDE5MzUyNTQ7YWRkX2tleXxpOjEyMjYzMTQ2NDA7aXNfbG9nZ2VkX2lufGI6MTt1c2VybmFtZXxzOjU6ImFkbWluIjtzYWx0fGk6MjA0Nzk4MjY3OTtsb2dpbl9zYWx0fGk6MjA0Nzk4MjY3OTtkZXNjcmliZV9ndGZ3X21vZHVsZXxzOjE1NzQ6Ilt7IkZpZWxkIjoiTW9kdWxlSWQiLCJUeXBlIjoiYmlnaW50KDIwKSB1bnNpZ25lZCIsIk51bGwiOiJOTyIsIktleSI6IlBSSSIsIkRlZmF1bHQiOm51bGwsIkV4dHJhIjoiYXV0b19pbmNyZW1lbnQifSx7IkZpZWxkIjoiTW9kdWxlIiwiVHlwZSI6InZhcmNoYXIoMTAwKSIsIk51bGwiOiJOTyIsIktleSI6IiIsIkRlZmF1bHQiOiIiLCJFeHRyYSI6IiJ9LHsiRmllbGQiOiJMYWJlbE1vZHVsZSIsIlR5cGUiOiJ2YXJjaGFyKDEwMCkiLCJOdWxsIjoiTk8iLCJLZXkiOiIiLCJEZWZhdWx0IjoiIiwiRXh0cmEiOiIifSx7IkZpZWxkIjoiU3ViTW9kdWxlIiwiVHlwZSI6InZhcmNoYXIoMTAwKSIsIk51bGwiOiJOTyIsIktleSI6IiIsIkRlZmF1bHQiOiIiLCJFeHRyYSI6IiJ9LHsiRmllbGQiOiJBY3Rpb24iLCJUeXBlIjoidmFyY2hhcigxMDApIiwiTnVsbCI6IllFUyIsIktleSI6IiIsIkRlZmF1bHQiOiJ2aWV3IiwiRXh0cmEiOiIifSx7IkZpZWxkIjoiVHlwZSIsIlR5cGUiOiJ2YXJjaGFyKDEwMCkiLCJOdWxsIjoiWUVTIiwiS2V5IjoiIiwiRGVmYXVsdCI6Imh0bWwiLCJFeHRyYSI6IiJ9LHsiRmllbGQiOiJEZXNjcmlwdGlvbiIsIlR5cGUiOiJ0ZXh0IiwiTnVsbCI6IllFUyIsIktleSI6IiIsIkRlZmF1bHQiOm51bGwsIkV4dHJhIjoiIn0seyJGaWVsZCI6IkFjY2VzcyIsIlR5cGUiOiJlbnVtKCdBbGwnLCdFeGNsdXNpdmUnKSIsIk51bGwiOiJOTyIsIktleSI6IiIsIkRlZmF1bHQiOiJFeGNsdXNpdmUiLCJFeHRyYSI6IiJ9LHsiRmllbGQiOiJTaG93IiwiVHlwZSI6ImVudW0oJ1llcycsJ05vJykiLCJOdWxsIjoiWUVTIiwiS2V5IjoiIiwiRGVmYXVsdCI6Ik5vIiwiRXh0cmEiOiIifSx7IkZpZWxkIjoiSWNvblBhdGgiLCJUeXBlIjoidmFyY2hhcigyNTUpIiwiTnVsbCI6IllFUyIsIktleSI6IiIsIkRlZmF1bHQiOm51bGwsIkV4dHJhIjoiIn0seyJGaWVsZCI6Ik1lbnVJZCIsIlR5cGUiOiJpbnQoNikiLCJOdWxsIjoiWUVTIiwiS2V5IjoiTVVMIiwiRGVmYXVsdCI6bnVsbCwiRXh0cmEiOiIifSx7IkZpZWxkIjoiQXBwbGljYXRpb25JZCIsIlR5cGUiOiJiaWdpbnQoMjApIiwiTnVsbCI6IllFUyIsIktleSI6Ik1VTCIsIkRlZmF1bHQiOm51bGwsIkV4dHJhIjoiIn0seyJGaWVsZCI6Ik1vZHVsZVBhdGgiLCJUeXBlIjoidmFyY2hhcigyNTUpIiwiTnVsbCI6IllFUyIsIktleSI6IiIsIkRlZmF1bHQiOm51bGwsIkV4dHJhIjoiIn0seyJGaWVsZCI6IkFrc2lJZCIsIlR5cGUiOiJzbWFsbGludCg2KSIsIk51bGwiOiJZRVMiLCJLZXkiOiJNVUwiLCJEZWZhdWx0IjpudWxsLCJFeHRyYSI6IiJ9LHsiRmllbGQiOiJMYWJlbEFrc2kiLCJUeXBlIjoidmFyY2hhcig1MCkiLCJOdWxsIjoiWUVTIiwiS2V5IjoiIiwiRGVmYXVsdCI6bnVsbCwiRXh0cmEiOiIifSx7IkZpZWxkIjoiSGludCIsIlR5cGUiOiJ2YXJjaGFyKDEwMCkiLCJOdWxsIjoiWUVTIiwiS2V5IjoiIiwiRGVmYXVsdCI6bnVsbCwiRXh0cmEiOiIifSx7IkZpZWxkIjoiTmVlZFNzbCIsIlR5cGUiOiJlbnVtKCdZZXMnLCdObycpIiwiTnVsbCI6IllFUyIsIktleSI6IiIsIkRlZmF1bHQiOm51bGwsIkV4dHJhIjoiIn1dIjtha3RpdmVfdXNlcl9ncm91cF9pZHxzOjI6IjYzIjthY2Nlc3NfbW9kdWxlfGE6Mzp7czoxMToibW9kdWxlQ291bnQiO3M6NDoiIjMyIiI7czo2OiJtb2R1bGUiO3M6MjcxOiJ7ImxvZ2luX2RlZmF1bHRsb2dpbnZpZXdodG1sMjAwIjoiNzYyIiwibG9naW5fZGVmYXVsdGxvZ2luZG9odG1sMjAwIjoiNzU5IiwiaG9tZWhvbWV2aWV3aHRtbDIwMCI6Ijc1NyIsImhlYWRlcmhlYWRlcnZpZXdodG1sMjAwIjoiMTI1OSIsIm5hdmlnYXRpb25uYXZpZ2F0aW9udmlld2h0bWwyMDAiOiIxMjU4IiwibWVudW1lbnV2aWV3aHRtbDIwMCI6Ijc2MyIsImd0ZndfbWVudU1lbnVWaWV3aHRtbDIwMCI6IjE3OTMiLCJwYWdpbmdwYWdpbmd2aWV3aHRtbDIwMCI6Ijc2NSJ9IjtzOjQ6InVzZXIiO3M6NzoiImFkbWluIiI7fQ==','2014-04-02 04:15:27'),('3tkjirovtoreqbv08nols55e45','dGFibGVfZ3Rmd19jb25maWdfYXZhaWxhYmxlfGE6MTp7aTowO2E6MTp7czozNToiVGFibGVzX2luX2d0ZndfcHVibGljIChndGZ3X2NvbmZpZykiO3M6MTE6Imd0ZndfY29uZmlnIjt9fWNoZWNrX2d0ZndfbWVudV90YWJsZXxhOjE6e2k6MDthOjE6e3M6MzM6IlRhYmxlc19pbl9ndGZ3X3B1YmxpYyAoZ3Rmd19tZW51KSI7czo5OiJndGZ3X21lbnUiO319bWVzc2VuZ2VyX3F1ZXVlfHM6MTQ0OiJPOjEyOiJNZXNzYWdlUXVldWUiOjM6e3M6MzE6IgBNZXNzYWdlUXVldWUAbUN1cnJlbnRSZXF1ZXN0SWQiO2k6MTtzOjI4OiIATWVzc2FnZVF1ZXVlAG1OZXh0UmVxdWVzdElkIjtpOjI7czoyMzoiAE1lc3NhZ2VRdWV1ZQBtTWVzc2FnZXMiO2E6MDp7fX0iO3N0YXJ0X2tleXxpOjEzMDgzMTY0OTU7bXVsdF9rZXl8aToyMTEyNDAxMzU1O2FkZF9rZXl8aTo0ODkxODM3Nztpc19sb2dnZWRfaW58YjowO3VzZXJuYW1lfHM6Njoibm9ib2R5IjtkZXNjcmliZV9ndGZ3X21vZHVsZXxzOjE1NzQ6Ilt7IkZpZWxkIjoiTW9kdWxlSWQiLCJUeXBlIjoiYmlnaW50KDIwKSB1bnNpZ25lZCIsIk51bGwiOiJOTyIsIktleSI6IlBSSSIsIkRlZmF1bHQiOm51bGwsIkV4dHJhIjoiYXV0b19pbmNyZW1lbnQifSx7IkZpZWxkIjoiTW9kdWxlIiwiVHlwZSI6InZhcmNoYXIoMTAwKSIsIk51bGwiOiJOTyIsIktleSI6IiIsIkRlZmF1bHQiOiIiLCJFeHRyYSI6IiJ9LHsiRmllbGQiOiJMYWJlbE1vZHVsZSIsIlR5cGUiOiJ2YXJjaGFyKDEwMCkiLCJOdWxsIjoiTk8iLCJLZXkiOiIiLCJEZWZhdWx0IjoiIiwiRXh0cmEiOiIifSx7IkZpZWxkIjoiU3ViTW9kdWxlIiwiVHlwZSI6InZhcmNoYXIoMTAwKSIsIk51bGwiOiJOTyIsIktleSI6IiIsIkRlZmF1bHQiOiIiLCJFeHRyYSI6IiJ9LHsiRmllbGQiOiJBY3Rpb24iLCJUeXBlIjoidmFyY2hhcigxMDApIiwiTnVsbCI6IllFUyIsIktleSI6IiIsIkRlZmF1bHQiOiJ2aWV3IiwiRXh0cmEiOiIifSx7IkZpZWxkIjoiVHlwZSIsIlR5cGUiOiJ2YXJjaGFyKDEwMCkiLCJOdWxsIjoiWUVTIiwiS2V5IjoiIiwiRGVmYXVsdCI6Imh0bWwiLCJFeHRyYSI6IiJ9LHsiRmllbGQiOiJEZXNjcmlwdGlvbiIsIlR5cGUiOiJ0ZXh0IiwiTnVsbCI6IllFUyIsIktleSI6IiIsIkRlZmF1bHQiOm51bGwsIkV4dHJhIjoiIn0seyJGaWVsZCI6IkFjY2VzcyIsIlR5cGUiOiJlbnVtKCdBbGwnLCdFeGNsdXNpdmUnKSIsIk51bGwiOiJOTyIsIktleSI6IiIsIkRlZmF1bHQiOiJFeGNsdXNpdmUiLCJFeHRyYSI6IiJ9LHsiRmllbGQiOiJTaG93IiwiVHlwZSI6ImVudW0oJ1llcycsJ05vJykiLCJOdWxsIjoiWUVTIiwiS2V5IjoiIiwiRGVmYXVsdCI6Ik5vIiwiRXh0cmEiOiIifSx7IkZpZWxkIjoiSWNvblBhdGgiLCJUeXBlIjoidmFyY2hhcigyNTUpIiwiTnVsbCI6IllFUyIsIktleSI6IiIsIkRlZmF1bHQiOm51bGwsIkV4dHJhIjoiIn0seyJGaWVsZCI6Ik1lbnVJZCIsIlR5cGUiOiJpbnQoNikiLCJOdWxsIjoiWUVTIiwiS2V5IjoiTVVMIiwiRGVmYXVsdCI6bnVsbCwiRXh0cmEiOiIifSx7IkZpZWxkIjoiQXBwbGljYXRpb25JZCIsIlR5cGUiOiJiaWdpbnQoMjApIiwiTnVsbCI6IllFUyIsIktleSI6Ik1VTCIsIkRlZmF1bHQiOm51bGwsIkV4dHJhIjoiIn0seyJGaWVsZCI6Ik1vZHVsZVBhdGgiLCJUeXBlIjoidmFyY2hhcigyNTUpIiwiTnVsbCI6IllFUyIsIktleSI6IiIsIkRlZmF1bHQiOm51bGwsIkV4dHJhIjoiIn0seyJGaWVsZCI6IkFrc2lJZCIsIlR5cGUiOiJzbWFsbGludCg2KSIsIk51bGwiOiJZRVMiLCJLZXkiOiJNVUwiLCJEZWZhdWx0IjpudWxsLCJFeHRyYSI6IiJ9LHsiRmllbGQiOiJMYWJlbEFrc2kiLCJUeXBlIjoidmFyY2hhcig1MCkiLCJOdWxsIjoiWUVTIiwiS2V5IjoiIiwiRGVmYXVsdCI6bnVsbCwiRXh0cmEiOiIifSx7IkZpZWxkIjoiSGludCIsIlR5cGUiOiJ2YXJjaGFyKDEwMCkiLCJOdWxsIjoiWUVTIiwiS2V5IjoiIiwiRGVmYXVsdCI6bnVsbCwiRXh0cmEiOiIifSx7IkZpZWxkIjoiTmVlZFNzbCIsIlR5cGUiOiJlbnVtKCdZZXMnLCdObycpIiwiTnVsbCI6IllFUyIsIktleSI6IiIsIkRlZmF1bHQiOm51bGwsIkV4dHJhIjoiIn1dIjthY2Nlc3NfbW9kdWxlfGE6Mjp7czo2OiJtb2R1bGUiO3M6MTMxOiJ7ImhvbWVob21ldmlld2h0bWwyMDAiOiI3NTciLCJoZWFkZXJoZWFkZXJ2aWV3aHRtbDIwMCI6IjEyNTkiLCJuYXZpZ2F0aW9ubmF2aWdhdGlvbnZpZXdodG1sMjAwIjoiMTI1OCIsIm1lbnVtZW51dmlld2h0bWwyMDAiOiI3NjMifSI7czo0OiJ1c2VyIjtzOjg6IiJub2JvZHkiIjt9','2014-04-02 07:52:06'),('52q47drui8aejnl17sqmv4uh02','dGFibGVfZ3Rmd19jb25maWdfYXZhaWxhYmxlfGE6MTp7aTowO2E6MTp7czozNToiVGFibGVzX2luX2d0ZndfcHVibGljIChndGZ3X2NvbmZpZykiO3M6MTE6Imd0ZndfY29uZmlnIjt9fWNoZWNrX2d0ZndfbWVudV90YWJsZXxhOjE6e2k6MDthOjE6e3M6MzM6IlRhYmxlc19pbl9ndGZ3X3B1YmxpYyAoZ3Rmd19tZW51KSI7czo5OiJndGZ3X21lbnUiO319bWVzc2VuZ2VyX3F1ZXVlfHM6NDA0OiJPOjEyOiJNZXNzYWdlUXVldWUiOjM6e3M6MzE6IgBNZXNzYWdlUXVldWUAbUN1cnJlbnRSZXF1ZXN0SWQiO2k6NzU7czoyODoiAE1lc3NhZ2VRdWV1ZQBtTmV4dFJlcXVlc3RJZCI7aTo3NjtzOjIzOiIATWVzc2FnZVF1ZXVlAG1NZXNzYWdlcyI7YToxOntzOjc1OiIvbWVkaWEvd3d3L3d3dy9yaXNldC9hcHAvbW9kdWxlL2d0ZndfbWVudS9yZXNwb25zZS9WaWV3TWVudS5odG1sLmNsYXNzLnBocF8iO2E6MTp7aToxO086NzoiTWVzc2FnZSI6Mzp7czoxOToiAE1lc3NhZ2UAbVJlcXVlc3RJZCI7aTowO3M6MTc6IgBNZXNzYWdlAG1NZXNzYWdlIjthOjE6e2k6MDthOjM6e3M6NDoicGFnZSI7aToxO3M6NzoiZGlzcGxheSI7aTo1MDtzOjU6InN0YXJ0IjtpOjA7fX1zOjEzOiIATWVzc2FnZQBtT2xkIjtiOjA7fX19fSI7c3RhcnRfa2V5fGk6MTczOTcwNDA0OTttdWx0X2tleXxpOjE4MDAxNzI4NzQ7YWRkX2tleXxpOjE1MjYzNjEzMTY7aXNfbG9nZ2VkX2lufGI6MTt1c2VybmFtZXxzOjU6ImFkbWluIjtzYWx0fGk6ODMxOTI1NDgzO2xvZ2luX3NhbHR8aTo4MzE5MjU0ODM7ZGVzY3JpYmVfZ3Rmd19tb2R1bGV8czoxNTc0OiJbeyJGaWVsZCI6Ik1vZHVsZUlkIiwiVHlwZSI6ImJpZ2ludCgyMCkgdW5zaWduZWQiLCJOdWxsIjoiTk8iLCJLZXkiOiJQUkkiLCJEZWZhdWx0IjpudWxsLCJFeHRyYSI6ImF1dG9faW5jcmVtZW50In0seyJGaWVsZCI6Ik1vZHVsZSIsIlR5cGUiOiJ2YXJjaGFyKDEwMCkiLCJOdWxsIjoiTk8iLCJLZXkiOiIiLCJEZWZhdWx0IjoiIiwiRXh0cmEiOiIifSx7IkZpZWxkIjoiTGFiZWxNb2R1bGUiLCJUeXBlIjoidmFyY2hhcigxMDApIiwiTnVsbCI6Ik5PIiwiS2V5IjoiIiwiRGVmYXVsdCI6IiIsIkV4dHJhIjoiIn0seyJGaWVsZCI6IlN1Yk1vZHVsZSIsIlR5cGUiOiJ2YXJjaGFyKDEwMCkiLCJOdWxsIjoiTk8iLCJLZXkiOiIiLCJEZWZhdWx0IjoiIiwiRXh0cmEiOiIifSx7IkZpZWxkIjoiQWN0aW9uIiwiVHlwZSI6InZhcmNoYXIoMTAwKSIsIk51bGwiOiJZRVMiLCJLZXkiOiIiLCJEZWZhdWx0IjoidmlldyIsIkV4dHJhIjoiIn0seyJGaWVsZCI6IlR5cGUiLCJUeXBlIjoidmFyY2hhcigxMDApIiwiTnVsbCI6IllFUyIsIktleSI6IiIsIkRlZmF1bHQiOiJodG1sIiwiRXh0cmEiOiIifSx7IkZpZWxkIjoiRGVzY3JpcHRpb24iLCJUeXBlIjoidGV4dCIsIk51bGwiOiJZRVMiLCJLZXkiOiIiLCJEZWZhdWx0IjpudWxsLCJFeHRyYSI6IiJ9LHsiRmllbGQiOiJBY2Nlc3MiLCJUeXBlIjoiZW51bSgnQWxsJywnRXhjbHVzaXZlJykiLCJOdWxsIjoiTk8iLCJLZXkiOiIiLCJEZWZhdWx0IjoiRXhjbHVzaXZlIiwiRXh0cmEiOiIifSx7IkZpZWxkIjoiU2hvdyIsIlR5cGUiOiJlbnVtKCdZZXMnLCdObycpIiwiTnVsbCI6IllFUyIsIktleSI6IiIsIkRlZmF1bHQiOiJObyIsIkV4dHJhIjoiIn0seyJGaWVsZCI6Ikljb25QYXRoIiwiVHlwZSI6InZhcmNoYXIoMjU1KSIsIk51bGwiOiJZRVMiLCJLZXkiOiIiLCJEZWZhdWx0IjpudWxsLCJFeHRyYSI6IiJ9LHsiRmllbGQiOiJNZW51SWQiLCJUeXBlIjoiaW50KDYpIiwiTnVsbCI6IllFUyIsIktleSI6Ik1VTCIsIkRlZmF1bHQiOm51bGwsIkV4dHJhIjoiIn0seyJGaWVsZCI6IkFwcGxpY2F0aW9uSWQiLCJUeXBlIjoiYmlnaW50KDIwKSIsIk51bGwiOiJZRVMiLCJLZXkiOiJNVUwiLCJEZWZhdWx0IjpudWxsLCJFeHRyYSI6IiJ9LHsiRmllbGQiOiJNb2R1bGVQYXRoIiwiVHlwZSI6InZhcmNoYXIoMjU1KSIsIk51bGwiOiJZRVMiLCJLZXkiOiIiLCJEZWZhdWx0IjpudWxsLCJFeHRyYSI6IiJ9LHsiRmllbGQiOiJBa3NpSWQiLCJUeXBlIjoic21hbGxpbnQoNikiLCJOdWxsIjoiWUVTIiwiS2V5IjoiTVVMIiwiRGVmYXVsdCI6bnVsbCwiRXh0cmEiOiIifSx7IkZpZWxkIjoiTGFiZWxBa3NpIiwiVHlwZSI6InZhcmNoYXIoNTApIiwiTnVsbCI6IllFUyIsIktleSI6IiIsIkRlZmF1bHQiOm51bGwsIkV4dHJhIjoiIn0seyJGaWVsZCI6IkhpbnQiLCJUeXBlIjoidmFyY2hhcigxMDApIiwiTnVsbCI6IllFUyIsIktleSI6IiIsIkRlZmF1bHQiOm51bGwsIkV4dHJhIjoiIn0seyJGaWVsZCI6Ik5lZWRTc2wiLCJUeXBlIjoiZW51bSgnWWVzJywnTm8nKSIsIk51bGwiOiJZRVMiLCJLZXkiOiIiLCJEZWZhdWx0IjpudWxsLCJFeHRyYSI6IiJ9XSI7YWt0aXZlX3VzZXJfZ3JvdXBfaWR8czoyOiI2MyI7YWNjZXNzX21vZHVsZXxhOjM6e3M6MTE6Im1vZHVsZUNvdW50IjtzOjQ6IiIzMiIiO3M6NjoibW9kdWxlIjtzOjUxNToieyJsb2dpbl9kZWZhdWx0bG9naW52aWV3aHRtbDIwMCI6Ijc2MiIsImxvZ2luX2RlZmF1bHRsb2dpbmRvaHRtbDIwMCI6Ijc1OSIsImhvbWVob21ldmlld2h0bWwyMDAiOiI3NTciLCJoZWFkZXJoZWFkZXJ2aWV3aHRtbDIwMCI6IjEyNTkiLCJuYXZpZ2F0aW9ubmF2aWdhdGlvbnZpZXdodG1sMjAwIjoiMTI1OCIsIm1lbnVtZW51dmlld2h0bWwyMDAiOiI3NjMiLCJ0ZXN0VGVzdFZpZXdodG1sMjAwIjoiMCIsImd0ZndfbWVudU1lbnVWaWV3aHRtbDIwMCI6IjAiLCJwYWdpbmdwYWdpbmd2aWV3aHRtbDIwMCI6IjAiLCJndGZ3X2dyb3VwR3JvdXBWaWV3aHRtbDIwMCI6IjE3NzciLCJndGZ3X21lbnVhZGR2aWV3aHRtbDIwMCI6IjAiLCJjb21ib2JveGNvbWJvYm94dmlld2h0bWwyMDAiOiIwIiwiZ3Rmd19tZW51YWRkZG9odG1sMjAwIjoiMCIsImd0ZndfbWVudW1lbnV2aWV3aHRtbDIwMCI6IjAiLCJndGZ3X21lbnV1cGRhdGV2aWV3aHRtbDIwMCI6IjAiLCJndGZ3X21lbnV1cGRhdGVkb2h0bWwyMDAiOiIwIn0iO3M6NDoidXNlciI7czo3OiIiYWRtaW4iIjt9','2014-04-03 02:04:46'),('op1ch5qddklkjn5goh9a8vik22','dGFibGVfZ3Rmd19jb25maWdfYXZhaWxhYmxlfGE6MTp7aTowO2E6MTp7czozNToiVGFibGVzX2luX2d0ZndfcHVibGljIChndGZ3X2NvbmZpZykiO3M6MTE6Imd0ZndfY29uZmlnIjt9fWNoZWNrX2d0ZndfbWVudV90YWJsZXxhOjE6e2k6MDthOjE6e3M6MzM6IlRhYmxlc19pbl9ndGZ3X3B1YmxpYyAoZ3Rmd19tZW51KSI7czo5OiJndGZ3X21lbnUiO319bWVzc2VuZ2VyX3F1ZXVlfHM6MTQ0OiJPOjEyOiJNZXNzYWdlUXVldWUiOjM6e3M6MzE6IgBNZXNzYWdlUXVldWUAbUN1cnJlbnRSZXF1ZXN0SWQiO2k6MTtzOjI4OiIATWVzc2FnZVF1ZXVlAG1OZXh0UmVxdWVzdElkIjtpOjI7czoyMzoiAE1lc3NhZ2VRdWV1ZQBtTWVzc2FnZXMiO2E6MDp7fX0iO3N0YXJ0X2tleXxpOjE2NDcxNDQ4MjI7bXVsdF9rZXl8aToyMzU1ODk5MTg7YWRkX2tleXxpOjEwMzI2NDUyNjtpc19sb2dnZWRfaW58YjowO3VzZXJuYW1lfHM6Njoibm9ib2R5IjthY2Nlc3NfbW9kdWxlfGE6Mjp7czo2OiJtb2R1bGUiO3M6Mzk6InsibG9naW5fZGVmYXVsdGxvZ2ludmlld2h0bWwyMDAiOiI3NjIifSI7czo0OiJ1c2VyIjtzOjg6IiJub2JvZHkiIjt9c2FsdHxpOjc3MzUwNzg2O2xvZ2luX3NhbHR8aTo3NzM1MDc4NjtkZXNjcmliZV9ndGZ3X21vZHVsZXxzOjE1NzQ6Ilt7IkZpZWxkIjoiTW9kdWxlSWQiLCJUeXBlIjoiYmlnaW50KDIwKSB1bnNpZ25lZCIsIk51bGwiOiJOTyIsIktleSI6IlBSSSIsIkRlZmF1bHQiOm51bGwsIkV4dHJhIjoiYXV0b19pbmNyZW1lbnQifSx7IkZpZWxkIjoiTW9kdWxlIiwiVHlwZSI6InZhcmNoYXIoMTAwKSIsIk51bGwiOiJOTyIsIktleSI6IiIsIkRlZmF1bHQiOiIiLCJFeHRyYSI6IiJ9LHsiRmllbGQiOiJMYWJlbE1vZHVsZSIsIlR5cGUiOiJ2YXJjaGFyKDEwMCkiLCJOdWxsIjoiTk8iLCJLZXkiOiIiLCJEZWZhdWx0IjoiIiwiRXh0cmEiOiIifSx7IkZpZWxkIjoiU3ViTW9kdWxlIiwiVHlwZSI6InZhcmNoYXIoMTAwKSIsIk51bGwiOiJOTyIsIktleSI6IiIsIkRlZmF1bHQiOiIiLCJFeHRyYSI6IiJ9LHsiRmllbGQiOiJBY3Rpb24iLCJUeXBlIjoidmFyY2hhcigxMDApIiwiTnVsbCI6IllFUyIsIktleSI6IiIsIkRlZmF1bHQiOiJ2aWV3IiwiRXh0cmEiOiIifSx7IkZpZWxkIjoiVHlwZSIsIlR5cGUiOiJ2YXJjaGFyKDEwMCkiLCJOdWxsIjoiWUVTIiwiS2V5IjoiIiwiRGVmYXVsdCI6Imh0bWwiLCJFeHRyYSI6IiJ9LHsiRmllbGQiOiJEZXNjcmlwdGlvbiIsIlR5cGUiOiJ0ZXh0IiwiTnVsbCI6IllFUyIsIktleSI6IiIsIkRlZmF1bHQiOm51bGwsIkV4dHJhIjoiIn0seyJGaWVsZCI6IkFjY2VzcyIsIlR5cGUiOiJlbnVtKCdBbGwnLCdFeGNsdXNpdmUnKSIsIk51bGwiOiJOTyIsIktleSI6IiIsIkRlZmF1bHQiOiJFeGNsdXNpdmUiLCJFeHRyYSI6IiJ9LHsiRmllbGQiOiJTaG93IiwiVHlwZSI6ImVudW0oJ1llcycsJ05vJykiLCJOdWxsIjoiWUVTIiwiS2V5IjoiIiwiRGVmYXVsdCI6Ik5vIiwiRXh0cmEiOiIifSx7IkZpZWxkIjoiSWNvblBhdGgiLCJUeXBlIjoidmFyY2hhcigyNTUpIiwiTnVsbCI6IllFUyIsIktleSI6IiIsIkRlZmF1bHQiOm51bGwsIkV4dHJhIjoiIn0seyJGaWVsZCI6Ik1lbnVJZCIsIlR5cGUiOiJpbnQoNikiLCJOdWxsIjoiWUVTIiwiS2V5IjoiTVVMIiwiRGVmYXVsdCI6bnVsbCwiRXh0cmEiOiIifSx7IkZpZWxkIjoiQXBwbGljYXRpb25JZCIsIlR5cGUiOiJiaWdpbnQoMjApIiwiTnVsbCI6IllFUyIsIktleSI6Ik1VTCIsIkRlZmF1bHQiOm51bGwsIkV4dHJhIjoiIn0seyJGaWVsZCI6Ik1vZHVsZVBhdGgiLCJUeXBlIjoidmFyY2hhcigyNTUpIiwiTnVsbCI6IllFUyIsIktleSI6IiIsIkRlZmF1bHQiOm51bGwsIkV4dHJhIjoiIn0seyJGaWVsZCI6IkFrc2lJZCIsIlR5cGUiOiJzbWFsbGludCg2KSIsIk51bGwiOiJZRVMiLCJLZXkiOiJNVUwiLCJEZWZhdWx0IjpudWxsLCJFeHRyYSI6IiJ9LHsiRmllbGQiOiJMYWJlbEFrc2kiLCJUeXBlIjoidmFyY2hhcig1MCkiLCJOdWxsIjoiWUVTIiwiS2V5IjoiIiwiRGVmYXVsdCI6bnVsbCwiRXh0cmEiOiIifSx7IkZpZWxkIjoiSGludCIsIlR5cGUiOiJ2YXJjaGFyKDEwMCkiLCJOdWxsIjoiWUVTIiwiS2V5IjoiIiwiRGVmYXVsdCI6bnVsbCwiRXh0cmEiOiIifSx7IkZpZWxkIjoiTmVlZFNzbCIsIlR5cGUiOiJlbnVtKCdZZXMnLCdObycpIiwiTnVsbCI6IllFUyIsIktleSI6IiIsIkRlZmF1bHQiOm51bGwsIkV4dHJhIjoiIn1dIjs=','2014-04-04 01:17:14'),('3dt8koc89sssvn4ssdshchtmb0','dGFibGVfZ3Rmd19jb25maWdfYXZhaWxhYmxlfGE6MTp7aTowO2E6MTp7czozNToiVGFibGVzX2luX2d0ZndfcHVibGljIChndGZ3X2NvbmZpZykiO3M6MTE6Imd0ZndfY29uZmlnIjt9fWNoZWNrX2d0ZndfbWVudV90YWJsZXxhOjE6e2k6MDthOjE6e3M6MzM6IlRhYmxlc19pbl9ndGZ3X3B1YmxpYyAoZ3Rmd19tZW51KSI7czo5OiJndGZ3X21lbnUiO319bWVzc2VuZ2VyX3F1ZXVlfHM6MTQ0OiJPOjEyOiJNZXNzYWdlUXVldWUiOjM6e3M6MzE6IgBNZXNzYWdlUXVldWUAbUN1cnJlbnRSZXF1ZXN0SWQiO2k6MTtzOjI4OiIATWVzc2FnZVF1ZXVlAG1OZXh0UmVxdWVzdElkIjtpOjI7czoyMzoiAE1lc3NhZ2VRdWV1ZQBtTWVzc2FnZXMiO2E6MDp7fX0iO3N0YXJ0X2tleXxpOjEyOTgzNzIwNTY7bXVsdF9rZXl8aToxMTcyNDIzODkyO2FkZF9rZXl8aToxNDgyOTczMjE0O2lzX2xvZ2dlZF9pbnxiOjA7dXNlcm5hbWV8czo2OiJub2JvZHkiO2FjY2Vzc19tb2R1bGV8YToyOntzOjY6Im1vZHVsZSI7czozOToieyJsb2dpbl9kZWZhdWx0bG9naW52aWV3aHRtbDIwMCI6Ijc2MiJ9IjtzOjQ6InVzZXIiO3M6ODoiIm5vYm9keSIiO31zYWx0fGk6OTkxMTgwNzM2O2xvZ2luX3NhbHR8aTo5OTExODA3MzY7ZGVzY3JpYmVfZ3Rmd19tb2R1bGV8czoxNTc0OiJbeyJGaWVsZCI6Ik1vZHVsZUlkIiwiVHlwZSI6ImJpZ2ludCgyMCkgdW5zaWduZWQiLCJOdWxsIjoiTk8iLCJLZXkiOiJQUkkiLCJEZWZhdWx0IjpudWxsLCJFeHRyYSI6ImF1dG9faW5jcmVtZW50In0seyJGaWVsZCI6Ik1vZHVsZSIsIlR5cGUiOiJ2YXJjaGFyKDEwMCkiLCJOdWxsIjoiTk8iLCJLZXkiOiIiLCJEZWZhdWx0IjoiIiwiRXh0cmEiOiIifSx7IkZpZWxkIjoiTGFiZWxNb2R1bGUiLCJUeXBlIjoidmFyY2hhcigxMDApIiwiTnVsbCI6Ik5PIiwiS2V5IjoiIiwiRGVmYXVsdCI6IiIsIkV4dHJhIjoiIn0seyJGaWVsZCI6IlN1Yk1vZHVsZSIsIlR5cGUiOiJ2YXJjaGFyKDEwMCkiLCJOdWxsIjoiTk8iLCJLZXkiOiIiLCJEZWZhdWx0IjoiIiwiRXh0cmEiOiIifSx7IkZpZWxkIjoiQWN0aW9uIiwiVHlwZSI6InZhcmNoYXIoMTAwKSIsIk51bGwiOiJZRVMiLCJLZXkiOiIiLCJEZWZhdWx0IjoidmlldyIsIkV4dHJhIjoiIn0seyJGaWVsZCI6IlR5cGUiLCJUeXBlIjoidmFyY2hhcigxMDApIiwiTnVsbCI6IllFUyIsIktleSI6IiIsIkRlZmF1bHQiOiJodG1sIiwiRXh0cmEiOiIifSx7IkZpZWxkIjoiRGVzY3JpcHRpb24iLCJUeXBlIjoidGV4dCIsIk51bGwiOiJZRVMiLCJLZXkiOiIiLCJEZWZhdWx0IjpudWxsLCJFeHRyYSI6IiJ9LHsiRmllbGQiOiJBY2Nlc3MiLCJUeXBlIjoiZW51bSgnQWxsJywnRXhjbHVzaXZlJykiLCJOdWxsIjoiTk8iLCJLZXkiOiIiLCJEZWZhdWx0IjoiRXhjbHVzaXZlIiwiRXh0cmEiOiIifSx7IkZpZWxkIjoiU2hvdyIsIlR5cGUiOiJlbnVtKCdZZXMnLCdObycpIiwiTnVsbCI6IllFUyIsIktleSI6IiIsIkRlZmF1bHQiOiJObyIsIkV4dHJhIjoiIn0seyJGaWVsZCI6Ikljb25QYXRoIiwiVHlwZSI6InZhcmNoYXIoMjU1KSIsIk51bGwiOiJZRVMiLCJLZXkiOiIiLCJEZWZhdWx0IjpudWxsLCJFeHRyYSI6IiJ9LHsiRmllbGQiOiJNZW51SWQiLCJUeXBlIjoiaW50KDYpIiwiTnVsbCI6IllFUyIsIktleSI6Ik1VTCIsIkRlZmF1bHQiOm51bGwsIkV4dHJhIjoiIn0seyJGaWVsZCI6IkFwcGxpY2F0aW9uSWQiLCJUeXBlIjoiYmlnaW50KDIwKSIsIk51bGwiOiJZRVMiLCJLZXkiOiJNVUwiLCJEZWZhdWx0IjpudWxsLCJFeHRyYSI6IiJ9LHsiRmllbGQiOiJNb2R1bGVQYXRoIiwiVHlwZSI6InZhcmNoYXIoMjU1KSIsIk51bGwiOiJZRVMiLCJLZXkiOiIiLCJEZWZhdWx0IjpudWxsLCJFeHRyYSI6IiJ9LHsiRmllbGQiOiJBa3NpSWQiLCJUeXBlIjoic21hbGxpbnQoNikiLCJOdWxsIjoiWUVTIiwiS2V5IjoiTVVMIiwiRGVmYXVsdCI6bnVsbCwiRXh0cmEiOiIifSx7IkZpZWxkIjoiTGFiZWxBa3NpIiwiVHlwZSI6InZhcmNoYXIoNTApIiwiTnVsbCI6IllFUyIsIktleSI6IiIsIkRlZmF1bHQiOm51bGwsIkV4dHJhIjoiIn0seyJGaWVsZCI6IkhpbnQiLCJUeXBlIjoidmFyY2hhcigxMDApIiwiTnVsbCI6IllFUyIsIktleSI6IiIsIkRlZmF1bHQiOm51bGwsIkV4dHJhIjoiIn0seyJGaWVsZCI6Ik5lZWRTc2wiLCJUeXBlIjoiZW51bSgnWWVzJywnTm8nKSIsIk51bGwiOiJZRVMiLCJLZXkiOiIiLCJEZWZhdWx0IjpudWxsLCJFeHRyYSI6IiJ9XSI7','2014-04-03 06:29:11'),('bt19c0vh3erlta2gl27nsn3g73','dGFibGVfZ3Rmd19jb25maWdfYXZhaWxhYmxlfGE6MTp7aTowO2E6MTp7czozNToiVGFibGVzX2luX2d0ZndfcHVibGljIChndGZ3X2NvbmZpZykiO3M6MTE6Imd0ZndfY29uZmlnIjt9fWNoZWNrX2d0ZndfbWVudV90YWJsZXxhOjE6e2k6MDthOjE6e3M6MzM6IlRhYmxlc19pbl9ndGZ3X3B1YmxpYyAoZ3Rmd19tZW51KSI7czo5OiJndGZ3X21lbnUiO319bWVzc2VuZ2VyX3F1ZXVlfHM6MTQ0OiJPOjEyOiJNZXNzYWdlUXVldWUiOjM6e3M6MzE6IgBNZXNzYWdlUXVldWUAbUN1cnJlbnRSZXF1ZXN0SWQiO2k6NztzOjI4OiIATWVzc2FnZVF1ZXVlAG1OZXh0UmVxdWVzdElkIjtpOjg7czoyMzoiAE1lc3NhZ2VRdWV1ZQBtTWVzc2FnZXMiO2E6MDp7fX0iO3N0YXJ0X2tleXxpOjg3OTQ0MzE0MzttdWx0X2tleXxpOjUwMTgxOTc4MjthZGRfa2V5fGk6MTY2ODc1ODczMjtpc19sb2dnZWRfaW58YjoxO3VzZXJuYW1lfHM6NToiYWRtaW4iO3NhbHR8aToxMjI1Mjg1MDE1O2xvZ2luX3NhbHR8aToxMjI1Mjg1MDE1O2Rlc2NyaWJlX2d0ZndfbW9kdWxlfHM6MTU3NDoiW3siRmllbGQiOiJNb2R1bGVJZCIsIlR5cGUiOiJiaWdpbnQoMjApIHVuc2lnbmVkIiwiTnVsbCI6Ik5PIiwiS2V5IjoiUFJJIiwiRGVmYXVsdCI6bnVsbCwiRXh0cmEiOiJhdXRvX2luY3JlbWVudCJ9LHsiRmllbGQiOiJNb2R1bGUiLCJUeXBlIjoidmFyY2hhcigxMDApIiwiTnVsbCI6Ik5PIiwiS2V5IjoiIiwiRGVmYXVsdCI6IiIsIkV4dHJhIjoiIn0seyJGaWVsZCI6IkxhYmVsTW9kdWxlIiwiVHlwZSI6InZhcmNoYXIoMTAwKSIsIk51bGwiOiJOTyIsIktleSI6IiIsIkRlZmF1bHQiOiIiLCJFeHRyYSI6IiJ9LHsiRmllbGQiOiJTdWJNb2R1bGUiLCJUeXBlIjoidmFyY2hhcigxMDApIiwiTnVsbCI6Ik5PIiwiS2V5IjoiIiwiRGVmYXVsdCI6IiIsIkV4dHJhIjoiIn0seyJGaWVsZCI6IkFjdGlvbiIsIlR5cGUiOiJ2YXJjaGFyKDEwMCkiLCJOdWxsIjoiWUVTIiwiS2V5IjoiIiwiRGVmYXVsdCI6InZpZXciLCJFeHRyYSI6IiJ9LHsiRmllbGQiOiJUeXBlIiwiVHlwZSI6InZhcmNoYXIoMTAwKSIsIk51bGwiOiJZRVMiLCJLZXkiOiIiLCJEZWZhdWx0IjoiaHRtbCIsIkV4dHJhIjoiIn0seyJGaWVsZCI6IkRlc2NyaXB0aW9uIiwiVHlwZSI6InRleHQiLCJOdWxsIjoiWUVTIiwiS2V5IjoiIiwiRGVmYXVsdCI6bnVsbCwiRXh0cmEiOiIifSx7IkZpZWxkIjoiQWNjZXNzIiwiVHlwZSI6ImVudW0oJ0FsbCcsJ0V4Y2x1c2l2ZScpIiwiTnVsbCI6Ik5PIiwiS2V5IjoiIiwiRGVmYXVsdCI6IkV4Y2x1c2l2ZSIsIkV4dHJhIjoiIn0seyJGaWVsZCI6IlNob3ciLCJUeXBlIjoiZW51bSgnWWVzJywnTm8nKSIsIk51bGwiOiJZRVMiLCJLZXkiOiIiLCJEZWZhdWx0IjoiTm8iLCJFeHRyYSI6IiJ9LHsiRmllbGQiOiJJY29uUGF0aCIsIlR5cGUiOiJ2YXJjaGFyKDI1NSkiLCJOdWxsIjoiWUVTIiwiS2V5IjoiIiwiRGVmYXVsdCI6bnVsbCwiRXh0cmEiOiIifSx7IkZpZWxkIjoiTWVudUlkIiwiVHlwZSI6ImludCg2KSIsIk51bGwiOiJZRVMiLCJLZXkiOiJNVUwiLCJEZWZhdWx0IjpudWxsLCJFeHRyYSI6IiJ9LHsiRmllbGQiOiJBcHBsaWNhdGlvbklkIiwiVHlwZSI6ImJpZ2ludCgyMCkiLCJOdWxsIjoiWUVTIiwiS2V5IjoiTVVMIiwiRGVmYXVsdCI6bnVsbCwiRXh0cmEiOiIifSx7IkZpZWxkIjoiTW9kdWxlUGF0aCIsIlR5cGUiOiJ2YXJjaGFyKDI1NSkiLCJOdWxsIjoiWUVTIiwiS2V5IjoiIiwiRGVmYXVsdCI6bnVsbCwiRXh0cmEiOiIifSx7IkZpZWxkIjoiQWtzaUlkIiwiVHlwZSI6InNtYWxsaW50KDYpIiwiTnVsbCI6IllFUyIsIktleSI6Ik1VTCIsIkRlZmF1bHQiOm51bGwsIkV4dHJhIjoiIn0seyJGaWVsZCI6IkxhYmVsQWtzaSIsIlR5cGUiOiJ2YXJjaGFyKDUwKSIsIk51bGwiOiJZRVMiLCJLZXkiOiIiLCJEZWZhdWx0IjpudWxsLCJFeHRyYSI6IiJ9LHsiRmllbGQiOiJIaW50IiwiVHlwZSI6InZhcmNoYXIoMTAwKSIsIk51bGwiOiJZRVMiLCJLZXkiOiIiLCJEZWZhdWx0IjpudWxsLCJFeHRyYSI6IiJ9LHsiRmllbGQiOiJOZWVkU3NsIiwiVHlwZSI6ImVudW0oJ1llcycsJ05vJykiLCJOdWxsIjoiWUVTIiwiS2V5IjoiIiwiRGVmYXVsdCI6bnVsbCwiRXh0cmEiOiIifV0iO2FrdGl2ZV91c2VyX2dyb3VwX2lkfHM6MjoiNjMiO2FjY2Vzc19tb2R1bGV8YTozOntzOjExOiJtb2R1bGVDb3VudCI7czo0OiIiMzIiIjtzOjY6Im1vZHVsZSI7czoxOTU6InsibG9naW5fZGVmYXVsdGxvZ2ludmlld2h0bWwyMDAiOiI3NjIiLCJsb2dpbl9kZWZhdWx0bG9naW5kb2h0bWwyMDAiOiI3NTkiLCJob21laG9tZXZpZXdodG1sMjAwIjoiMCIsImhlYWRlcmhlYWRlcnZpZXdodG1sMjAwIjoiMCIsIm5hdmlnYXRpb25uYXZpZ2F0aW9udmlld2h0bWwyMDAiOiIwIiwibWVudW1lbnV2aWV3aHRtbDIwMCI6IjAifSI7czo0OiJ1c2VyIjtzOjc6IiJhZG1pbiIiO30=','2014-04-10 04:11:31'),('otlmevios04ihqhqth7in1p9j3','ZmluZ2VycHJpbnR8czozMjoiZjU0ZjA0MTdkZGRjNTk5ZDYzZTM5ZDc4Y2I5ZjViNWUiO3RhYmxlX2d0ZndfY29uZmlnX2F2YWlsYWJsZXxhOjE6e2k6MDthOjE6e3M6MzU6IlRhYmxlc19pbl9ndGZ3X3B1YmxpYyAoZ3Rmd19jb25maWcpIjtzOjExOiJndGZ3X2NvbmZpZyI7fX1jaGVja19ndGZ3X21lbnVfdGFibGV8YToxOntpOjA7YToxOntzOjMzOiJUYWJsZXNfaW5fZ3Rmd19wdWJsaWMgKGd0ZndfbWVudSkiO3M6OToiZ3Rmd19tZW51Ijt9fW1lc3Nlbmdlcl9xdWV1ZXxzOjQ1NzoiTzoxMjoiTWVzc2FnZVF1ZXVlIjozOntzOjMxOiIATWVzc2FnZVF1ZXVlAG1DdXJyZW50UmVxdWVzdElkIjtpOjI2O3M6Mjg6IgBNZXNzYWdlUXVldWUAbU5leHRSZXF1ZXN0SWQiO2k6Mjc7czoyMzoiAE1lc3NhZ2VRdWV1ZQBtTWVzc2FnZXMiO2E6MTp7czo3NToiL21lZGlhL3d3dy93d3cvcmlzZXQvYXBwL21vZHVsZS9ndGZ3X21lbnUvcmVzcG9uc2UvVmlld01lbnUuaHRtbC5jbGFzcy5waHBfIjthOjE6e2k6NTtPOjc6Ik1lc3NhZ2UiOjM6e3M6MTk6IgBNZXNzYWdlAG1SZXF1ZXN0SWQiO2k6MDtzOjE3OiIATWVzc2FnZQBtTWVzc2FnZSI7YToxOntpOjA7YTo1OntzOjQ6InBhZ2UiO2k6MTtzOjc6ImRpc3BsYXkiO2k6NTA7czo1OiJzdGFydCI7aTowO3M6NDoibmFtZSI7czowOiIiO3M6NzoiYnRuY2FyaSI7czoxMzoiIFRhbXBpbGthbiDCuyI7fX1zOjEzOiIATWVzc2FnZQBtT2xkIjtiOjA7fX19fSI7c3RhcnRfa2V5fGk6MTAzNzQ3NTAyMTttdWx0X2tleXxpOjE2NzkyOTE0NDQ7YWRkX2tleXxpOjM4NzE4NDEzNztpc19sb2dnZWRfaW58YjoxO3VzZXJuYW1lfHM6NToiYWRtaW4iO3NhbHR8aToxNjA3OTM5MDU7bG9naW5fc2FsdHxpOjE2MDc5MzkwNTtkZXNjcmliZV9ndGZ3X21vZHVsZXxzOjE1NzQ6Ilt7IkZpZWxkIjoiTW9kdWxlSWQiLCJUeXBlIjoiYmlnaW50KDIwKSB1bnNpZ25lZCIsIk51bGwiOiJOTyIsIktleSI6IlBSSSIsIkRlZmF1bHQiOm51bGwsIkV4dHJhIjoiYXV0b19pbmNyZW1lbnQifSx7IkZpZWxkIjoiTW9kdWxlIiwiVHlwZSI6InZhcmNoYXIoMTAwKSIsIk51bGwiOiJOTyIsIktleSI6IiIsIkRlZmF1bHQiOiIiLCJFeHRyYSI6IiJ9LHsiRmllbGQiOiJMYWJlbE1vZHVsZSIsIlR5cGUiOiJ2YXJjaGFyKDEwMCkiLCJOdWxsIjoiTk8iLCJLZXkiOiIiLCJEZWZhdWx0IjoiIiwiRXh0cmEiOiIifSx7IkZpZWxkIjoiU3ViTW9kdWxlIiwiVHlwZSI6InZhcmNoYXIoMTAwKSIsIk51bGwiOiJOTyIsIktleSI6IiIsIkRlZmF1bHQiOiIiLCJFeHRyYSI6IiJ9LHsiRmllbGQiOiJBY3Rpb24iLCJUeXBlIjoidmFyY2hhcigxMDApIiwiTnVsbCI6IllFUyIsIktleSI6IiIsIkRlZmF1bHQiOiJ2aWV3IiwiRXh0cmEiOiIifSx7IkZpZWxkIjoiVHlwZSIsIlR5cGUiOiJ2YXJjaGFyKDEwMCkiLCJOdWxsIjoiWUVTIiwiS2V5IjoiIiwiRGVmYXVsdCI6Imh0bWwiLCJFeHRyYSI6IiJ9LHsiRmllbGQiOiJEZXNjcmlwdGlvbiIsIlR5cGUiOiJ0ZXh0IiwiTnVsbCI6IllFUyIsIktleSI6IiIsIkRlZmF1bHQiOm51bGwsIkV4dHJhIjoiIn0seyJGaWVsZCI6IkFjY2VzcyIsIlR5cGUiOiJlbnVtKCdBbGwnLCdFeGNsdXNpdmUnKSIsIk51bGwiOiJOTyIsIktleSI6IiIsIkRlZmF1bHQiOiJFeGNsdXNpdmUiLCJFeHRyYSI6IiJ9LHsiRmllbGQiOiJTaG93IiwiVHlwZSI6ImVudW0oJ1llcycsJ05vJykiLCJOdWxsIjoiWUVTIiwiS2V5IjoiIiwiRGVmYXVsdCI6Ik5vIiwiRXh0cmEiOiIifSx7IkZpZWxkIjoiSWNvblBhdGgiLCJUeXBlIjoidmFyY2hhcigyNTUpIiwiTnVsbCI6IllFUyIsIktleSI6IiIsIkRlZmF1bHQiOm51bGwsIkV4dHJhIjoiIn0seyJGaWVsZCI6Ik1lbnVJZCIsIlR5cGUiOiJpbnQoNikiLCJOdWxsIjoiWUVTIiwiS2V5IjoiTVVMIiwiRGVmYXVsdCI6bnVsbCwiRXh0cmEiOiIifSx7IkZpZWxkIjoiQXBwbGljYXRpb25JZCIsIlR5cGUiOiJiaWdpbnQoMjApIiwiTnVsbCI6IllFUyIsIktleSI6Ik1VTCIsIkRlZmF1bHQiOm51bGwsIkV4dHJhIjoiIn0seyJGaWVsZCI6Ik1vZHVsZVBhdGgiLCJUeXBlIjoidmFyY2hhcigyNTUpIiwiTnVsbCI6IllFUyIsIktleSI6IiIsIkRlZmF1bHQiOm51bGwsIkV4dHJhIjoiIn0seyJGaWVsZCI6IkFrc2lJZCIsIlR5cGUiOiJzbWFsbGludCg2KSIsIk51bGwiOiJZRVMiLCJLZXkiOiJNVUwiLCJEZWZhdWx0IjpudWxsLCJFeHRyYSI6IiJ9LHsiRmllbGQiOiJMYWJlbEFrc2kiLCJUeXBlIjoidmFyY2hhcig1MCkiLCJOdWxsIjoiWUVTIiwiS2V5IjoiIiwiRGVmYXVsdCI6bnVsbCwiRXh0cmEiOiIifSx7IkZpZWxkIjoiSGludCIsIlR5cGUiOiJ2YXJjaGFyKDEwMCkiLCJOdWxsIjoiWUVTIiwiS2V5IjoiIiwiRGVmYXVsdCI6bnVsbCwiRXh0cmEiOiIifSx7IkZpZWxkIjoiTmVlZFNzbCIsIlR5cGUiOiJlbnVtKCdZZXMnLCdObycpIiwiTnVsbCI6IllFUyIsIktleSI6IiIsIkRlZmF1bHQiOm51bGwsIkV4dHJhIjoiIn1dIjtha3RpdmVfdXNlcl9ncm91cF9pZHxzOjI6IjYzIjthY2Nlc3NfbW9kdWxlfGE6Mzp7czoxMToibW9kdWxlQ291bnQiO3M6NDoiIjMyIiI7czo2OiJtb2R1bGUiO3M6MjkyOiJ7ImxvZ2luX2RlZmF1bHRsb2dpbnZpZXdodG1sMjAwIjoiNzYyIiwibG9naW5fZGVmYXVsdGxvZ2luZG9odG1sMjAwIjoiNzU5IiwiaG9tZWhvbWV2aWV3aHRtbDIwMCI6Ijc1NyIsImhlYWRlcmhlYWRlcnZpZXdodG1sMjAwIjoiMTI1OSIsIm5hdmlnYXRpb25uYXZpZ2F0aW9udmlld2h0bWwyMDAiOiIxMjU4IiwibWVudW1lbnV2aWV3aHRtbDIwMCI6Ijc2MyIsInRlc3RUZXN0Vmlld2h0bWwyMDAiOiIwIiwiZ3Rmd19tZW51TWVudVZpZXdodG1sMjAwIjoiMCIsInBhZ2luZ3BhZ2luZ3ZpZXdodG1sMjAwIjoiMCJ9IjtzOjQ6InVzZXIiO3M6NzoiImFkbWluIiI7fQ==','2014-04-14 01:58:21'),('dpf5oit4sbt6en4km78olu69e7','dGFibGVfZ3Rmd19jb25maWdfYXZhaWxhYmxlfGE6MTp7aTowO2E6MTp7czozNToiVGFibGVzX2luX2d0ZndfcHVibGljIChndGZ3X2NvbmZpZykiO3M6MTE6Imd0ZndfY29uZmlnIjt9fWNoZWNrX2d0ZndfbWVudV90YWJsZXxhOjE6e2k6MDthOjE6e3M6MzM6IlRhYmxlc19pbl9ndGZ3X3B1YmxpYyAoZ3Rmd19tZW51KSI7czo5OiJndGZ3X21lbnUiO319bWVzc2VuZ2VyX3F1ZXVlfHM6MTQ0OiJPOjEyOiJNZXNzYWdlUXVldWUiOjM6e3M6MzE6IgBNZXNzYWdlUXVldWUAbUN1cnJlbnRSZXF1ZXN0SWQiO2k6ODtzOjI4OiIATWVzc2FnZVF1ZXVlAG1OZXh0UmVxdWVzdElkIjtpOjk7czoyMzoiAE1lc3NhZ2VRdWV1ZQBtTWVzc2FnZXMiO2E6MDp7fX0iO3N0YXJ0X2tleXxpOjExODgwOTU5NDc7bXVsdF9rZXl8aToxNDE0MTcyMjE4O2FkZF9rZXl8aToxNzQzNjM2MDEzO2lzX2xvZ2dlZF9pbnxiOjE7dXNlcm5hbWV8czo1OiJhZG1pbiI7c2FsdHxpOjE3NDY5MTEwNzE7bG9naW5fc2FsdHxpOjE3NDY5MTEwNzE7ZGVzY3JpYmVfZ3Rmd19tb2R1bGV8czoxNTc0OiJbeyJGaWVsZCI6Ik1vZHVsZUlkIiwiVHlwZSI6ImJpZ2ludCgyMCkgdW5zaWduZWQiLCJOdWxsIjoiTk8iLCJLZXkiOiJQUkkiLCJEZWZhdWx0IjpudWxsLCJFeHRyYSI6ImF1dG9faW5jcmVtZW50In0seyJGaWVsZCI6Ik1vZHVsZSIsIlR5cGUiOiJ2YXJjaGFyKDEwMCkiLCJOdWxsIjoiTk8iLCJLZXkiOiIiLCJEZWZhdWx0IjoiIiwiRXh0cmEiOiIifSx7IkZpZWxkIjoiTGFiZWxNb2R1bGUiLCJUeXBlIjoidmFyY2hhcigxMDApIiwiTnVsbCI6Ik5PIiwiS2V5IjoiIiwiRGVmYXVsdCI6IiIsIkV4dHJhIjoiIn0seyJGaWVsZCI6IlN1Yk1vZHVsZSIsIlR5cGUiOiJ2YXJjaGFyKDEwMCkiLCJOdWxsIjoiTk8iLCJLZXkiOiIiLCJEZWZhdWx0IjoiIiwiRXh0cmEiOiIifSx7IkZpZWxkIjoiQWN0aW9uIiwiVHlwZSI6InZhcmNoYXIoMTAwKSIsIk51bGwiOiJZRVMiLCJLZXkiOiIiLCJEZWZhdWx0IjoidmlldyIsIkV4dHJhIjoiIn0seyJGaWVsZCI6IlR5cGUiLCJUeXBlIjoidmFyY2hhcigxMDApIiwiTnVsbCI6IllFUyIsIktleSI6IiIsIkRlZmF1bHQiOiJodG1sIiwiRXh0cmEiOiIifSx7IkZpZWxkIjoiRGVzY3JpcHRpb24iLCJUeXBlIjoidGV4dCIsIk51bGwiOiJZRVMiLCJLZXkiOiIiLCJEZWZhdWx0IjpudWxsLCJFeHRyYSI6IiJ9LHsiRmllbGQiOiJBY2Nlc3MiLCJUeXBlIjoiZW51bSgnQWxsJywnRXhjbHVzaXZlJykiLCJOdWxsIjoiTk8iLCJLZXkiOiIiLCJEZWZhdWx0IjoiRXhjbHVzaXZlIiwiRXh0cmEiOiIifSx7IkZpZWxkIjoiU2hvdyIsIlR5cGUiOiJlbnVtKCdZZXMnLCdObycpIiwiTnVsbCI6IllFUyIsIktleSI6IiIsIkRlZmF1bHQiOiJObyIsIkV4dHJhIjoiIn0seyJGaWVsZCI6Ikljb25QYXRoIiwiVHlwZSI6InZhcmNoYXIoMjU1KSIsIk51bGwiOiJZRVMiLCJLZXkiOiIiLCJEZWZhdWx0IjpudWxsLCJFeHRyYSI6IiJ9LHsiRmllbGQiOiJNZW51SWQiLCJUeXBlIjoiaW50KDYpIiwiTnVsbCI6IllFUyIsIktleSI6Ik1VTCIsIkRlZmF1bHQiOm51bGwsIkV4dHJhIjoiIn0seyJGaWVsZCI6IkFwcGxpY2F0aW9uSWQiLCJUeXBlIjoiYmlnaW50KDIwKSIsIk51bGwiOiJZRVMiLCJLZXkiOiJNVUwiLCJEZWZhdWx0IjpudWxsLCJFeHRyYSI6IiJ9LHsiRmllbGQiOiJNb2R1bGVQYXRoIiwiVHlwZSI6InZhcmNoYXIoMjU1KSIsIk51bGwiOiJZRVMiLCJLZXkiOiIiLCJEZWZhdWx0IjpudWxsLCJFeHRyYSI6IiJ9LHsiRmllbGQiOiJBa3NpSWQiLCJUeXBlIjoic21hbGxpbnQoNikiLCJOdWxsIjoiWUVTIiwiS2V5IjoiTVVMIiwiRGVmYXVsdCI6bnVsbCwiRXh0cmEiOiIifSx7IkZpZWxkIjoiTGFiZWxBa3NpIiwiVHlwZSI6InZhcmNoYXIoNTApIiwiTnVsbCI6IllFUyIsIktleSI6IiIsIkRlZmF1bHQiOm51bGwsIkV4dHJhIjoiIn0seyJGaWVsZCI6IkhpbnQiLCJUeXBlIjoidmFyY2hhcigxMDApIiwiTnVsbCI6IllFUyIsIktleSI6IiIsIkRlZmF1bHQiOm51bGwsIkV4dHJhIjoiIn0seyJGaWVsZCI6Ik5lZWRTc2wiLCJUeXBlIjoiZW51bSgnWWVzJywnTm8nKSIsIk51bGwiOiJZRVMiLCJLZXkiOiIiLCJEZWZhdWx0IjpudWxsLCJFeHRyYSI6IiJ9XSI7YWt0aXZlX3VzZXJfZ3JvdXBfaWR8czoyOiI2MyI7YWNjZXNzX21vZHVsZXxhOjM6e3M6MTE6Im1vZHVsZUNvdW50IjtzOjQ6IiIzMiIiO3M6NjoibW9kdWxlIjtzOjIyOToieyJsb2dpbl9kZWZhdWx0bG9naW52aWV3aHRtbDIwMCI6IjAiLCJsb2dpbl9kZWZhdWx0bG9naW5kb2h0bWwyMDAiOiI3NTkiLCJob21laG9tZXZpZXdodG1sMjAwIjoiNzU3IiwiaGVhZGVyaGVhZGVydmlld2h0bWwyMDAiOiIxMjU5IiwibmF2aWdhdGlvbm5hdmlnYXRpb252aWV3aHRtbDIwMCI6IjEyNTgiLCJtZW51bWVudXZpZXdodG1sMjAwIjoiNzYzIiwidGVzdFRlc3RWaWV3aHRtbDIwMCI6IjAifSI7czo0OiJ1c2VyIjtzOjc6IiJhZG1pbiIiO30=','2014-04-11 01:52:37'),('h7inc52tu0m939g3v40nubu9f1','ZmluZ2VycHJpbnR8czozMjoiZTE5MTRjNTEyYWM2OGMzYzk2NTVhZWI4ZmQxNzExZGEiO3RhYmxlX2d0ZndfY29uZmlnX2F2YWlsYWJsZXxhOjE6e2k6MDthOjE6e3M6MzU6IlRhYmxlc19pbl9ndGZ3X3B1YmxpYyAoZ3Rmd19jb25maWcpIjtzOjExOiJndGZ3X2NvbmZpZyI7fX1jaGVja19ndGZ3X21lbnVfdGFibGV8YToxOntpOjA7YToxOntzOjMzOiJUYWJsZXNfaW5fZ3Rmd19wdWJsaWMgKGd0ZndfbWVudSkiO3M6OToiZ3Rmd19tZW51Ijt9fW1lc3Nlbmdlcl9xdWV1ZXxzOjQwNToiTzoxMjoiTWVzc2FnZVF1ZXVlIjozOntzOjMxOiIATWVzc2FnZVF1ZXVlAG1DdXJyZW50UmVxdWVzdElkIjtpOjg3O3M6Mjg6IgBNZXNzYWdlUXVldWUAbU5leHRSZXF1ZXN0SWQiO2k6ODg7czoyMzoiAE1lc3NhZ2VRdWV1ZQBtTWVzc2FnZXMiO2E6MTp7czo3NToiL21lZGlhL3d3dy93d3cvcmlzZXQvYXBwL21vZHVsZS9ndGZ3X21lbnUvcmVzcG9uc2UvVmlld01lbnUuaHRtbC5jbGFzcy5waHBfIjthOjE6e2k6MjA7Tzo3OiJNZXNzYWdlIjozOntzOjE5OiIATWVzc2FnZQBtUmVxdWVzdElkIjtpOjA7czoxNzoiAE1lc3NhZ2UAbU1lc3NhZ2UiO2E6MTp7aTowO2E6Mzp7czo0OiJwYWdlIjtpOjE7czo3OiJkaXNwbGF5IjtpOjUwO3M6NToic3RhcnQiO2k6MDt9fXM6MTM6IgBNZXNzYWdlAG1PbGQiO2I6MDt9fX19IjtzdGFydF9rZXl8aToxMDMwMDU3NDA3O211bHRfa2V5fGk6NzI0ODQ3MzI2O2FkZF9rZXl8aToxODA4NDg5NTQ5O2lzX2xvZ2dlZF9pbnxiOjE7dXNlcm5hbWV8czo1OiJhZG1pbiI7c2FsdHxpOjg4ODk1Nzc1NTtsb2dpbl9zYWx0fGk6ODg4OTU3NzU1O2Rlc2NyaWJlX2d0ZndfbW9kdWxlfHM6MTU3NDoiW3siRmllbGQiOiJNb2R1bGVJZCIsIlR5cGUiOiJiaWdpbnQoMjApIHVuc2lnbmVkIiwiTnVsbCI6Ik5PIiwiS2V5IjoiUFJJIiwiRGVmYXVsdCI6bnVsbCwiRXh0cmEiOiJhdXRvX2luY3JlbWVudCJ9LHsiRmllbGQiOiJNb2R1bGUiLCJUeXBlIjoidmFyY2hhcigxMDApIiwiTnVsbCI6Ik5PIiwiS2V5IjoiIiwiRGVmYXVsdCI6IiIsIkV4dHJhIjoiIn0seyJGaWVsZCI6IkxhYmVsTW9kdWxlIiwiVHlwZSI6InZhcmNoYXIoMTAwKSIsIk51bGwiOiJOTyIsIktleSI6IiIsIkRlZmF1bHQiOiIiLCJFeHRyYSI6IiJ9LHsiRmllbGQiOiJTdWJNb2R1bGUiLCJUeXBlIjoidmFyY2hhcigxMDApIiwiTnVsbCI6Ik5PIiwiS2V5IjoiIiwiRGVmYXVsdCI6IiIsIkV4dHJhIjoiIn0seyJGaWVsZCI6IkFjdGlvbiIsIlR5cGUiOiJ2YXJjaGFyKDEwMCkiLCJOdWxsIjoiWUVTIiwiS2V5IjoiIiwiRGVmYXVsdCI6InZpZXciLCJFeHRyYSI6IiJ9LHsiRmllbGQiOiJUeXBlIiwiVHlwZSI6InZhcmNoYXIoMTAwKSIsIk51bGwiOiJZRVMiLCJLZXkiOiIiLCJEZWZhdWx0IjoiaHRtbCIsIkV4dHJhIjoiIn0seyJGaWVsZCI6IkRlc2NyaXB0aW9uIiwiVHlwZSI6InRleHQiLCJOdWxsIjoiWUVTIiwiS2V5IjoiIiwiRGVmYXVsdCI6bnVsbCwiRXh0cmEiOiIifSx7IkZpZWxkIjoiQWNjZXNzIiwiVHlwZSI6ImVudW0oJ0FsbCcsJ0V4Y2x1c2l2ZScpIiwiTnVsbCI6Ik5PIiwiS2V5IjoiIiwiRGVmYXVsdCI6IkV4Y2x1c2l2ZSIsIkV4dHJhIjoiIn0seyJGaWVsZCI6IlNob3ciLCJUeXBlIjoiZW51bSgnWWVzJywnTm8nKSIsIk51bGwiOiJZRVMiLCJLZXkiOiIiLCJEZWZhdWx0IjoiTm8iLCJFeHRyYSI6IiJ9LHsiRmllbGQiOiJJY29uUGF0aCIsIlR5cGUiOiJ2YXJjaGFyKDI1NSkiLCJOdWxsIjoiWUVTIiwiS2V5IjoiIiwiRGVmYXVsdCI6bnVsbCwiRXh0cmEiOiIifSx7IkZpZWxkIjoiTWVudUlkIiwiVHlwZSI6ImludCg2KSIsIk51bGwiOiJZRVMiLCJLZXkiOiJNVUwiLCJEZWZhdWx0IjpudWxsLCJFeHRyYSI6IiJ9LHsiRmllbGQiOiJBcHBsaWNhdGlvbklkIiwiVHlwZSI6ImJpZ2ludCgyMCkiLCJOdWxsIjoiWUVTIiwiS2V5IjoiTVVMIiwiRGVmYXVsdCI6bnVsbCwiRXh0cmEiOiIifSx7IkZpZWxkIjoiTW9kdWxlUGF0aCIsIlR5cGUiOiJ2YXJjaGFyKDI1NSkiLCJOdWxsIjoiWUVTIiwiS2V5IjoiIiwiRGVmYXVsdCI6bnVsbCwiRXh0cmEiOiIifSx7IkZpZWxkIjoiQWtzaUlkIiwiVHlwZSI6InNtYWxsaW50KDYpIiwiTnVsbCI6IllFUyIsIktleSI6Ik1VTCIsIkRlZmF1bHQiOm51bGwsIkV4dHJhIjoiIn0seyJGaWVsZCI6IkxhYmVsQWtzaSIsIlR5cGUiOiJ2YXJjaGFyKDUwKSIsIk51bGwiOiJZRVMiLCJLZXkiOiIiLCJEZWZhdWx0IjpudWxsLCJFeHRyYSI6IiJ9LHsiRmllbGQiOiJIaW50IiwiVHlwZSI6InZhcmNoYXIoMTAwKSIsIk51bGwiOiJZRVMiLCJLZXkiOiIiLCJEZWZhdWx0IjpudWxsLCJFeHRyYSI6IiJ9LHsiRmllbGQiOiJOZWVkU3NsIiwiVHlwZSI6ImVudW0oJ1llcycsJ05vJykiLCJOdWxsIjoiWUVTIiwiS2V5IjoiIiwiRGVmYXVsdCI6bnVsbCwiRXh0cmEiOiIifV0iO2FrdGl2ZV91c2VyX2dyb3VwX2lkfHM6MjoiNjMiO2FjY2Vzc19tb2R1bGV8YTozOntzOjExOiJtb2R1bGVDb3VudCI7czo0OiIiMzIiIjtzOjY6Im1vZHVsZSI7czozODg6InsibG9naW5fZGVmYXVsdGxvZ2ludmlld2h0bWwyMDAiOiI3NjIiLCJsb2dpbl9kZWZhdWx0bG9naW5kb2h0bWwyMDAiOiI3NTkiLCJob21laG9tZXZpZXdodG1sMjAwIjoiMCIsImhlYWRlcmhlYWRlcnZpZXdodG1sMjAwIjoiMTI1OSIsIm5hdmlnYXRpb25uYXZpZ2F0aW9udmlld2h0bWwyMDAiOiIxMjU4IiwibWVudW1lbnV2aWV3aHRtbDIwMCI6Ijc2MyIsInRlc3RUZXN0Vmlld2h0bWwyMDAiOiIwIiwiZ3Rmd19tZW51TWVudVZpZXdodG1sMjAwIjoiMCIsInBhZ2luZ3BhZ2luZ3ZpZXdodG1sMjAwIjoiMCIsImd0ZndfbWVudXVwZGF0ZXZpZXdodG1sMjAwIjoiMCIsImNvbWJvYm94Y29tYm9ib3h2aWV3aHRtbDIwMCI6IjAiLCJndGZ3X21lbnVtZW51dmlld2h0bWwyMDAiOiIwIn0iO3M6NDoidXNlciI7czo3OiIiYWRtaW4iIjt9','2014-04-14 09:16:02'),('1kpu5oe3olp41eul0usin81kp3','ZmluZ2VycHJpbnR8czozMjoiM2UyOWI2YzYwZjNmMGFiNDM2NGRhNDE0ZjY0Y2ZmMDgiO3RhYmxlX2d0ZndfY29uZmlnX2F2YWlsYWJsZXxhOjE6e2k6MDthOjE6e3M6MzU6IlRhYmxlc19pbl9ndGZ3X3B1YmxpYyAoZ3Rmd19jb25maWcpIjtzOjExOiJndGZ3X2NvbmZpZyI7fX1jaGVja19ndGZ3X21lbnVfdGFibGV8YToxOntpOjA7YToxOntzOjMzOiJUYWJsZXNfaW5fZ3Rmd19wdWJsaWMgKGd0ZndfbWVudSkiO3M6OToiZ3Rmd19tZW51Ijt9fW1lc3Nlbmdlcl9xdWV1ZXxzOjE0NDoiTzoxMjoiTWVzc2FnZVF1ZXVlIjozOntzOjMxOiIATWVzc2FnZVF1ZXVlAG1DdXJyZW50UmVxdWVzdElkIjtpOjI7czoyODoiAE1lc3NhZ2VRdWV1ZQBtTmV4dFJlcXVlc3RJZCI7aTozO3M6MjM6IgBNZXNzYWdlUXVldWUAbU1lc3NhZ2VzIjthOjA6e319IjtzdGFydF9rZXl8aToyMTQyMjY1NjI4O211bHRfa2V5fGk6NzYwNjI2MjAxO2FkZF9rZXl8aToxNzI2MjY5Njg3O2lzX2xvZ2dlZF9pbnxiOjA7dXNlcm5hbWV8czo2OiJub2JvZHkiO2FjY2Vzc19tb2R1bGV8YToyOntzOjY6Im1vZHVsZSI7czozNzoieyJsb2dpbl9kZWZhdWx0bG9naW52aWV3aHRtbDIwMCI6IjAifSI7czo0OiJ1c2VyIjtzOjg6IiJub2JvZHkiIjt9c2FsdHxpOjU0NjI1MDU3O2xvZ2luX3NhbHR8aTo1NDYyNTA1NztkZXNjcmliZV9ndGZ3X21vZHVsZXxzOjE1NzQ6Ilt7IkZpZWxkIjoiTW9kdWxlSWQiLCJUeXBlIjoiYmlnaW50KDIwKSB1bnNpZ25lZCIsIk51bGwiOiJOTyIsIktleSI6IlBSSSIsIkRlZmF1bHQiOm51bGwsIkV4dHJhIjoiYXV0b19pbmNyZW1lbnQifSx7IkZpZWxkIjoiTW9kdWxlIiwiVHlwZSI6InZhcmNoYXIoMTAwKSIsIk51bGwiOiJOTyIsIktleSI6IiIsIkRlZmF1bHQiOiIiLCJFeHRyYSI6IiJ9LHsiRmllbGQiOiJMYWJlbE1vZHVsZSIsIlR5cGUiOiJ2YXJjaGFyKDEwMCkiLCJOdWxsIjoiTk8iLCJLZXkiOiIiLCJEZWZhdWx0IjoiIiwiRXh0cmEiOiIifSx7IkZpZWxkIjoiU3ViTW9kdWxlIiwiVHlwZSI6InZhcmNoYXIoMTAwKSIsIk51bGwiOiJOTyIsIktleSI6IiIsIkRlZmF1bHQiOiIiLCJFeHRyYSI6IiJ9LHsiRmllbGQiOiJBY3Rpb24iLCJUeXBlIjoidmFyY2hhcigxMDApIiwiTnVsbCI6IllFUyIsIktleSI6IiIsIkRlZmF1bHQiOiJ2aWV3IiwiRXh0cmEiOiIifSx7IkZpZWxkIjoiVHlwZSIsIlR5cGUiOiJ2YXJjaGFyKDEwMCkiLCJOdWxsIjoiWUVTIiwiS2V5IjoiIiwiRGVmYXVsdCI6Imh0bWwiLCJFeHRyYSI6IiJ9LHsiRmllbGQiOiJEZXNjcmlwdGlvbiIsIlR5cGUiOiJ0ZXh0IiwiTnVsbCI6IllFUyIsIktleSI6IiIsIkRlZmF1bHQiOm51bGwsIkV4dHJhIjoiIn0seyJGaWVsZCI6IkFjY2VzcyIsIlR5cGUiOiJlbnVtKCdBbGwnLCdFeGNsdXNpdmUnKSIsIk51bGwiOiJOTyIsIktleSI6IiIsIkRlZmF1bHQiOiJFeGNsdXNpdmUiLCJFeHRyYSI6IiJ9LHsiRmllbGQiOiJTaG93IiwiVHlwZSI6ImVudW0oJ1llcycsJ05vJykiLCJOdWxsIjoiWUVTIiwiS2V5IjoiIiwiRGVmYXVsdCI6Ik5vIiwiRXh0cmEiOiIifSx7IkZpZWxkIjoiSWNvblBhdGgiLCJUeXBlIjoidmFyY2hhcigyNTUpIiwiTnVsbCI6IllFUyIsIktleSI6IiIsIkRlZmF1bHQiOm51bGwsIkV4dHJhIjoiIn0seyJGaWVsZCI6Ik1lbnVJZCIsIlR5cGUiOiJpbnQoNikiLCJOdWxsIjoiWUVTIiwiS2V5IjoiTVVMIiwiRGVmYXVsdCI6bnVsbCwiRXh0cmEiOiIifSx7IkZpZWxkIjoiQXBwbGljYXRpb25JZCIsIlR5cGUiOiJiaWdpbnQoMjApIiwiTnVsbCI6IllFUyIsIktleSI6Ik1VTCIsIkRlZmF1bHQiOm51bGwsIkV4dHJhIjoiIn0seyJGaWVsZCI6Ik1vZHVsZVBhdGgiLCJUeXBlIjoidmFyY2hhcigyNTUpIiwiTnVsbCI6IllFUyIsIktleSI6IiIsIkRlZmF1bHQiOm51bGwsIkV4dHJhIjoiIn0seyJGaWVsZCI6IkFrc2lJZCIsIlR5cGUiOiJzbWFsbGludCg2KSIsIk51bGwiOiJZRVMiLCJLZXkiOiJNVUwiLCJEZWZhdWx0IjpudWxsLCJFeHRyYSI6IiJ9LHsiRmllbGQiOiJMYWJlbEFrc2kiLCJUeXBlIjoidmFyY2hhcig1MCkiLCJOdWxsIjoiWUVTIiwiS2V5IjoiIiwiRGVmYXVsdCI6bnVsbCwiRXh0cmEiOiIifSx7IkZpZWxkIjoiSGludCIsIlR5cGUiOiJ2YXJjaGFyKDEwMCkiLCJOdWxsIjoiWUVTIiwiS2V5IjoiIiwiRGVmYXVsdCI6bnVsbCwiRXh0cmEiOiIifSx7IkZpZWxkIjoiTmVlZFNzbCIsIlR5cGUiOiJlbnVtKCdZZXMnLCdObycpIiwiTnVsbCI6IllFUyIsIktleSI6IiIsIkRlZmF1bHQiOm51bGwsIkV4dHJhIjoiIn1dIjs=','2014-04-15 02:56:58'),('50lfe5ic17v9h5qo9vrg7alse2','ZmluZ2VycHJpbnR8czozMjoiYTJjODEzMTkyOTRhZTVmOTE5Mjc2ZWE4YWNmMTY4YTgiO3RhYmxlX2d0ZndfY29uZmlnX2F2YWlsYWJsZXxhOjE6e2k6MDthOjE6e3M6MzU6IlRhYmxlc19pbl9ndGZ3X3B1YmxpYyAoZ3Rmd19jb25maWcpIjtzOjExOiJndGZ3X2NvbmZpZyI7fX1jaGVja19ndGZ3X21lbnVfdGFibGV8YToxOntpOjA7YToxOntzOjMzOiJUYWJsZXNfaW5fZ3Rmd19wdWJsaWMgKGd0ZndfbWVudSkiO3M6OToiZ3Rmd19tZW51Ijt9fW1lc3Nlbmdlcl9xdWV1ZXxzOjE0NDoiTzoxMjoiTWVzc2FnZVF1ZXVlIjozOntzOjMxOiIATWVzc2FnZVF1ZXVlAG1DdXJyZW50UmVxdWVzdElkIjtpOjM7czoyODoiAE1lc3NhZ2VRdWV1ZQBtTmV4dFJlcXVlc3RJZCI7aTo0O3M6MjM6IgBNZXNzYWdlUXVldWUAbU1lc3NhZ2VzIjthOjA6e319IjtzdGFydF9rZXl8aToxNzE4NDUzNDI0O211bHRfa2V5fGk6MTQ2OTE3OTg1MjthZGRfa2V5fGk6NTU4NDQ3OTgyO2lzX2xvZ2dlZF9pbnxiOjA7dXNlcm5hbWV8czo2OiJub2JvZHkiO2FjY2Vzc19tb2R1bGV8YToyOntzOjY6Im1vZHVsZSI7czozNzoieyJsb2dpbl9kZWZhdWx0bG9naW52aWV3aHRtbDIwMCI6IjAifSI7czo0OiJ1c2VyIjtzOjg6IiJub2JvZHkiIjt9c2FsdHxpOjc3MzAzMDk3ODtsb2dpbl9zYWx0fGk6NzczMDMwOTc4O3Rva2VufHM6MzI6ImMwYzIwNjgwMjRkY2JkZjlhM2QxYTI5YmFkM2RlNjQ5IjtkZXNjcmliZV9ndGZ3X21vZHVsZXxzOjE1NzQ6Ilt7IkZpZWxkIjoiTW9kdWxlSWQiLCJUeXBlIjoiYmlnaW50KDIwKSB1bnNpZ25lZCIsIk51bGwiOiJOTyIsIktleSI6IlBSSSIsIkRlZmF1bHQiOm51bGwsIkV4dHJhIjoiYXV0b19pbmNyZW1lbnQifSx7IkZpZWxkIjoiTW9kdWxlIiwiVHlwZSI6InZhcmNoYXIoMTAwKSIsIk51bGwiOiJOTyIsIktleSI6IiIsIkRlZmF1bHQiOiIiLCJFeHRyYSI6IiJ9LHsiRmllbGQiOiJMYWJlbE1vZHVsZSIsIlR5cGUiOiJ2YXJjaGFyKDEwMCkiLCJOdWxsIjoiTk8iLCJLZXkiOiIiLCJEZWZhdWx0IjoiIiwiRXh0cmEiOiIifSx7IkZpZWxkIjoiU3ViTW9kdWxlIiwiVHlwZSI6InZhcmNoYXIoMTAwKSIsIk51bGwiOiJOTyIsIktleSI6IiIsIkRlZmF1bHQiOiIiLCJFeHRyYSI6IiJ9LHsiRmllbGQiOiJBY3Rpb24iLCJUeXBlIjoidmFyY2hhcigxMDApIiwiTnVsbCI6IllFUyIsIktleSI6IiIsIkRlZmF1bHQiOiJ2aWV3IiwiRXh0cmEiOiIifSx7IkZpZWxkIjoiVHlwZSIsIlR5cGUiOiJ2YXJjaGFyKDEwMCkiLCJOdWxsIjoiWUVTIiwiS2V5IjoiIiwiRGVmYXVsdCI6Imh0bWwiLCJFeHRyYSI6IiJ9LHsiRmllbGQiOiJEZXNjcmlwdGlvbiIsIlR5cGUiOiJ0ZXh0IiwiTnVsbCI6IllFUyIsIktleSI6IiIsIkRlZmF1bHQiOm51bGwsIkV4dHJhIjoiIn0seyJGaWVsZCI6IkFjY2VzcyIsIlR5cGUiOiJlbnVtKCdBbGwnLCdFeGNsdXNpdmUnKSIsIk51bGwiOiJOTyIsIktleSI6IiIsIkRlZmF1bHQiOiJFeGNsdXNpdmUiLCJFeHRyYSI6IiJ9LHsiRmllbGQiOiJTaG93IiwiVHlwZSI6ImVudW0oJ1llcycsJ05vJykiLCJOdWxsIjoiWUVTIiwiS2V5IjoiIiwiRGVmYXVsdCI6Ik5vIiwiRXh0cmEiOiIifSx7IkZpZWxkIjoiSWNvblBhdGgiLCJUeXBlIjoidmFyY2hhcigyNTUpIiwiTnVsbCI6IllFUyIsIktleSI6IiIsIkRlZmF1bHQiOm51bGwsIkV4dHJhIjoiIn0seyJGaWVsZCI6Ik1lbnVJZCIsIlR5cGUiOiJpbnQoNikiLCJOdWxsIjoiWUVTIiwiS2V5IjoiTVVMIiwiRGVmYXVsdCI6bnVsbCwiRXh0cmEiOiIifSx7IkZpZWxkIjoiQXBwbGljYXRpb25JZCIsIlR5cGUiOiJiaWdpbnQoMjApIiwiTnVsbCI6IllFUyIsIktleSI6Ik1VTCIsIkRlZmF1bHQiOm51bGwsIkV4dHJhIjoiIn0seyJGaWVsZCI6Ik1vZHVsZVBhdGgiLCJUeXBlIjoidmFyY2hhcigyNTUpIiwiTnVsbCI6IllFUyIsIktleSI6IiIsIkRlZmF1bHQiOm51bGwsIkV4dHJhIjoiIn0seyJGaWVsZCI6IkFrc2lJZCIsIlR5cGUiOiJzbWFsbGludCg2KSIsIk51bGwiOiJZRVMiLCJLZXkiOiJNVUwiLCJEZWZhdWx0IjpudWxsLCJFeHRyYSI6IiJ9LHsiRmllbGQiOiJMYWJlbEFrc2kiLCJUeXBlIjoidmFyY2hhcig1MCkiLCJOdWxsIjoiWUVTIiwiS2V5IjoiIiwiRGVmYXVsdCI6bnVsbCwiRXh0cmEiOiIifSx7IkZpZWxkIjoiSGludCIsIlR5cGUiOiJ2YXJjaGFyKDEwMCkiLCJOdWxsIjoiWUVTIiwiS2V5IjoiIiwiRGVmYXVsdCI6bnVsbCwiRXh0cmEiOiIifSx7IkZpZWxkIjoiTmVlZFNzbCIsIlR5cGUiOiJlbnVtKCdZZXMnLCdObycpIiwiTnVsbCI6IllFUyIsIktleSI6IiIsIkRlZmF1bHQiOm51bGwsIkV4dHJhIjoiIn1dIjs=','2014-04-15 03:06:52'),('vhvfu4vsmg798nknguqotmspk7','ZmluZ2VycHJpbnR8czozMjoiOTMzMTFjMjE3ZDRlOWQ3MmM3ZDc1OWVkYzUzOTZkZDYiO3RhYmxlX2d0ZndfY29uZmlnX2F2YWlsYWJsZXxhOjE6e2k6MDthOjE6e3M6MzU6IlRhYmxlc19pbl9ndGZ3X3B1YmxpYyAoZ3Rmd19jb25maWcpIjtzOjExOiJndGZ3X2NvbmZpZyI7fX1jaGVja19ndGZ3X21lbnVfdGFibGV8YToxOntpOjA7YToxOntzOjMzOiJUYWJsZXNfaW5fZ3Rmd19wdWJsaWMgKGd0ZndfbWVudSkiO3M6OToiZ3Rmd19tZW51Ijt9fW1lc3Nlbmdlcl9xdWV1ZXxzOjE0NDoiTzoxMjoiTWVzc2FnZVF1ZXVlIjozOntzOjMxOiIATWVzc2FnZVF1ZXVlAG1DdXJyZW50UmVxdWVzdElkIjtpOjQ7czoyODoiAE1lc3NhZ2VRdWV1ZQBtTmV4dFJlcXVlc3RJZCI7aTo1O3M6MjM6IgBNZXNzYWdlUXVldWUAbU1lc3NhZ2VzIjthOjA6e319IjtzdGFydF9rZXl8aToxOTg2MTk2NjEwO211bHRfa2V5fGk6NTUwMDkzMTM4O2FkZF9rZXl8aTo4MDM0MzI3Njk7aXNfbG9nZ2VkX2lufGI6MDt1c2VybmFtZXxzOjY6Im5vYm9keSI7YWNjZXNzX21vZHVsZXxhOjI6e3M6NjoibW9kdWxlIjtzOjM3OiJ7ImxvZ2luX2RlZmF1bHRsb2dpbnZpZXdodG1sMjAwIjoiMCJ9IjtzOjQ6InVzZXIiO3M6ODoiIm5vYm9keSIiO31zYWx0fGk6MTA4OTY0MzI5ODtsb2dpbl9zYWx0fGk6MTA4OTY0MzI5ODt0b2tlbnxzOjMyOiI4OGVkOWE5OGFiNGI0MWJiODc1ZDkyMWJmNzljNThhNyI7ZGVzY3JpYmVfZ3Rmd19tb2R1bGV8czoxNTc0OiJbeyJGaWVsZCI6Ik1vZHVsZUlkIiwiVHlwZSI6ImJpZ2ludCgyMCkgdW5zaWduZWQiLCJOdWxsIjoiTk8iLCJLZXkiOiJQUkkiLCJEZWZhdWx0IjpudWxsLCJFeHRyYSI6ImF1dG9faW5jcmVtZW50In0seyJGaWVsZCI6Ik1vZHVsZSIsIlR5cGUiOiJ2YXJjaGFyKDEwMCkiLCJOdWxsIjoiTk8iLCJLZXkiOiIiLCJEZWZhdWx0IjoiIiwiRXh0cmEiOiIifSx7IkZpZWxkIjoiTGFiZWxNb2R1bGUiLCJUeXBlIjoidmFyY2hhcigxMDApIiwiTnVsbCI6Ik5PIiwiS2V5IjoiIiwiRGVmYXVsdCI6IiIsIkV4dHJhIjoiIn0seyJGaWVsZCI6IlN1Yk1vZHVsZSIsIlR5cGUiOiJ2YXJjaGFyKDEwMCkiLCJOdWxsIjoiTk8iLCJLZXkiOiIiLCJEZWZhdWx0IjoiIiwiRXh0cmEiOiIifSx7IkZpZWxkIjoiQWN0aW9uIiwiVHlwZSI6InZhcmNoYXIoMTAwKSIsIk51bGwiOiJZRVMiLCJLZXkiOiIiLCJEZWZhdWx0IjoidmlldyIsIkV4dHJhIjoiIn0seyJGaWVsZCI6IlR5cGUiLCJUeXBlIjoidmFyY2hhcigxMDApIiwiTnVsbCI6IllFUyIsIktleSI6IiIsIkRlZmF1bHQiOiJodG1sIiwiRXh0cmEiOiIifSx7IkZpZWxkIjoiRGVzY3JpcHRpb24iLCJUeXBlIjoidGV4dCIsIk51bGwiOiJZRVMiLCJLZXkiOiIiLCJEZWZhdWx0IjpudWxsLCJFeHRyYSI6IiJ9LHsiRmllbGQiOiJBY2Nlc3MiLCJUeXBlIjoiZW51bSgnQWxsJywnRXhjbHVzaXZlJykiLCJOdWxsIjoiTk8iLCJLZXkiOiIiLCJEZWZhdWx0IjoiRXhjbHVzaXZlIiwiRXh0cmEiOiIifSx7IkZpZWxkIjoiU2hvdyIsIlR5cGUiOiJlbnVtKCdZZXMnLCdObycpIiwiTnVsbCI6IllFUyIsIktleSI6IiIsIkRlZmF1bHQiOiJObyIsIkV4dHJhIjoiIn0seyJGaWVsZCI6Ikljb25QYXRoIiwiVHlwZSI6InZhcmNoYXIoMjU1KSIsIk51bGwiOiJZRVMiLCJLZXkiOiIiLCJEZWZhdWx0IjpudWxsLCJFeHRyYSI6IiJ9LHsiRmllbGQiOiJNZW51SWQiLCJUeXBlIjoiaW50KDYpIiwiTnVsbCI6IllFUyIsIktleSI6Ik1VTCIsIkRlZmF1bHQiOm51bGwsIkV4dHJhIjoiIn0seyJGaWVsZCI6IkFwcGxpY2F0aW9uSWQiLCJUeXBlIjoiYmlnaW50KDIwKSIsIk51bGwiOiJZRVMiLCJLZXkiOiJNVUwiLCJEZWZhdWx0IjpudWxsLCJFeHRyYSI6IiJ9LHsiRmllbGQiOiJNb2R1bGVQYXRoIiwiVHlwZSI6InZhcmNoYXIoMjU1KSIsIk51bGwiOiJZRVMiLCJLZXkiOiIiLCJEZWZhdWx0IjpudWxsLCJFeHRyYSI6IiJ9LHsiRmllbGQiOiJBa3NpSWQiLCJUeXBlIjoic21hbGxpbnQoNikiLCJOdWxsIjoiWUVTIiwiS2V5IjoiTVVMIiwiRGVmYXVsdCI6bnVsbCwiRXh0cmEiOiIifSx7IkZpZWxkIjoiTGFiZWxBa3NpIiwiVHlwZSI6InZhcmNoYXIoNTApIiwiTnVsbCI6IllFUyIsIktleSI6IiIsIkRlZmF1bHQiOm51bGwsIkV4dHJhIjoiIn0seyJGaWVsZCI6IkhpbnQiLCJUeXBlIjoidmFyY2hhcigxMDApIiwiTnVsbCI6IllFUyIsIktleSI6IiIsIkRlZmF1bHQiOm51bGwsIkV4dHJhIjoiIn0seyJGaWVsZCI6Ik5lZWRTc2wiLCJUeXBlIjoiZW51bSgnWWVzJywnTm8nKSIsIk51bGwiOiJZRVMiLCJLZXkiOiIiLCJEZWZhdWx0IjpudWxsLCJFeHRyYSI6IiJ9XSI7','2014-04-15 03:04:37'),('tq15vckruft6tpmaueqhdqkma0','ZmluZ2VycHJpbnR8czozMjoiMDgxNDU2N2Y1NGJlNjRhNDQzYjAzNzIzZTQ3NTYwZjEiO3RhYmxlX2d0ZndfY29uZmlnX2F2YWlsYWJsZXxhOjE6e2k6MDthOjE6e3M6MzU6IlRhYmxlc19pbl9ndGZ3X3B1YmxpYyAoZ3Rmd19jb25maWcpIjtzOjExOiJndGZ3X2NvbmZpZyI7fX1jaGVja19ndGZ3X21lbnVfdGFibGV8YToxOntpOjA7YToxOntzOjMzOiJUYWJsZXNfaW5fZ3Rmd19wdWJsaWMgKGd0ZndfbWVudSkiO3M6OToiZ3Rmd19tZW51Ijt9fW1lc3Nlbmdlcl9xdWV1ZXxzOjE0NDoiTzoxMjoiTWVzc2FnZVF1ZXVlIjozOntzOjMxOiIATWVzc2FnZVF1ZXVlAG1DdXJyZW50UmVxdWVzdElkIjtpOjE7czoyODoiAE1lc3NhZ2VRdWV1ZQBtTmV4dFJlcXVlc3RJZCI7aToyO3M6MjM6IgBNZXNzYWdlUXVldWUAbU1lc3NhZ2VzIjthOjA6e319IjtzdGFydF9rZXl8aTo3ODgyNDEwODA7bXVsdF9rZXl8aToxNjQwNDE5OTg7YWRkX2tleXxpOjM0MDg2NzI0Nztpc19sb2dnZWRfaW58YjowO3VzZXJuYW1lfHM6Njoibm9ib2R5IjthY2Nlc3NfbW9kdWxlfGE6Mjp7czo2OiJtb2R1bGUiO3M6Mzk6InsibG9naW5fZGVmYXVsdGxvZ2ludmlld2h0bWwyMDAiOiI3NjIifSI7czo0OiJ1c2VyIjtzOjg6IiJub2JvZHkiIjt9c2FsdHxpOjE5MDcxNDc5NTM7bG9naW5fc2FsdHxpOjE5MDcxNDc5NTM7ZGVzY3JpYmVfZ3Rmd19tb2R1bGV8czoxNTc0OiJbeyJGaWVsZCI6Ik1vZHVsZUlkIiwiVHlwZSI6ImJpZ2ludCgyMCkgdW5zaWduZWQiLCJOdWxsIjoiTk8iLCJLZXkiOiJQUkkiLCJEZWZhdWx0IjpudWxsLCJFeHRyYSI6ImF1dG9faW5jcmVtZW50In0seyJGaWVsZCI6Ik1vZHVsZSIsIlR5cGUiOiJ2YXJjaGFyKDEwMCkiLCJOdWxsIjoiTk8iLCJLZXkiOiIiLCJEZWZhdWx0IjoiIiwiRXh0cmEiOiIifSx7IkZpZWxkIjoiTGFiZWxNb2R1bGUiLCJUeXBlIjoidmFyY2hhcigxMDApIiwiTnVsbCI6Ik5PIiwiS2V5IjoiIiwiRGVmYXVsdCI6IiIsIkV4dHJhIjoiIn0seyJGaWVsZCI6IlN1Yk1vZHVsZSIsIlR5cGUiOiJ2YXJjaGFyKDEwMCkiLCJOdWxsIjoiTk8iLCJLZXkiOiIiLCJEZWZhdWx0IjoiIiwiRXh0cmEiOiIifSx7IkZpZWxkIjoiQWN0aW9uIiwiVHlwZSI6InZhcmNoYXIoMTAwKSIsIk51bGwiOiJZRVMiLCJLZXkiOiIiLCJEZWZhdWx0IjoidmlldyIsIkV4dHJhIjoiIn0seyJGaWVsZCI6IlR5cGUiLCJUeXBlIjoidmFyY2hhcigxMDApIiwiTnVsbCI6IllFUyIsIktleSI6IiIsIkRlZmF1bHQiOiJodG1sIiwiRXh0cmEiOiIifSx7IkZpZWxkIjoiRGVzY3JpcHRpb24iLCJUeXBlIjoidGV4dCIsIk51bGwiOiJZRVMiLCJLZXkiOiIiLCJEZWZhdWx0IjpudWxsLCJFeHRyYSI6IiJ9LHsiRmllbGQiOiJBY2Nlc3MiLCJUeXBlIjoiZW51bSgnQWxsJywnRXhjbHVzaXZlJykiLCJOdWxsIjoiTk8iLCJLZXkiOiIiLCJEZWZhdWx0IjoiRXhjbHVzaXZlIiwiRXh0cmEiOiIifSx7IkZpZWxkIjoiU2hvdyIsIlR5cGUiOiJlbnVtKCdZZXMnLCdObycpIiwiTnVsbCI6IllFUyIsIktleSI6IiIsIkRlZmF1bHQiOiJObyIsIkV4dHJhIjoiIn0seyJGaWVsZCI6Ikljb25QYXRoIiwiVHlwZSI6InZhcmNoYXIoMjU1KSIsIk51bGwiOiJZRVMiLCJLZXkiOiIiLCJEZWZhdWx0IjpudWxsLCJFeHRyYSI6IiJ9LHsiRmllbGQiOiJNZW51SWQiLCJUeXBlIjoiaW50KDYpIiwiTnVsbCI6IllFUyIsIktleSI6Ik1VTCIsIkRlZmF1bHQiOm51bGwsIkV4dHJhIjoiIn0seyJGaWVsZCI6IkFwcGxpY2F0aW9uSWQiLCJUeXBlIjoiYmlnaW50KDIwKSIsIk51bGwiOiJZRVMiLCJLZXkiOiJNVUwiLCJEZWZhdWx0IjpudWxsLCJFeHRyYSI6IiJ9LHsiRmllbGQiOiJNb2R1bGVQYXRoIiwiVHlwZSI6InZhcmNoYXIoMjU1KSIsIk51bGwiOiJZRVMiLCJLZXkiOiIiLCJEZWZhdWx0IjpudWxsLCJFeHRyYSI6IiJ9LHsiRmllbGQiOiJBa3NpSWQiLCJUeXBlIjoic21hbGxpbnQoNikiLCJOdWxsIjoiWUVTIiwiS2V5IjoiTVVMIiwiRGVmYXVsdCI6bnVsbCwiRXh0cmEiOiIifSx7IkZpZWxkIjoiTGFiZWxBa3NpIiwiVHlwZSI6InZhcmNoYXIoNTApIiwiTnVsbCI6IllFUyIsIktleSI6IiIsIkRlZmF1bHQiOm51bGwsIkV4dHJhIjoiIn0seyJGaWVsZCI6IkhpbnQiLCJUeXBlIjoidmFyY2hhcigxMDApIiwiTnVsbCI6IllFUyIsIktleSI6IiIsIkRlZmF1bHQiOm51bGwsIkV4dHJhIjoiIn0seyJGaWVsZCI6Ik5lZWRTc2wiLCJUeXBlIjoiZW51bSgnWWVzJywnTm8nKSIsIk51bGwiOiJZRVMiLCJLZXkiOiIiLCJEZWZhdWx0IjpudWxsLCJFeHRyYSI6IiJ9XSI7','2014-04-15 02:56:24'),('vloo1oo99gg22fc9ade66q9642','ZmluZ2VycHJpbnR8czozMjoiMTkyNThiYTNiODY1ZWZmZDk0MjgwMjcyNTFkZTZkODQiO3RhYmxlX2d0ZndfY29uZmlnX2F2YWlsYWJsZXxhOjE6e2k6MDthOjE6e3M6MzU6IlRhYmxlc19pbl9ndGZ3X3B1YmxpYyAoZ3Rmd19jb25maWcpIjtzOjExOiJndGZ3X2NvbmZpZyI7fX1jaGVja19ndGZ3X21lbnVfdGFibGV8YToxOntpOjA7YToxOntzOjMzOiJUYWJsZXNfaW5fZ3Rmd19wdWJsaWMgKGd0ZndfbWVudSkiO3M6OToiZ3Rmd19tZW51Ijt9fW1lc3Nlbmdlcl9xdWV1ZXxzOjE0NDoiTzoxMjoiTWVzc2FnZVF1ZXVlIjozOntzOjMxOiIATWVzc2FnZVF1ZXVlAG1DdXJyZW50UmVxdWVzdElkIjtpOjE7czoyODoiAE1lc3NhZ2VRdWV1ZQBtTmV4dFJlcXVlc3RJZCI7aToyO3M6MjM6IgBNZXNzYWdlUXVldWUAbU1lc3NhZ2VzIjthOjA6e319IjtzdGFydF9rZXl8aToxODA4NjkxMDc1O211bHRfa2V5fGk6MTQxMjk3MjE5O2FkZF9rZXl8aTo5MzQ5OTg0Mjg7aXNfbG9nZ2VkX2lufGI6MDt1c2VybmFtZXxzOjY6Im5vYm9keSI7YWNjZXNzX21vZHVsZXxhOjI6e3M6NjoibW9kdWxlIjtzOjM5OiJ7ImxvZ2luX2RlZmF1bHRsb2dpbnZpZXdodG1sMjAwIjoiNzYyIn0iO3M6NDoidXNlciI7czo4OiIibm9ib2R5IiI7fXNhbHR8aToxNDU4OTc4ODc5O2xvZ2luX3NhbHR8aToxNDU4OTc4ODc5O3Rva2VufHM6MzI6ImY1OWMzMjExNjdkNzUwYjMxYjQ5NGFlNTU0ZGExMTU1IjtkZXNjcmliZV9ndGZ3X21vZHVsZXxzOjE1NzQ6Ilt7IkZpZWxkIjoiTW9kdWxlSWQiLCJUeXBlIjoiYmlnaW50KDIwKSB1bnNpZ25lZCIsIk51bGwiOiJOTyIsIktleSI6IlBSSSIsIkRlZmF1bHQiOm51bGwsIkV4dHJhIjoiYXV0b19pbmNyZW1lbnQifSx7IkZpZWxkIjoiTW9kdWxlIiwiVHlwZSI6InZhcmNoYXIoMTAwKSIsIk51bGwiOiJOTyIsIktleSI6IiIsIkRlZmF1bHQiOiIiLCJFeHRyYSI6IiJ9LHsiRmllbGQiOiJMYWJlbE1vZHVsZSIsIlR5cGUiOiJ2YXJjaGFyKDEwMCkiLCJOdWxsIjoiTk8iLCJLZXkiOiIiLCJEZWZhdWx0IjoiIiwiRXh0cmEiOiIifSx7IkZpZWxkIjoiU3ViTW9kdWxlIiwiVHlwZSI6InZhcmNoYXIoMTAwKSIsIk51bGwiOiJOTyIsIktleSI6IiIsIkRlZmF1bHQiOiIiLCJFeHRyYSI6IiJ9LHsiRmllbGQiOiJBY3Rpb24iLCJUeXBlIjoidmFyY2hhcigxMDApIiwiTnVsbCI6IllFUyIsIktleSI6IiIsIkRlZmF1bHQiOiJ2aWV3IiwiRXh0cmEiOiIifSx7IkZpZWxkIjoiVHlwZSIsIlR5cGUiOiJ2YXJjaGFyKDEwMCkiLCJOdWxsIjoiWUVTIiwiS2V5IjoiIiwiRGVmYXVsdCI6Imh0bWwiLCJFeHRyYSI6IiJ9LHsiRmllbGQiOiJEZXNjcmlwdGlvbiIsIlR5cGUiOiJ0ZXh0IiwiTnVsbCI6IllFUyIsIktleSI6IiIsIkRlZmF1bHQiOm51bGwsIkV4dHJhIjoiIn0seyJGaWVsZCI6IkFjY2VzcyIsIlR5cGUiOiJlbnVtKCdBbGwnLCdFeGNsdXNpdmUnKSIsIk51bGwiOiJOTyIsIktleSI6IiIsIkRlZmF1bHQiOiJFeGNsdXNpdmUiLCJFeHRyYSI6IiJ9LHsiRmllbGQiOiJTaG93IiwiVHlwZSI6ImVudW0oJ1llcycsJ05vJykiLCJOdWxsIjoiWUVTIiwiS2V5IjoiIiwiRGVmYXVsdCI6Ik5vIiwiRXh0cmEiOiIifSx7IkZpZWxkIjoiSWNvblBhdGgiLCJUeXBlIjoidmFyY2hhcigyNTUpIiwiTnVsbCI6IllFUyIsIktleSI6IiIsIkRlZmF1bHQiOm51bGwsIkV4dHJhIjoiIn0seyJGaWVsZCI6Ik1lbnVJZCIsIlR5cGUiOiJpbnQoNikiLCJOdWxsIjoiWUVTIiwiS2V5IjoiTVVMIiwiRGVmYXVsdCI6bnVsbCwiRXh0cmEiOiIifSx7IkZpZWxkIjoiQXBwbGljYXRpb25JZCIsIlR5cGUiOiJiaWdpbnQoMjApIiwiTnVsbCI6IllFUyIsIktleSI6Ik1VTCIsIkRlZmF1bHQiOm51bGwsIkV4dHJhIjoiIn0seyJGaWVsZCI6Ik1vZHVsZVBhdGgiLCJUeXBlIjoidmFyY2hhcigyNTUpIiwiTnVsbCI6IllFUyIsIktleSI6IiIsIkRlZmF1bHQiOm51bGwsIkV4dHJhIjoiIn0seyJGaWVsZCI6IkFrc2lJZCIsIlR5cGUiOiJzbWFsbGludCg2KSIsIk51bGwiOiJZRVMiLCJLZXkiOiJNVUwiLCJEZWZhdWx0IjpudWxsLCJFeHRyYSI6IiJ9LHsiRmllbGQiOiJMYWJlbEFrc2kiLCJUeXBlIjoidmFyY2hhcig1MCkiLCJOdWxsIjoiWUVTIiwiS2V5IjoiIiwiRGVmYXVsdCI6bnVsbCwiRXh0cmEiOiIifSx7IkZpZWxkIjoiSGludCIsIlR5cGUiOiJ2YXJjaGFyKDEwMCkiLCJOdWxsIjoiWUVTIiwiS2V5IjoiIiwiRGVmYXVsdCI6bnVsbCwiRXh0cmEiOiIifSx7IkZpZWxkIjoiTmVlZFNzbCIsIlR5cGUiOiJlbnVtKCdZZXMnLCdObycpIiwiTnVsbCI6IllFUyIsIktleSI6IiIsIkRlZmF1bHQiOm51bGwsIkV4dHJhIjoiIn1dIjs=','2014-04-15 03:08:40'),('g3jcvf8j483v2uf2p91crscm17','ZmluZ2VycHJpbnR8czozMjoiNWJiODI5NjMwMjUzYTIxNWNjNTAxZGMxNGM0ZGNkZDQiO3RhYmxlX2d0ZndfY29uZmlnX2F2YWlsYWJsZXxhOjE6e2k6MDthOjE6e3M6MzU6IlRhYmxlc19pbl9ndGZ3X3B1YmxpYyAoZ3Rmd19jb25maWcpIjtzOjExOiJndGZ3X2NvbmZpZyI7fX1jaGVja19ndGZ3X21lbnVfdGFibGV8YToxOntpOjA7YToxOntzOjMzOiJUYWJsZXNfaW5fZ3Rmd19wdWJsaWMgKGd0ZndfbWVudSkiO3M6OToiZ3Rmd19tZW51Ijt9fW1lc3Nlbmdlcl9xdWV1ZXxzOjQwMzoiTzoxMjoiTWVzc2FnZVF1ZXVlIjozOntzOjMxOiIATWVzc2FnZVF1ZXVlAG1DdXJyZW50UmVxdWVzdElkIjtpOjk7czoyODoiAE1lc3NhZ2VRdWV1ZQBtTmV4dFJlcXVlc3RJZCI7aToxMDtzOjIzOiIATWVzc2FnZVF1ZXVlAG1NZXNzYWdlcyI7YToxOntzOjc1OiIvbWVkaWEvd3d3L3d3dy9yaXNldC9hcHAvbW9kdWxlL2d0ZndfbWVudS9yZXNwb25zZS9WaWV3TWVudS5odG1sLmNsYXNzLnBocF8iO2E6MTp7aTowO086NzoiTWVzc2FnZSI6Mzp7czoxOToiAE1lc3NhZ2UAbVJlcXVlc3RJZCI7aTowO3M6MTc6IgBNZXNzYWdlAG1NZXNzYWdlIjthOjE6e2k6MDthOjM6e3M6NDoicGFnZSI7aToxO3M6NzoiZGlzcGxheSI7aTo1MDtzOjU6InN0YXJ0IjtpOjA7fX1zOjEzOiIATWVzc2FnZQBtT2xkIjtiOjA7fX19fSI7c3RhcnRfa2V5fGk6NjMxMzY4NDU1O211bHRfa2V5fGk6NzA1Njg2MDAzO2FkZF9rZXl8aTozMDE0Mjk3Njg7aXNfbG9nZ2VkX2lufGI6MTt1c2VybmFtZXxzOjU6ImFkbWluIjtzYWx0fGk6NTk3MzA5NzQyO2xvZ2luX3NhbHR8aTo1OTczMDk3NDI7dG9rZW58czozMjoiYWE5ZTZhMjg1NDA4NmZiYTAzMDFjMDk5MjA1NWQzMmUiO2Rlc2NyaWJlX2d0ZndfbW9kdWxlfHM6MTU3NDoiW3siRmllbGQiOiJNb2R1bGVJZCIsIlR5cGUiOiJiaWdpbnQoMjApIHVuc2lnbmVkIiwiTnVsbCI6Ik5PIiwiS2V5IjoiUFJJIiwiRGVmYXVsdCI6bnVsbCwiRXh0cmEiOiJhdXRvX2luY3JlbWVudCJ9LHsiRmllbGQiOiJNb2R1bGUiLCJUeXBlIjoidmFyY2hhcigxMDApIiwiTnVsbCI6Ik5PIiwiS2V5IjoiIiwiRGVmYXVsdCI6IiIsIkV4dHJhIjoiIn0seyJGaWVsZCI6IkxhYmVsTW9kdWxlIiwiVHlwZSI6InZhcmNoYXIoMTAwKSIsIk51bGwiOiJOTyIsIktleSI6IiIsIkRlZmF1bHQiOiIiLCJFeHRyYSI6IiJ9LHsiRmllbGQiOiJTdWJNb2R1bGUiLCJUeXBlIjoidmFyY2hhcigxMDApIiwiTnVsbCI6Ik5PIiwiS2V5IjoiIiwiRGVmYXVsdCI6IiIsIkV4dHJhIjoiIn0seyJGaWVsZCI6IkFjdGlvbiIsIlR5cGUiOiJ2YXJjaGFyKDEwMCkiLCJOdWxsIjoiWUVTIiwiS2V5IjoiIiwiRGVmYXVsdCI6InZpZXciLCJFeHRyYSI6IiJ9LHsiRmllbGQiOiJUeXBlIiwiVHlwZSI6InZhcmNoYXIoMTAwKSIsIk51bGwiOiJZRVMiLCJLZXkiOiIiLCJEZWZhdWx0IjoiaHRtbCIsIkV4dHJhIjoiIn0seyJGaWVsZCI6IkRlc2NyaXB0aW9uIiwiVHlwZSI6InRleHQiLCJOdWxsIjoiWUVTIiwiS2V5IjoiIiwiRGVmYXVsdCI6bnVsbCwiRXh0cmEiOiIifSx7IkZpZWxkIjoiQWNjZXNzIiwiVHlwZSI6ImVudW0oJ0FsbCcsJ0V4Y2x1c2l2ZScpIiwiTnVsbCI6Ik5PIiwiS2V5IjoiIiwiRGVmYXVsdCI6IkV4Y2x1c2l2ZSIsIkV4dHJhIjoiIn0seyJGaWVsZCI6IlNob3ciLCJUeXBlIjoiZW51bSgnWWVzJywnTm8nKSIsIk51bGwiOiJZRVMiLCJLZXkiOiIiLCJEZWZhdWx0IjoiTm8iLCJFeHRyYSI6IiJ9LHsiRmllbGQiOiJJY29uUGF0aCIsIlR5cGUiOiJ2YXJjaGFyKDI1NSkiLCJOdWxsIjoiWUVTIiwiS2V5IjoiIiwiRGVmYXVsdCI6bnVsbCwiRXh0cmEiOiIifSx7IkZpZWxkIjoiTWVudUlkIiwiVHlwZSI6ImludCg2KSIsIk51bGwiOiJZRVMiLCJLZXkiOiJNVUwiLCJEZWZhdWx0IjpudWxsLCJFeHRyYSI6IiJ9LHsiRmllbGQiOiJBcHBsaWNhdGlvbklkIiwiVHlwZSI6ImJpZ2ludCgyMCkiLCJOdWxsIjoiWUVTIiwiS2V5IjoiTVVMIiwiRGVmYXVsdCI6bnVsbCwiRXh0cmEiOiIifSx7IkZpZWxkIjoiTW9kdWxlUGF0aCIsIlR5cGUiOiJ2YXJjaGFyKDI1NSkiLCJOdWxsIjoiWUVTIiwiS2V5IjoiIiwiRGVmYXVsdCI6bnVsbCwiRXh0cmEiOiIifSx7IkZpZWxkIjoiQWtzaUlkIiwiVHlwZSI6InNtYWxsaW50KDYpIiwiTnVsbCI6IllFUyIsIktleSI6Ik1VTCIsIkRlZmF1bHQiOm51bGwsIkV4dHJhIjoiIn0seyJGaWVsZCI6IkxhYmVsQWtzaSIsIlR5cGUiOiJ2YXJjaGFyKDUwKSIsIk51bGwiOiJZRVMiLCJLZXkiOiIiLCJEZWZhdWx0IjpudWxsLCJFeHRyYSI6IiJ9LHsiRmllbGQiOiJIaW50IiwiVHlwZSI6InZhcmNoYXIoMTAwKSIsIk51bGwiOiJZRVMiLCJLZXkiOiIiLCJEZWZhdWx0IjpudWxsLCJFeHRyYSI6IiJ9LHsiRmllbGQiOiJOZWVkU3NsIiwiVHlwZSI6ImVudW0oJ1llcycsJ05vJykiLCJOdWxsIjoiWUVTIiwiS2V5IjoiIiwiRGVmYXVsdCI6bnVsbCwiRXh0cmEiOiIifV0iO2FrdGl2ZV91c2VyX2dyb3VwX2lkfHM6MjoiNjMiO2FjY2Vzc19tb2R1bGV8YTozOntzOjExOiJtb2R1bGVDb3VudCI7czo0OiIiMzIiIjtzOjY6Im1vZHVsZSI7czoyNTY6InsibG9naW5fZGVmYXVsdGxvZ2ludmlld2h0bWwyMDAiOiIwIiwibG9naW5fZGVmYXVsdGxvZ2luZG9odG1sMjAwIjoiNzU5IiwiaG9tZWhvbWV2aWV3aHRtbDIwMCI6IjAiLCJoZWFkZXJoZWFkZXJ2aWV3aHRtbDIwMCI6IjAiLCJuYXZpZ2F0aW9ubmF2aWdhdGlvbnZpZXdodG1sMjAwIjoiMCIsIm1lbnVtZW51dmlld2h0bWwyMDAiOiIwIiwiZ3Rmd19tZW51TWVudVZpZXdodG1sMjAwIjoiMCIsInBhZ2luZ3BhZ2luZ3ZpZXdodG1sMjAwIjoiNzY1In0iO3M6NDoidXNlciI7czo3OiIiYWRtaW4iIjt9','2014-04-15 06:05:54'),('berrrpt5cj7pccrrtc05vebv01','ZmluZ2VycHJpbnR8czozMjoiMzM5ZjBmM2NmYzhkMmRlNTc3MjU4ZmQzNjViY2ViNWEiO3RhYmxlX2d0ZndfY29uZmlnX2F2YWlsYWJsZXxhOjE6e2k6MDthOjE6e3M6MzU6IlRhYmxlc19pbl9ndGZ3X3B1YmxpYyAoZ3Rmd19jb25maWcpIjtzOjExOiJndGZ3X2NvbmZpZyI7fX1jaGVja19ndGZ3X21lbnVfdGFibGV8YToxOntpOjA7YToxOntzOjMzOiJUYWJsZXNfaW5fZ3Rmd19wdWJsaWMgKGd0ZndfbWVudSkiO3M6OToiZ3Rmd19tZW51Ijt9fW1lc3Nlbmdlcl9xdWV1ZXxzOjE0NDoiTzoxMjoiTWVzc2FnZVF1ZXVlIjozOntzOjMxOiIATWVzc2FnZVF1ZXVlAG1DdXJyZW50UmVxdWVzdElkIjtpOjI7czoyODoiAE1lc3NhZ2VRdWV1ZQBtTmV4dFJlcXVlc3RJZCI7aTozO3M6MjM6IgBNZXNzYWdlUXVldWUAbU1lc3NhZ2VzIjthOjA6e319IjtzdGFydF9rZXl8aToyMTk3MTM0NTE7bXVsdF9rZXl8aToyNzM3ODE2NzY7YWRkX2tleXxpOjI2OTg5Nzk4MTtpc19sb2dnZWRfaW58YjowO3VzZXJuYW1lfHM6Njoibm9ib2R5IjthY2Nlc3NfbW9kdWxlfGE6Mjp7czo2OiJtb2R1bGUiO3M6Mzk6InsibG9naW5fZGVmYXVsdGxvZ2ludmlld2h0bWwyMDAiOiI3NjIifSI7czo0OiJ1c2VyIjtzOjg6IiJub2JvZHkiIjt9c2FsdHxpOjIwMjMyODM4NTM7bG9naW5fc2FsdHxpOjIwMjMyODM4NTM7dG9rZW58czozMjoiNGRmMmU0NWI0MmI3ZDY4NzAwNmYzODMyYWYwNzlkOGQiO2Rlc2NyaWJlX2d0ZndfbW9kdWxlfHM6MTU3NDoiW3siRmllbGQiOiJNb2R1bGVJZCIsIlR5cGUiOiJiaWdpbnQoMjApIHVuc2lnbmVkIiwiTnVsbCI6Ik5PIiwiS2V5IjoiUFJJIiwiRGVmYXVsdCI6bnVsbCwiRXh0cmEiOiJhdXRvX2luY3JlbWVudCJ9LHsiRmllbGQiOiJNb2R1bGUiLCJUeXBlIjoidmFyY2hhcigxMDApIiwiTnVsbCI6Ik5PIiwiS2V5IjoiIiwiRGVmYXVsdCI6IiIsIkV4dHJhIjoiIn0seyJGaWVsZCI6IkxhYmVsTW9kdWxlIiwiVHlwZSI6InZhcmNoYXIoMTAwKSIsIk51bGwiOiJOTyIsIktleSI6IiIsIkRlZmF1bHQiOiIiLCJFeHRyYSI6IiJ9LHsiRmllbGQiOiJTdWJNb2R1bGUiLCJUeXBlIjoidmFyY2hhcigxMDApIiwiTnVsbCI6Ik5PIiwiS2V5IjoiIiwiRGVmYXVsdCI6IiIsIkV4dHJhIjoiIn0seyJGaWVsZCI6IkFjdGlvbiIsIlR5cGUiOiJ2YXJjaGFyKDEwMCkiLCJOdWxsIjoiWUVTIiwiS2V5IjoiIiwiRGVmYXVsdCI6InZpZXciLCJFeHRyYSI6IiJ9LHsiRmllbGQiOiJUeXBlIiwiVHlwZSI6InZhcmNoYXIoMTAwKSIsIk51bGwiOiJZRVMiLCJLZXkiOiIiLCJEZWZhdWx0IjoiaHRtbCIsIkV4dHJhIjoiIn0seyJGaWVsZCI6IkRlc2NyaXB0aW9uIiwiVHlwZSI6InRleHQiLCJOdWxsIjoiWUVTIiwiS2V5IjoiIiwiRGVmYXVsdCI6bnVsbCwiRXh0cmEiOiIifSx7IkZpZWxkIjoiQWNjZXNzIiwiVHlwZSI6ImVudW0oJ0FsbCcsJ0V4Y2x1c2l2ZScpIiwiTnVsbCI6Ik5PIiwiS2V5IjoiIiwiRGVmYXVsdCI6IkV4Y2x1c2l2ZSIsIkV4dHJhIjoiIn0seyJGaWVsZCI6IlNob3ciLCJUeXBlIjoiZW51bSgnWWVzJywnTm8nKSIsIk51bGwiOiJZRVMiLCJLZXkiOiIiLCJEZWZhdWx0IjoiTm8iLCJFeHRyYSI6IiJ9LHsiRmllbGQiOiJJY29uUGF0aCIsIlR5cGUiOiJ2YXJjaGFyKDI1NSkiLCJOdWxsIjoiWUVTIiwiS2V5IjoiIiwiRGVmYXVsdCI6bnVsbCwiRXh0cmEiOiIifSx7IkZpZWxkIjoiTWVudUlkIiwiVHlwZSI6ImludCg2KSIsIk51bGwiOiJZRVMiLCJLZXkiOiJNVUwiLCJEZWZhdWx0IjpudWxsLCJFeHRyYSI6IiJ9LHsiRmllbGQiOiJBcHBsaWNhdGlvbklkIiwiVHlwZSI6ImJpZ2ludCgyMCkiLCJOdWxsIjoiWUVTIiwiS2V5IjoiTVVMIiwiRGVmYXVsdCI6bnVsbCwiRXh0cmEiOiIifSx7IkZpZWxkIjoiTW9kdWxlUGF0aCIsIlR5cGUiOiJ2YXJjaGFyKDI1NSkiLCJOdWxsIjoiWUVTIiwiS2V5IjoiIiwiRGVmYXVsdCI6bnVsbCwiRXh0cmEiOiIifSx7IkZpZWxkIjoiQWtzaUlkIiwiVHlwZSI6InNtYWxsaW50KDYpIiwiTnVsbCI6IllFUyIsIktleSI6Ik1VTCIsIkRlZmF1bHQiOm51bGwsIkV4dHJhIjoiIn0seyJGaWVsZCI6IkxhYmVsQWtzaSIsIlR5cGUiOiJ2YXJjaGFyKDUwKSIsIk51bGwiOiJZRVMiLCJLZXkiOiIiLCJEZWZhdWx0IjpudWxsLCJFeHRyYSI6IiJ9LHsiRmllbGQiOiJIaW50IiwiVHlwZSI6InZhcmNoYXIoMTAwKSIsIk51bGwiOiJZRVMiLCJLZXkiOiIiLCJEZWZhdWx0IjpudWxsLCJFeHRyYSI6IiJ9LHsiRmllbGQiOiJOZWVkU3NsIiwiVHlwZSI6ImVudW0oJ1llcycsJ05vJykiLCJOdWxsIjoiWUVTIiwiS2V5IjoiIiwiRGVmYXVsdCI6bnVsbCwiRXh0cmEiOiIifV0iOw==','2014-04-15 03:07:58'),('muq80etpo532h9kv8tp7kotsb0','ZmluZ2VycHJpbnR8czozMjoiMmM3NzYzNTMwMDQzYTNiN2EyZTQwYmQ5YjgwYjlhM2IiO3RhYmxlX2d0ZndfY29uZmlnX2F2YWlsYWJsZXxhOjE6e2k6MDthOjE6e3M6MzU6IlRhYmxlc19pbl9ndGZ3X3B1YmxpYyAoZ3Rmd19jb25maWcpIjtzOjExOiJndGZ3X2NvbmZpZyI7fX1jaGVja19ndGZ3X21lbnVfdGFibGV8YToxOntpOjA7YToxOntzOjMzOiJUYWJsZXNfaW5fZ3Rmd19wdWJsaWMgKGd0ZndfbWVudSkiO3M6OToiZ3Rmd19tZW51Ijt9fW1lc3Nlbmdlcl9xdWV1ZXxzOjE0NjoiTzoxMjoiTWVzc2FnZVF1ZXVlIjozOntzOjMxOiIATWVzc2FnZVF1ZXVlAG1DdXJyZW50UmVxdWVzdElkIjtpOjQ3O3M6Mjg6IgBNZXNzYWdlUXVldWUAbU5leHRSZXF1ZXN0SWQiO2k6NDg7czoyMzoiAE1lc3NhZ2VRdWV1ZQBtTWVzc2FnZXMiO2E6MDp7fX0iO3N0YXJ0X2tleXxpOjEyMjQ2MjY4MDY7bXVsdF9rZXl8aTozNjUzOTg4NzU7YWRkX2tleXxpOjI5NjI2ODAxO2lzX2xvZ2dlZF9pbnxiOjE7dXNlcm5hbWV8czo1OiJhZG1pbiI7c2FsdHxpOjE2Njg1NTQyMTQ7bG9naW5fc2FsdHxpOjE2Njg1NTQyMTQ7ZGVzY3JpYmVfZ3Rmd19tb2R1bGV8czoxNTc0OiJbeyJGaWVsZCI6Ik1vZHVsZUlkIiwiVHlwZSI6ImJpZ2ludCgyMCkgdW5zaWduZWQiLCJOdWxsIjoiTk8iLCJLZXkiOiJQUkkiLCJEZWZhdWx0IjpudWxsLCJFeHRyYSI6ImF1dG9faW5jcmVtZW50In0seyJGaWVsZCI6Ik1vZHVsZSIsIlR5cGUiOiJ2YXJjaGFyKDEwMCkiLCJOdWxsIjoiTk8iLCJLZXkiOiIiLCJEZWZhdWx0IjoiIiwiRXh0cmEiOiIifSx7IkZpZWxkIjoiTGFiZWxNb2R1bGUiLCJUeXBlIjoidmFyY2hhcigxMDApIiwiTnVsbCI6Ik5PIiwiS2V5IjoiIiwiRGVmYXVsdCI6IiIsIkV4dHJhIjoiIn0seyJGaWVsZCI6IlN1Yk1vZHVsZSIsIlR5cGUiOiJ2YXJjaGFyKDEwMCkiLCJOdWxsIjoiTk8iLCJLZXkiOiIiLCJEZWZhdWx0IjoiIiwiRXh0cmEiOiIifSx7IkZpZWxkIjoiQWN0aW9uIiwiVHlwZSI6InZhcmNoYXIoMTAwKSIsIk51bGwiOiJZRVMiLCJLZXkiOiIiLCJEZWZhdWx0IjoidmlldyIsIkV4dHJhIjoiIn0seyJGaWVsZCI6IlR5cGUiLCJUeXBlIjoidmFyY2hhcigxMDApIiwiTnVsbCI6IllFUyIsIktleSI6IiIsIkRlZmF1bHQiOiJodG1sIiwiRXh0cmEiOiIifSx7IkZpZWxkIjoiRGVzY3JpcHRpb24iLCJUeXBlIjoidGV4dCIsIk51bGwiOiJZRVMiLCJLZXkiOiIiLCJEZWZhdWx0IjpudWxsLCJFeHRyYSI6IiJ9LHsiRmllbGQiOiJBY2Nlc3MiLCJUeXBlIjoiZW51bSgnQWxsJywnRXhjbHVzaXZlJykiLCJOdWxsIjoiTk8iLCJLZXkiOiIiLCJEZWZhdWx0IjoiRXhjbHVzaXZlIiwiRXh0cmEiOiIifSx7IkZpZWxkIjoiU2hvdyIsIlR5cGUiOiJlbnVtKCdZZXMnLCdObycpIiwiTnVsbCI6IllFUyIsIktleSI6IiIsIkRlZmF1bHQiOiJObyIsIkV4dHJhIjoiIn0seyJGaWVsZCI6Ikljb25QYXRoIiwiVHlwZSI6InZhcmNoYXIoMjU1KSIsIk51bGwiOiJZRVMiLCJLZXkiOiIiLCJEZWZhdWx0IjpudWxsLCJFeHRyYSI6IiJ9LHsiRmllbGQiOiJNZW51SWQiLCJUeXBlIjoiaW50KDYpIiwiTnVsbCI6IllFUyIsIktleSI6Ik1VTCIsIkRlZmF1bHQiOm51bGwsIkV4dHJhIjoiIn0seyJGaWVsZCI6IkFwcGxpY2F0aW9uSWQiLCJUeXBlIjoiYmlnaW50KDIwKSIsIk51bGwiOiJZRVMiLCJLZXkiOiJNVUwiLCJEZWZhdWx0IjpudWxsLCJFeHRyYSI6IiJ9LHsiRmllbGQiOiJNb2R1bGVQYXRoIiwiVHlwZSI6InZhcmNoYXIoMjU1KSIsIk51bGwiOiJZRVMiLCJLZXkiOiIiLCJEZWZhdWx0IjpudWxsLCJFeHRyYSI6IiJ9LHsiRmllbGQiOiJBa3NpSWQiLCJUeXBlIjoic21hbGxpbnQoNikiLCJOdWxsIjoiWUVTIiwiS2V5IjoiTVVMIiwiRGVmYXVsdCI6bnVsbCwiRXh0cmEiOiIifSx7IkZpZWxkIjoiTGFiZWxBa3NpIiwiVHlwZSI6InZhcmNoYXIoNTApIiwiTnVsbCI6IllFUyIsIktleSI6IiIsIkRlZmF1bHQiOm51bGwsIkV4dHJhIjoiIn0seyJGaWVsZCI6IkhpbnQiLCJUeXBlIjoidmFyY2hhcigxMDApIiwiTnVsbCI6IllFUyIsIktleSI6IiIsIkRlZmF1bHQiOm51bGwsIkV4dHJhIjoiIn0seyJGaWVsZCI6Ik5lZWRTc2wiLCJUeXBlIjoiZW51bSgnWWVzJywnTm8nKSIsIk51bGwiOiJZRVMiLCJLZXkiOiIiLCJEZWZhdWx0IjpudWxsLCJFeHRyYSI6IiJ9XSI7YWt0aXZlX3VzZXJfZ3JvdXBfaWR8czoyOiI2MyI7YWNjZXNzX21vZHVsZXxhOjM6e3M6MTE6Im1vZHVsZUNvdW50IjtzOjQ6IiIzMyIiO3M6NjoibW9kdWxlIjtzOjUzNzoieyJsb2dpbl9kZWZhdWx0bG9naW52aWV3aHRtbDIwMCI6IjAiLCJsb2dpbl9kZWZhdWx0bG9naW5kb2h0bWwyMDAiOiIwIiwiaG9tZWhvbWV2aWV3aHRtbDIwMCI6IjAiLCJoZWFkZXJoZWFkZXJ2aWV3aHRtbDIwMCI6IjAiLCJuYXZpZ2F0aW9ubmF2aWdhdGlvbnZpZXdodG1sMjAwIjoiMCIsIm1lbnVtZW51dmlld2h0bWwyMDAiOiIwIiwidGVzdFRlc3RWaWV3aHRtbDIwMCI6IjAiLCJndGZ3X21vZHVsZWd0ZndNb2R1bGV2aWV3aHRtbDIwMCI6IjAiLCJndGZ3X21vZHVsZWd0ZndTdWJNb2R1bGV2aWV3aHRtbDIwMCI6IjAiLCJjb21ib2JveGNvbWJvYm94dmlld2h0bWwyMDAiOiIwIiwiZ3Rmd19ncm91cEdyb3VwVmlld2h0bWwyMDAiOiIxNzc3IiwiZ3Rmd19ncm91cGlucHV0R3JvdXB2aWV3aHRtbDIwMCI6IjE3NzgiLCJndGZ3X2dyb3VwdXBkYXRlR3JvdXBkb2pzb24yMDAiOiIxNzc2IiwiZ3Rmd19ncm91cGdyb3Vwdmlld2h0bWwyMDAiOiIxNzc3IiwidGVzdGV4Y2Vsdmlld3hsczIwMCI6IjAiLCJ0ZXN0cGRmeHZpZXdwZGZ4MjAwIjoiMCJ9IjtzOjQ6InVzZXIiO3M6NzoiImFkbWluIiI7fQ==','2014-04-23 02:43:54'),('g9eejsnl1ufn830htlcf6u6ts5','ZmluZ2VycHJpbnR8czozMjoiZGVlMTI5NzY5MzNjNWIwOTFkZjAyMDdhYmNlNzE1MzMiO3RhYmxlX2d0ZndfY29uZmlnX2F2YWlsYWJsZXxhOjE6e2k6MDthOjE6e3M6MzU6IlRhYmxlc19pbl9ndGZ3X3B1YmxpYyAoZ3Rmd19jb25maWcpIjtzOjExOiJndGZ3X2NvbmZpZyI7fX1jaGVja19ndGZ3X21lbnVfdGFibGV8YToxOntpOjA7YToxOntzOjMzOiJUYWJsZXNfaW5fZ3Rmd19wdWJsaWMgKGd0ZndfbWVudSkiO3M6OToiZ3Rmd19tZW51Ijt9fW1lc3Nlbmdlcl9xdWV1ZXxzOjE0NDoiTzoxMjoiTWVzc2FnZVF1ZXVlIjozOntzOjMxOiIATWVzc2FnZVF1ZXVlAG1DdXJyZW50UmVxdWVzdElkIjtpOjE7czoyODoiAE1lc3NhZ2VRdWV1ZQBtTmV4dFJlcXVlc3RJZCI7aToyO3M6MjM6IgBNZXNzYWdlUXVldWUAbU1lc3NhZ2VzIjthOjA6e319IjtzdGFydF9rZXl8aTo0Mjc0ODE0Mjg7bXVsdF9rZXl8aTo4MjcxNTI5MzY7YWRkX2tleXxpOjEwNDMxMTIyODM7aXNfbG9nZ2VkX2lufGI6MDt1c2VybmFtZXxzOjY6Im5vYm9keSI7','2014-04-23 14:20:08'),('ulnvr8vhp9h90jdb60qp2vl4t0','ZmluZ2VycHJpbnR8czozMjoiNWIzNzI1ZGQ4YzZiZWNiODI3MWM1OTRkYmJhZDY2ODIiO3RhYmxlX2d0ZndfY29uZmlnX2F2YWlsYWJsZXxhOjE6e2k6MDthOjE6e3M6MzU6IlRhYmxlc19pbl9ndGZ3X3B1YmxpYyAoZ3Rmd19jb25maWcpIjtzOjExOiJndGZ3X2NvbmZpZyI7fX1jaGVja19ndGZ3X21lbnVfdGFibGV8YToxOntpOjA7YToxOntzOjMzOiJUYWJsZXNfaW5fZ3Rmd19wdWJsaWMgKGd0ZndfbWVudSkiO3M6OToiZ3Rmd19tZW51Ijt9fW1lc3Nlbmdlcl9xdWV1ZXxzOjE0NjoiTzoxMjoiTWVzc2FnZVF1ZXVlIjozOntzOjMxOiIATWVzc2FnZVF1ZXVlAG1DdXJyZW50UmVxdWVzdElkIjtpOjE5O3M6Mjg6IgBNZXNzYWdlUXVldWUAbU5leHRSZXF1ZXN0SWQiO2k6MjA7czoyMzoiAE1lc3NhZ2VRdWV1ZQBtTWVzc2FnZXMiO2E6MDp7fX0iO3N0YXJ0X2tleXxpOjIxMzc4ODg0Njg7bXVsdF9rZXl8aTozMTcyMDAwNzQ7YWRkX2tleXxpOjEwMDU1NzE1Njg7aXNfbG9nZ2VkX2lufGI6MTt1c2VybmFtZXxzOjU6ImFkbWluIjtzYWx0fGk6NDE1MDE3Njk7bG9naW5fc2FsdHxpOjQxNTAxNzY5O2Rlc2NyaWJlX2d0ZndfbW9kdWxlfHM6MTU3NDoiW3siRmllbGQiOiJNb2R1bGVJZCIsIlR5cGUiOiJiaWdpbnQoMjApIHVuc2lnbmVkIiwiTnVsbCI6Ik5PIiwiS2V5IjoiUFJJIiwiRGVmYXVsdCI6bnVsbCwiRXh0cmEiOiJhdXRvX2luY3JlbWVudCJ9LHsiRmllbGQiOiJNb2R1bGUiLCJUeXBlIjoidmFyY2hhcigxMDApIiwiTnVsbCI6Ik5PIiwiS2V5IjoiIiwiRGVmYXVsdCI6IiIsIkV4dHJhIjoiIn0seyJGaWVsZCI6IkxhYmVsTW9kdWxlIiwiVHlwZSI6InZhcmNoYXIoMTAwKSIsIk51bGwiOiJOTyIsIktleSI6IiIsIkRlZmF1bHQiOiIiLCJFeHRyYSI6IiJ9LHsiRmllbGQiOiJTdWJNb2R1bGUiLCJUeXBlIjoidmFyY2hhcigxMDApIiwiTnVsbCI6Ik5PIiwiS2V5IjoiIiwiRGVmYXVsdCI6IiIsIkV4dHJhIjoiIn0seyJGaWVsZCI6IkFjdGlvbiIsIlR5cGUiOiJ2YXJjaGFyKDEwMCkiLCJOdWxsIjoiWUVTIiwiS2V5IjoiIiwiRGVmYXVsdCI6InZpZXciLCJFeHRyYSI6IiJ9LHsiRmllbGQiOiJUeXBlIiwiVHlwZSI6InZhcmNoYXIoMTAwKSIsIk51bGwiOiJZRVMiLCJLZXkiOiIiLCJEZWZhdWx0IjoiaHRtbCIsIkV4dHJhIjoiIn0seyJGaWVsZCI6IkRlc2NyaXB0aW9uIiwiVHlwZSI6InRleHQiLCJOdWxsIjoiWUVTIiwiS2V5IjoiIiwiRGVmYXVsdCI6bnVsbCwiRXh0cmEiOiIifSx7IkZpZWxkIjoiQWNjZXNzIiwiVHlwZSI6ImVudW0oJ0FsbCcsJ0V4Y2x1c2l2ZScpIiwiTnVsbCI6Ik5PIiwiS2V5IjoiIiwiRGVmYXVsdCI6IkV4Y2x1c2l2ZSIsIkV4dHJhIjoiIn0seyJGaWVsZCI6IlNob3ciLCJUeXBlIjoiZW51bSgnWWVzJywnTm8nKSIsIk51bGwiOiJZRVMiLCJLZXkiOiIiLCJEZWZhdWx0IjoiTm8iLCJFeHRyYSI6IiJ9LHsiRmllbGQiOiJJY29uUGF0aCIsIlR5cGUiOiJ2YXJjaGFyKDI1NSkiLCJOdWxsIjoiWUVTIiwiS2V5IjoiIiwiRGVmYXVsdCI6bnVsbCwiRXh0cmEiOiIifSx7IkZpZWxkIjoiTWVudUlkIiwiVHlwZSI6ImludCg2KSIsIk51bGwiOiJZRVMiLCJLZXkiOiJNVUwiLCJEZWZhdWx0IjpudWxsLCJFeHRyYSI6IiJ9LHsiRmllbGQiOiJBcHBsaWNhdGlvbklkIiwiVHlwZSI6ImJpZ2ludCgyMCkiLCJOdWxsIjoiWUVTIiwiS2V5IjoiTVVMIiwiRGVmYXVsdCI6bnVsbCwiRXh0cmEiOiIifSx7IkZpZWxkIjoiTW9kdWxlUGF0aCIsIlR5cGUiOiJ2YXJjaGFyKDI1NSkiLCJOdWxsIjoiWUVTIiwiS2V5IjoiIiwiRGVmYXVsdCI6bnVsbCwiRXh0cmEiOiIifSx7IkZpZWxkIjoiQWtzaUlkIiwiVHlwZSI6InNtYWxsaW50KDYpIiwiTnVsbCI6IllFUyIsIktleSI6Ik1VTCIsIkRlZmF1bHQiOm51bGwsIkV4dHJhIjoiIn0seyJGaWVsZCI6IkxhYmVsQWtzaSIsIlR5cGUiOiJ2YXJjaGFyKDUwKSIsIk51bGwiOiJZRVMiLCJLZXkiOiIiLCJEZWZhdWx0IjpudWxsLCJFeHRyYSI6IiJ9LHsiRmllbGQiOiJIaW50IiwiVHlwZSI6InZhcmNoYXIoMTAwKSIsIk51bGwiOiJZRVMiLCJLZXkiOiIiLCJEZWZhdWx0IjpudWxsLCJFeHRyYSI6IiJ9LHsiRmllbGQiOiJOZWVkU3NsIiwiVHlwZSI6ImVudW0oJ1llcycsJ05vJykiLCJOdWxsIjoiWUVTIiwiS2V5IjoiIiwiRGVmYXVsdCI6bnVsbCwiRXh0cmEiOiIifV0iO2FrdGl2ZV91c2VyX2dyb3VwX2lkfHM6MjoiNjMiO2FjY2Vzc19tb2R1bGV8YTozOntzOjExOiJtb2R1bGVDb3VudCI7czo0OiIiMzMiIjtzOjY6Im1vZHVsZSI7czozMTM6InsibG9naW5fZGVmYXVsdGxvZ2ludmlld2h0bWwyMDAiOiI3NjIiLCJsb2dpbl9kZWZhdWx0bG9naW5kb2h0bWwyMDAiOiI3NTkiLCJob21laG9tZXZpZXdodG1sMjAwIjoiMCIsImhlYWRlcmhlYWRlcnZpZXdodG1sMjAwIjoiMCIsIm5hdmlnYXRpb25uYXZpZ2F0aW9udmlld2h0bWwyMDAiOiIwIiwibWVudW1lbnV2aWV3aHRtbDIwMCI6IjAiLCJ0ZXN0VGVzdFZpZXdodG1sMjAwIjoiMCIsInRlc3RleGNlbHZpZXd4bHMyMDAiOiIwIiwiZ3Rmd19tZW51TWVudVZpZXdodG1sMjAwIjoiMTc5MyIsInBhZ2luZ3BhZ2luZ3ZpZXdodG1sMjAwIjoiNzY1In0iO3M6NDoidXNlciI7czo3OiIiYWRtaW4iIjt9','2014-05-02 06:53:38'),('g2ka218jmg29ofr5t1qtmlp6o3','dGFibGVfZ3Rmd19jb25maWdfYXZhaWxhYmxlfGE6MTp7aTowO2E6MTp7czozNToiVGFibGVzX2luX2d0ZndfcHVibGljIChndGZ3X2NvbmZpZykiO3M6MTE6Imd0ZndfY29uZmlnIjt9fWNoZWNrX2d0ZndfbWVudV90YWJsZXxhOjE6e2k6MDthOjE6e3M6MzM6IlRhYmxlc19pbl9ndGZ3X3B1YmxpYyAoZ3Rmd19tZW51KSI7czo5OiJndGZ3X21lbnUiO319bWVzc2VuZ2VyX3F1ZXVlfHM6MTQ4OiJPOjEyOiJNZXNzYWdlUXVldWUiOjM6e3M6MzE6IgBNZXNzYWdlUXVldWUAbUN1cnJlbnRSZXF1ZXN0SWQiO2k6MTQ4O3M6Mjg6IgBNZXNzYWdlUXVldWUAbU5leHRSZXF1ZXN0SWQiO2k6MTQ5O3M6MjM6IgBNZXNzYWdlUXVldWUAbU1lc3NhZ2VzIjthOjA6e319IjtzdGFydF9rZXl8aTo4Mzk4MjU5MDttdWx0X2tleXxpOjEyMTk0MDIzMDQ7YWRkX2tleXxpOjEyNzU5NTExNDQ7aXNfbG9nZ2VkX2lufGI6MTt1c2VybmFtZXxzOjU6ImFkbWluIjtzYWx0fGk6MjY2MDk4NTgzO2xvZ2luX3NhbHR8aToyNjYwOTg1ODM7ZGVzY3JpYmVfZ3Rmd19tb2R1bGV8czoxNTc0OiJbeyJGaWVsZCI6Ik1vZHVsZUlkIiwiVHlwZSI6ImJpZ2ludCgyMCkgdW5zaWduZWQiLCJOdWxsIjoiTk8iLCJLZXkiOiJQUkkiLCJEZWZhdWx0IjpudWxsLCJFeHRyYSI6ImF1dG9faW5jcmVtZW50In0seyJGaWVsZCI6Ik1vZHVsZSIsIlR5cGUiOiJ2YXJjaGFyKDEwMCkiLCJOdWxsIjoiTk8iLCJLZXkiOiIiLCJEZWZhdWx0IjoiIiwiRXh0cmEiOiIifSx7IkZpZWxkIjoiTGFiZWxNb2R1bGUiLCJUeXBlIjoidmFyY2hhcigxMDApIiwiTnVsbCI6Ik5PIiwiS2V5IjoiIiwiRGVmYXVsdCI6IiIsIkV4dHJhIjoiIn0seyJGaWVsZCI6IlN1Yk1vZHVsZSIsIlR5cGUiOiJ2YXJjaGFyKDEwMCkiLCJOdWxsIjoiTk8iLCJLZXkiOiIiLCJEZWZhdWx0IjoiIiwiRXh0cmEiOiIifSx7IkZpZWxkIjoiQWN0aW9uIiwiVHlwZSI6InZhcmNoYXIoMTAwKSIsIk51bGwiOiJZRVMiLCJLZXkiOiIiLCJEZWZhdWx0IjoidmlldyIsIkV4dHJhIjoiIn0seyJGaWVsZCI6IlR5cGUiLCJUeXBlIjoidmFyY2hhcigxMDApIiwiTnVsbCI6IllFUyIsIktleSI6IiIsIkRlZmF1bHQiOiJodG1sIiwiRXh0cmEiOiIifSx7IkZpZWxkIjoiRGVzY3JpcHRpb24iLCJUeXBlIjoidGV4dCIsIk51bGwiOiJZRVMiLCJLZXkiOiIiLCJEZWZhdWx0IjpudWxsLCJFeHRyYSI6IiJ9LHsiRmllbGQiOiJBY2Nlc3MiLCJUeXBlIjoiZW51bSgnQWxsJywnRXhjbHVzaXZlJykiLCJOdWxsIjoiTk8iLCJLZXkiOiIiLCJEZWZhdWx0IjoiRXhjbHVzaXZlIiwiRXh0cmEiOiIifSx7IkZpZWxkIjoiU2hvdyIsIlR5cGUiOiJlbnVtKCdZZXMnLCdObycpIiwiTnVsbCI6IllFUyIsIktleSI6IiIsIkRlZmF1bHQiOiJObyIsIkV4dHJhIjoiIn0seyJGaWVsZCI6Ikljb25QYXRoIiwiVHlwZSI6InZhcmNoYXIoMjU1KSIsIk51bGwiOiJZRVMiLCJLZXkiOiIiLCJEZWZhdWx0IjpudWxsLCJFeHRyYSI6IiJ9LHsiRmllbGQiOiJNZW51SWQiLCJUeXBlIjoiaW50KDYpIiwiTnVsbCI6IllFUyIsIktleSI6Ik1VTCIsIkRlZmF1bHQiOm51bGwsIkV4dHJhIjoiIn0seyJGaWVsZCI6IkFwcGxpY2F0aW9uSWQiLCJUeXBlIjoiYmlnaW50KDIwKSIsIk51bGwiOiJZRVMiLCJLZXkiOiJNVUwiLCJEZWZhdWx0IjpudWxsLCJFeHRyYSI6IiJ9LHsiRmllbGQiOiJNb2R1bGVQYXRoIiwiVHlwZSI6InZhcmNoYXIoMjU1KSIsIk51bGwiOiJZRVMiLCJLZXkiOiIiLCJEZWZhdWx0IjpudWxsLCJFeHRyYSI6IiJ9LHsiRmllbGQiOiJBa3NpSWQiLCJUeXBlIjoic21hbGxpbnQoNikiLCJOdWxsIjoiWUVTIiwiS2V5IjoiTVVMIiwiRGVmYXVsdCI6bnVsbCwiRXh0cmEiOiIifSx7IkZpZWxkIjoiTGFiZWxBa3NpIiwiVHlwZSI6InZhcmNoYXIoNTApIiwiTnVsbCI6IllFUyIsIktleSI6IiIsIkRlZmF1bHQiOm51bGwsIkV4dHJhIjoiIn0seyJGaWVsZCI6IkhpbnQiLCJUeXBlIjoidmFyY2hhcigxMDApIiwiTnVsbCI6IllFUyIsIktleSI6IiIsIkRlZmF1bHQiOm51bGwsIkV4dHJhIjoiIn0seyJGaWVsZCI6Ik5lZWRTc2wiLCJUeXBlIjoiZW51bSgnWWVzJywnTm8nKSIsIk51bGwiOiJZRVMiLCJLZXkiOiIiLCJEZWZhdWx0IjpudWxsLCJFeHRyYSI6IiJ9XSI7YWt0aXZlX3VzZXJfZ3JvdXBfaWR8czoyOiI2MyI7YWNjZXNzX21vZHVsZXxhOjM6e3M6MTE6Im1vZHVsZUNvdW50IjtzOjQ6IiIzMyIiO3M6NjoibW9kdWxlIjtzOjUxOToieyJsb2dpbl9kZWZhdWx0bG9naW52aWV3aHRtbDIwMCI6Ijc2MiIsImxvZ2luX2RlZmF1bHRsb2dpbmRvaHRtbDIwMCI6Ijc1OSIsImhvbWVob21ldmlld2h0bWwyMDAiOiIwIiwibmF2aWdhdGlvbm5hdmlnYXRpb252aWV3aHRtbDIwMCI6IjEyNTgiLCJtZW51bWVudXZpZXdodG1sMjAwIjoiMCIsInRlc3RUZXN0Vmlld2h0bWwyMDAiOiIwIiwiZ3Rmd19tZW51TWVudVZpZXdodG1sMjAwIjoiMCIsImd0ZndfZ3JvdXBHcm91cFZpZXdodG1sMjAwIjoiMCIsInBhZ2luZ3BhZ2luZ3ZpZXdodG1sMjAwIjoiMCIsImd0ZndfdXNlclVzZXJWaWV3aHRtbDIwMCI6IjAiLCJndGZ3X21vZHVsZWd0ZndNb2R1bGV2aWV3aHRtbDIwMCI6IjAiLCJndGZ3X21lbnVkZXRhaWx2aWV3aHRtbDIwMCI6IjAiLCJndGZ3X21lbnV1cGRhdGV2aWV3aHRtbDIwMCI6IjAiLCJjb21ib2JveGNvbWJvYm94dmlld2h0bWwyMDAiOiIwIiwiZ3Rmd19tZW51bWVudXZpZXdodG1sMjAwIjoiMCIsImd0ZndfbWVudWFkZHZpZXdodG1sMjAwIjoiMCJ9IjtzOjQ6InVzZXIiO3M6NzoiImFkbWluIiI7fQ==','2014-05-16 04:29:59'),('7qm6r10sppiakp497g9tgtrdn6','dGFibGVfZ3Rmd19jb25maWdfYXZhaWxhYmxlfGE6MTp7aTowO2E6MTp7czozNToiVGFibGVzX2luX2d0ZndfcHVibGljIChndGZ3X2NvbmZpZykiO3M6MTE6Imd0ZndfY29uZmlnIjt9fWNoZWNrX2d0ZndfbWVudV90YWJsZXxhOjE6e2k6MDthOjE6e3M6MzM6IlRhYmxlc19pbl9ndGZ3X3B1YmxpYyAoZ3Rmd19tZW51KSI7czo5OiJndGZ3X21lbnUiO319bWVzc2VuZ2VyX3F1ZXVlfHM6MTQ0OiJPOjEyOiJNZXNzYWdlUXVldWUiOjM6e3M6MzE6IgBNZXNzYWdlUXVldWUAbUN1cnJlbnRSZXF1ZXN0SWQiO2k6MTtzOjI4OiIATWVzc2FnZVF1ZXVlAG1OZXh0UmVxdWVzdElkIjtpOjI7czoyMzoiAE1lc3NhZ2VRdWV1ZQBtTWVzc2FnZXMiO2E6MDp7fX0iO3N0YXJ0X2tleXxpOjE4NDU2MDk4ODI7bXVsdF9rZXl8aToyMDg2MTA1Mzc1O2FkZF9rZXl8aToxNjg1MDk0OTk2O2lzX2xvZ2dlZF9pbnxiOjA7dXNlcm5hbWV8czo2OiJub2JvZHkiO2FjY2Vzc19tb2R1bGV8YToyOntzOjY6Im1vZHVsZSI7czozOToieyJsb2dpbl9kZWZhdWx0bG9naW52aWV3aHRtbDIwMCI6Ijc2MiJ9IjtzOjQ6InVzZXIiO3M6ODoiIm5vYm9keSIiO31zYWx0fGk6MjExNjQwNjI3MDtsb2dpbl9zYWx0fGk6MjExNjQwNjI3MDtkZXNjcmliZV9ndGZ3X21vZHVsZXxzOjE1NzQ6Ilt7IkZpZWxkIjoiTW9kdWxlSWQiLCJUeXBlIjoiYmlnaW50KDIwKSB1bnNpZ25lZCIsIk51bGwiOiJOTyIsIktleSI6IlBSSSIsIkRlZmF1bHQiOm51bGwsIkV4dHJhIjoiYXV0b19pbmNyZW1lbnQifSx7IkZpZWxkIjoiTW9kdWxlIiwiVHlwZSI6InZhcmNoYXIoMTAwKSIsIk51bGwiOiJOTyIsIktleSI6IiIsIkRlZmF1bHQiOiIiLCJFeHRyYSI6IiJ9LHsiRmllbGQiOiJMYWJlbE1vZHVsZSIsIlR5cGUiOiJ2YXJjaGFyKDEwMCkiLCJOdWxsIjoiTk8iLCJLZXkiOiIiLCJEZWZhdWx0IjoiIiwiRXh0cmEiOiIifSx7IkZpZWxkIjoiU3ViTW9kdWxlIiwiVHlwZSI6InZhcmNoYXIoMTAwKSIsIk51bGwiOiJOTyIsIktleSI6IiIsIkRlZmF1bHQiOiIiLCJFeHRyYSI6IiJ9LHsiRmllbGQiOiJBY3Rpb24iLCJUeXBlIjoidmFyY2hhcigxMDApIiwiTnVsbCI6IllFUyIsIktleSI6IiIsIkRlZmF1bHQiOiJ2aWV3IiwiRXh0cmEiOiIifSx7IkZpZWxkIjoiVHlwZSIsIlR5cGUiOiJ2YXJjaGFyKDEwMCkiLCJOdWxsIjoiWUVTIiwiS2V5IjoiIiwiRGVmYXVsdCI6Imh0bWwiLCJFeHRyYSI6IiJ9LHsiRmllbGQiOiJEZXNjcmlwdGlvbiIsIlR5cGUiOiJ0ZXh0IiwiTnVsbCI6IllFUyIsIktleSI6IiIsIkRlZmF1bHQiOm51bGwsIkV4dHJhIjoiIn0seyJGaWVsZCI6IkFjY2VzcyIsIlR5cGUiOiJlbnVtKCdBbGwnLCdFeGNsdXNpdmUnKSIsIk51bGwiOiJOTyIsIktleSI6IiIsIkRlZmF1bHQiOiJFeGNsdXNpdmUiLCJFeHRyYSI6IiJ9LHsiRmllbGQiOiJTaG93IiwiVHlwZSI6ImVudW0oJ1llcycsJ05vJykiLCJOdWxsIjoiWUVTIiwiS2V5IjoiIiwiRGVmYXVsdCI6Ik5vIiwiRXh0cmEiOiIifSx7IkZpZWxkIjoiSWNvblBhdGgiLCJUeXBlIjoidmFyY2hhcigyNTUpIiwiTnVsbCI6IllFUyIsIktleSI6IiIsIkRlZmF1bHQiOm51bGwsIkV4dHJhIjoiIn0seyJGaWVsZCI6Ik1lbnVJZCIsIlR5cGUiOiJpbnQoNikiLCJOdWxsIjoiWUVTIiwiS2V5IjoiTVVMIiwiRGVmYXVsdCI6bnVsbCwiRXh0cmEiOiIifSx7IkZpZWxkIjoiQXBwbGljYXRpb25JZCIsIlR5cGUiOiJiaWdpbnQoMjApIiwiTnVsbCI6IllFUyIsIktleSI6Ik1VTCIsIkRlZmF1bHQiOm51bGwsIkV4dHJhIjoiIn0seyJGaWVsZCI6Ik1vZHVsZVBhdGgiLCJUeXBlIjoidmFyY2hhcigyNTUpIiwiTnVsbCI6IllFUyIsIktleSI6IiIsIkRlZmF1bHQiOm51bGwsIkV4dHJhIjoiIn0seyJGaWVsZCI6IkFrc2lJZCIsIlR5cGUiOiJzbWFsbGludCg2KSIsIk51bGwiOiJZRVMiLCJLZXkiOiJNVUwiLCJEZWZhdWx0IjpudWxsLCJFeHRyYSI6IiJ9LHsiRmllbGQiOiJMYWJlbEFrc2kiLCJUeXBlIjoidmFyY2hhcig1MCkiLCJOdWxsIjoiWUVTIiwiS2V5IjoiIiwiRGVmYXVsdCI6bnVsbCwiRXh0cmEiOiIifSx7IkZpZWxkIjoiSGludCIsIlR5cGUiOiJ2YXJjaGFyKDEwMCkiLCJOdWxsIjoiWUVTIiwiS2V5IjoiIiwiRGVmYXVsdCI6bnVsbCwiRXh0cmEiOiIifSx7IkZpZWxkIjoiTmVlZFNzbCIsIlR5cGUiOiJlbnVtKCdZZXMnLCdObycpIiwiTnVsbCI6IllFUyIsIktleSI6IiIsIkRlZmF1bHQiOm51bGwsIkV4dHJhIjoiIn1dIjs=','2014-05-16 08:31:00'),('025957h5p9uicigt2pl07h0mp3','dGFibGVfZ3Rmd19jb25maWdfYXZhaWxhYmxlfGE6MTp7aTowO2E6MTp7czozNToiVGFibGVzX2luX2d0ZndfcHVibGljIChndGZ3X2NvbmZpZykiO3M6MTE6Imd0ZndfY29uZmlnIjt9fWNoZWNrX2d0ZndfbWVudV90YWJsZXxhOjE6e2k6MDthOjE6e3M6MzM6IlRhYmxlc19pbl9ndGZ3X3B1YmxpYyAoZ3Rmd19tZW51KSI7czo5OiJndGZ3X21lbnUiO319bWVzc2VuZ2VyX3F1ZXVlfHM6NDI5OiJPOjEyOiJNZXNzYWdlUXVldWUiOjM6e3M6MzE6IgBNZXNzYWdlUXVldWUAbUN1cnJlbnRSZXF1ZXN0SWQiO2k6MjU7czoyODoiAE1lc3NhZ2VRdWV1ZQBtTmV4dFJlcXVlc3RJZCI7aToyNjtzOjIzOiIATWVzc2FnZVF1ZXVlAG1NZXNzYWdlcyI7YToxOntzOjgyOiIvbWVkaWEvd3d3L3d3dy9yaXNldC9hcHBfcHVibGljL21vZHVsZS9ndGZ3X21lbnUvcmVzcG9uc2UvVmlld01lbnUuaHRtbC5jbGFzcy5waHBfIjthOjE6e2k6MTtPOjc6Ik1lc3NhZ2UiOjM6e3M6MTk6IgBNZXNzYWdlAG1SZXF1ZXN0SWQiO2k6MDtzOjE3OiIATWVzc2FnZQBtTWVzc2FnZSI7YToxOntpOjA7YTo0OntzOjQ6InBhZ2UiO2k6MTtzOjc6ImRpc3BsYXkiO2k6NTtzOjU6InN0YXJ0IjtpOjA7czo0OiJuYW1lIjtzOjE6ImEiO319czoxMzoiAE1lc3NhZ2UAbU9sZCI7YjowO319fX0iO3N0YXJ0X2tleXxpOjE5ODkzNDI3NjttdWx0X2tleXxpOjk1NTk3NjI5ODthZGRfa2V5fGk6MjEyNzE4OTQyMjtpc19sb2dnZWRfaW58YjoxO3VzZXJuYW1lfHM6NToiYWRtaW4iO3NhbHR8aToxNDM3NDM2OTUwO2xvZ2luX3NhbHR8aToxNDM3NDM2OTUwO2Rlc2NyaWJlX2d0ZndfbW9kdWxlfHM6MTU3NDoiW3siRmllbGQiOiJNb2R1bGVJZCIsIlR5cGUiOiJiaWdpbnQoMjApIHVuc2lnbmVkIiwiTnVsbCI6Ik5PIiwiS2V5IjoiUFJJIiwiRGVmYXVsdCI6bnVsbCwiRXh0cmEiOiJhdXRvX2luY3JlbWVudCJ9LHsiRmllbGQiOiJNb2R1bGUiLCJUeXBlIjoidmFyY2hhcigxMDApIiwiTnVsbCI6Ik5PIiwiS2V5IjoiIiwiRGVmYXVsdCI6IiIsIkV4dHJhIjoiIn0seyJGaWVsZCI6IkxhYmVsTW9kdWxlIiwiVHlwZSI6InZhcmNoYXIoMTAwKSIsIk51bGwiOiJOTyIsIktleSI6IiIsIkRlZmF1bHQiOiIiLCJFeHRyYSI6IiJ9LHsiRmllbGQiOiJTdWJNb2R1bGUiLCJUeXBlIjoidmFyY2hhcigxMDApIiwiTnVsbCI6Ik5PIiwiS2V5IjoiIiwiRGVmYXVsdCI6IiIsIkV4dHJhIjoiIn0seyJGaWVsZCI6IkFjdGlvbiIsIlR5cGUiOiJ2YXJjaGFyKDEwMCkiLCJOdWxsIjoiWUVTIiwiS2V5IjoiIiwiRGVmYXVsdCI6InZpZXciLCJFeHRyYSI6IiJ9LHsiRmllbGQiOiJUeXBlIiwiVHlwZSI6InZhcmNoYXIoMTAwKSIsIk51bGwiOiJZRVMiLCJLZXkiOiIiLCJEZWZhdWx0IjoiaHRtbCIsIkV4dHJhIjoiIn0seyJGaWVsZCI6IkRlc2NyaXB0aW9uIiwiVHlwZSI6InRleHQiLCJOdWxsIjoiWUVTIiwiS2V5IjoiIiwiRGVmYXVsdCI6bnVsbCwiRXh0cmEiOiIifSx7IkZpZWxkIjoiQWNjZXNzIiwiVHlwZSI6ImVudW0oJ0FsbCcsJ0V4Y2x1c2l2ZScpIiwiTnVsbCI6Ik5PIiwiS2V5IjoiIiwiRGVmYXVsdCI6IkV4Y2x1c2l2ZSIsIkV4dHJhIjoiIn0seyJGaWVsZCI6IlNob3ciLCJUeXBlIjoiZW51bSgnWWVzJywnTm8nKSIsIk51bGwiOiJZRVMiLCJLZXkiOiIiLCJEZWZhdWx0IjoiTm8iLCJFeHRyYSI6IiJ9LHsiRmllbGQiOiJJY29uUGF0aCIsIlR5cGUiOiJ2YXJjaGFyKDI1NSkiLCJOdWxsIjoiWUVTIiwiS2V5IjoiIiwiRGVmYXVsdCI6bnVsbCwiRXh0cmEiOiIifSx7IkZpZWxkIjoiTWVudUlkIiwiVHlwZSI6ImludCg2KSIsIk51bGwiOiJZRVMiLCJLZXkiOiJNVUwiLCJEZWZhdWx0IjpudWxsLCJFeHRyYSI6IiJ9LHsiRmllbGQiOiJBcHBsaWNhdGlvbklkIiwiVHlwZSI6ImJpZ2ludCgyMCkiLCJOdWxsIjoiWUVTIiwiS2V5IjoiTVVMIiwiRGVmYXVsdCI6bnVsbCwiRXh0cmEiOiIifSx7IkZpZWxkIjoiTW9kdWxlUGF0aCIsIlR5cGUiOiJ2YXJjaGFyKDI1NSkiLCJOdWxsIjoiWUVTIiwiS2V5IjoiIiwiRGVmYXVsdCI6bnVsbCwiRXh0cmEiOiIifSx7IkZpZWxkIjoiQWtzaUlkIiwiVHlwZSI6InNtYWxsaW50KDYpIiwiTnVsbCI6IllFUyIsIktleSI6Ik1VTCIsIkRlZmF1bHQiOm51bGwsIkV4dHJhIjoiIn0seyJGaWVsZCI6IkxhYmVsQWtzaSIsIlR5cGUiOiJ2YXJjaGFyKDUwKSIsIk51bGwiOiJZRVMiLCJLZXkiOiIiLCJEZWZhdWx0IjpudWxsLCJFeHRyYSI6IiJ9LHsiRmllbGQiOiJIaW50IiwiVHlwZSI6InZhcmNoYXIoMTAwKSIsIk51bGwiOiJZRVMiLCJLZXkiOiIiLCJEZWZhdWx0IjpudWxsLCJFeHRyYSI6IiJ9LHsiRmllbGQiOiJOZWVkU3NsIiwiVHlwZSI6ImVudW0oJ1llcycsJ05vJykiLCJOdWxsIjoiWUVTIiwiS2V5IjoiIiwiRGVmYXVsdCI6bnVsbCwiRXh0cmEiOiIifV0iO2FrdGl2ZV91c2VyX2dyb3VwX2lkfHM6MjoiNjMiO2FjY2Vzc19tb2R1bGV8YTozOntzOjExOiJtb2R1bGVDb3VudCI7czo0OiIiMzMiIjtzOjY6Im1vZHVsZSI7czozODE6InsibG9naW5fZGVmYXVsdGxvZ2ludmlld2h0bWwyMDAiOiI3NjIiLCJsb2dpbl9kZWZhdWx0bG9naW5kb2h0bWwyMDAiOiI3NTkiLCJob21laG9tZXZpZXdodG1sMjAwIjoiMCIsIm1lbnVtZW51dmlld2h0bWwyMDAiOiIwIiwiZ3Rmd19tZW51TWVudVZpZXdodG1sMjAwIjoiMCIsInBhZ2luZ3BhZ2luZ3ZpZXdodG1sMjAwIjoiMCIsInRlc3RUZXN0Vmlld2h0bWwyMDAiOiIwIiwiZ3Rmd19ncm91cEdyb3VwVmlld2h0bWwyMDAiOiIxNzc3IiwiZ3Rmd19tZW51YWRkdmlld2h0bWwyMDAiOiIwIiwiY29tYm9ib3hjb21ib2JveHZpZXdodG1sMjAwIjoiMCIsImd0ZndfbWVudW1lbnV2aWV3aHRtbDIwMCI6IjAiLCJndGZ3X21lbnVkZXRhaWx2aWV3aHRtbDIwMCI6IjE3OTUifSI7czo0OiJ1c2VyIjtzOjc6IiJhZG1pbiIiO30=','2014-05-16 09:09:44'),('didrumvfv7t5gr0jkjao3ugau6','dGFibGVfZ3Rmd19jb25maWdfYXZhaWxhYmxlfGE6MTp7aTowO2E6MTp7czozNToiVGFibGVzX2luX2d0ZndfcHVibGljIChndGZ3X2NvbmZpZykiO3M6MTE6Imd0ZndfY29uZmlnIjt9fWNoZWNrX2d0ZndfbWVudV90YWJsZXxhOjE6e2k6MDthOjE6e3M6MzM6IlRhYmxlc19pbl9ndGZ3X3B1YmxpYyAoZ3Rmd19tZW51KSI7czo5OiJndGZ3X21lbnUiO319bWVzc2VuZ2VyX3F1ZXVlfHM6MTQ0OiJPOjEyOiJNZXNzYWdlUXVldWUiOjM6e3M6MzE6IgBNZXNzYWdlUXVldWUAbUN1cnJlbnRSZXF1ZXN0SWQiO2k6MTtzOjI4OiIATWVzc2FnZVF1ZXVlAG1OZXh0UmVxdWVzdElkIjtpOjI7czoyMzoiAE1lc3NhZ2VRdWV1ZQBtTWVzc2FnZXMiO2E6MDp7fX0iO3N0YXJ0X2tleXxpOjEzOTg2MTkyMzA7bXVsdF9rZXl8aTo5ODU5OTc5NzE7YWRkX2tleXxpOjE1OTg2MDIxNzY7aXNfbG9nZ2VkX2lufGI6MDt1c2VybmFtZXxzOjY6Im5vYm9keSI7YWNjZXNzX21vZHVsZXxhOjI6e3M6NjoibW9kdWxlIjtzOjU3OiJ7ImhvbWVob21ldmlld2h0bWwyMDAiOiI3NTciLCJtZW51bWVudXZpZXdodG1sMjAwIjoiNzYzIn0iO3M6NDoidXNlciI7czo4OiIibm9ib2R5IiI7fWRlc2NyaWJlX2d0ZndfbW9kdWxlfHM6MTU3NDoiW3siRmllbGQiOiJNb2R1bGVJZCIsIlR5cGUiOiJiaWdpbnQoMjApIHVuc2lnbmVkIiwiTnVsbCI6Ik5PIiwiS2V5IjoiUFJJIiwiRGVmYXVsdCI6bnVsbCwiRXh0cmEiOiJhdXRvX2luY3JlbWVudCJ9LHsiRmllbGQiOiJNb2R1bGUiLCJUeXBlIjoidmFyY2hhcigxMDApIiwiTnVsbCI6Ik5PIiwiS2V5IjoiIiwiRGVmYXVsdCI6IiIsIkV4dHJhIjoiIn0seyJGaWVsZCI6IkxhYmVsTW9kdWxlIiwiVHlwZSI6InZhcmNoYXIoMTAwKSIsIk51bGwiOiJOTyIsIktleSI6IiIsIkRlZmF1bHQiOiIiLCJFeHRyYSI6IiJ9LHsiRmllbGQiOiJTdWJNb2R1bGUiLCJUeXBlIjoidmFyY2hhcigxMDApIiwiTnVsbCI6Ik5PIiwiS2V5IjoiIiwiRGVmYXVsdCI6IiIsIkV4dHJhIjoiIn0seyJGaWVsZCI6IkFjdGlvbiIsIlR5cGUiOiJ2YXJjaGFyKDEwMCkiLCJOdWxsIjoiWUVTIiwiS2V5IjoiIiwiRGVmYXVsdCI6InZpZXciLCJFeHRyYSI6IiJ9LHsiRmllbGQiOiJUeXBlIiwiVHlwZSI6InZhcmNoYXIoMTAwKSIsIk51bGwiOiJZRVMiLCJLZXkiOiIiLCJEZWZhdWx0IjoiaHRtbCIsIkV4dHJhIjoiIn0seyJGaWVsZCI6IkRlc2NyaXB0aW9uIiwiVHlwZSI6InRleHQiLCJOdWxsIjoiWUVTIiwiS2V5IjoiIiwiRGVmYXVsdCI6bnVsbCwiRXh0cmEiOiIifSx7IkZpZWxkIjoiQWNjZXNzIiwiVHlwZSI6ImVudW0oJ0FsbCcsJ0V4Y2x1c2l2ZScpIiwiTnVsbCI6Ik5PIiwiS2V5IjoiIiwiRGVmYXVsdCI6IkV4Y2x1c2l2ZSIsIkV4dHJhIjoiIn0seyJGaWVsZCI6IlNob3ciLCJUeXBlIjoiZW51bSgnWWVzJywnTm8nKSIsIk51bGwiOiJZRVMiLCJLZXkiOiIiLCJEZWZhdWx0IjoiTm8iLCJFeHRyYSI6IiJ9LHsiRmllbGQiOiJJY29uUGF0aCIsIlR5cGUiOiJ2YXJjaGFyKDI1NSkiLCJOdWxsIjoiWUVTIiwiS2V5IjoiIiwiRGVmYXVsdCI6bnVsbCwiRXh0cmEiOiIifSx7IkZpZWxkIjoiTWVudUlkIiwiVHlwZSI6ImludCg2KSIsIk51bGwiOiJZRVMiLCJLZXkiOiJNVUwiLCJEZWZhdWx0IjpudWxsLCJFeHRyYSI6IiJ9LHsiRmllbGQiOiJBcHBsaWNhdGlvbklkIiwiVHlwZSI6ImJpZ2ludCgyMCkiLCJOdWxsIjoiWUVTIiwiS2V5IjoiTVVMIiwiRGVmYXVsdCI6bnVsbCwiRXh0cmEiOiIifSx7IkZpZWxkIjoiTW9kdWxlUGF0aCIsIlR5cGUiOiJ2YXJjaGFyKDI1NSkiLCJOdWxsIjoiWUVTIiwiS2V5IjoiIiwiRGVmYXVsdCI6bnVsbCwiRXh0cmEiOiIifSx7IkZpZWxkIjoiQWtzaUlkIiwiVHlwZSI6InNtYWxsaW50KDYpIiwiTnVsbCI6IllFUyIsIktleSI6Ik1VTCIsIkRlZmF1bHQiOm51bGwsIkV4dHJhIjoiIn0seyJGaWVsZCI6IkxhYmVsQWtzaSIsIlR5cGUiOiJ2YXJjaGFyKDUwKSIsIk51bGwiOiJZRVMiLCJLZXkiOiIiLCJEZWZhdWx0IjpudWxsLCJFeHRyYSI6IiJ9LHsiRmllbGQiOiJIaW50IiwiVHlwZSI6InZhcmNoYXIoMTAwKSIsIk51bGwiOiJZRVMiLCJLZXkiOiIiLCJEZWZhdWx0IjpudWxsLCJFeHRyYSI6IiJ9LHsiRmllbGQiOiJOZWVkU3NsIiwiVHlwZSI6ImVudW0oJ1llcycsJ05vJykiLCJOdWxsIjoiWUVTIiwiS2V5IjoiIiwiRGVmYXVsdCI6bnVsbCwiRXh0cmEiOiIifV0iOw==','2014-05-19 04:10:29'),('cj7qehkqs0j9n3321ki7c9bml7','dGFibGVfZ3Rmd19jb25maWdfYXZhaWxhYmxlfGE6MTp7aTowO2E6MTp7czozNToiVGFibGVzX2luX2d0ZndfcHVibGljIChndGZ3X2NvbmZpZykiO3M6MTE6Imd0ZndfY29uZmlnIjt9fWNoZWNrX2d0ZndfbWVudV90YWJsZXxhOjE6e2k6MDthOjE6e3M6MzM6IlRhYmxlc19pbl9ndGZ3X3B1YmxpYyAoZ3Rmd19tZW51KSI7czo5OiJndGZ3X21lbnUiO319bWVzc2VuZ2VyX3F1ZXVlfHM6NDA4OiJPOjEyOiJNZXNzYWdlUXVldWUiOjM6e3M6MzE6IgBNZXNzYWdlUXVldWUAbUN1cnJlbnRSZXF1ZXN0SWQiO2k6NjtzOjI4OiIATWVzc2FnZVF1ZXVlAG1OZXh0UmVxdWVzdElkIjtpOjc7czoyMzoiAE1lc3NhZ2VRdWV1ZQBtTWVzc2FnZXMiO2E6MTp7czo4MjoiL21lZGlhL3d3dy93d3cvcmlzZXQvYXBwX3B1YmxpYy9tb2R1bGUvZ3Rmd19tZW51L3Jlc3BvbnNlL1ZpZXdNZW51Lmh0bWwuY2xhc3MucGhwXyI7YToxOntpOjA7Tzo3OiJNZXNzYWdlIjozOntzOjE5OiIATWVzc2FnZQBtUmVxdWVzdElkIjtpOjA7czoxNzoiAE1lc3NhZ2UAbU1lc3NhZ2UiO2E6MTp7aTowO2E6Mzp7czo0OiJwYWdlIjtpOjE7czo3OiJkaXNwbGF5IjtpOjU7czo1OiJzdGFydCI7aTowO319czoxMzoiAE1lc3NhZ2UAbU9sZCI7YjowO319fX0iO3N0YXJ0X2tleXxpOjE0Mzg4NDEzNzU7bXVsdF9rZXl8aTo0NzQ0ODM4ODQ7YWRkX2tleXxpOjkzMzczMDYyO2lzX2xvZ2dlZF9pbnxiOjE7dXNlcm5hbWV8czo1OiJhZG1pbiI7c2FsdHxpOjcwNDkyMTU1Nztsb2dpbl9zYWx0fGk6NzA0OTIxNTU3O2Rlc2NyaWJlX2d0ZndfbW9kdWxlfHM6MTU3NDoiW3siRmllbGQiOiJNb2R1bGVJZCIsIlR5cGUiOiJiaWdpbnQoMjApIHVuc2lnbmVkIiwiTnVsbCI6Ik5PIiwiS2V5IjoiUFJJIiwiRGVmYXVsdCI6bnVsbCwiRXh0cmEiOiJhdXRvX2luY3JlbWVudCJ9LHsiRmllbGQiOiJNb2R1bGUiLCJUeXBlIjoidmFyY2hhcigxMDApIiwiTnVsbCI6Ik5PIiwiS2V5IjoiIiwiRGVmYXVsdCI6IiIsIkV4dHJhIjoiIn0seyJGaWVsZCI6IkxhYmVsTW9kdWxlIiwiVHlwZSI6InZhcmNoYXIoMTAwKSIsIk51bGwiOiJOTyIsIktleSI6IiIsIkRlZmF1bHQiOiIiLCJFeHRyYSI6IiJ9LHsiRmllbGQiOiJTdWJNb2R1bGUiLCJUeXBlIjoidmFyY2hhcigxMDApIiwiTnVsbCI6Ik5PIiwiS2V5IjoiIiwiRGVmYXVsdCI6IiIsIkV4dHJhIjoiIn0seyJGaWVsZCI6IkFjdGlvbiIsIlR5cGUiOiJ2YXJjaGFyKDEwMCkiLCJOdWxsIjoiWUVTIiwiS2V5IjoiIiwiRGVmYXVsdCI6InZpZXciLCJFeHRyYSI6IiJ9LHsiRmllbGQiOiJUeXBlIiwiVHlwZSI6InZhcmNoYXIoMTAwKSIsIk51bGwiOiJZRVMiLCJLZXkiOiIiLCJEZWZhdWx0IjoiaHRtbCIsIkV4dHJhIjoiIn0seyJGaWVsZCI6IkRlc2NyaXB0aW9uIiwiVHlwZSI6InRleHQiLCJOdWxsIjoiWUVTIiwiS2V5IjoiIiwiRGVmYXVsdCI6bnVsbCwiRXh0cmEiOiIifSx7IkZpZWxkIjoiQWNjZXNzIiwiVHlwZSI6ImVudW0oJ0FsbCcsJ0V4Y2x1c2l2ZScpIiwiTnVsbCI6Ik5PIiwiS2V5IjoiIiwiRGVmYXVsdCI6IkV4Y2x1c2l2ZSIsIkV4dHJhIjoiIn0seyJGaWVsZCI6IlNob3ciLCJUeXBlIjoiZW51bSgnWWVzJywnTm8nKSIsIk51bGwiOiJZRVMiLCJLZXkiOiIiLCJEZWZhdWx0IjoiTm8iLCJFeHRyYSI6IiJ9LHsiRmllbGQiOiJJY29uUGF0aCIsIlR5cGUiOiJ2YXJjaGFyKDI1NSkiLCJOdWxsIjoiWUVTIiwiS2V5IjoiIiwiRGVmYXVsdCI6bnVsbCwiRXh0cmEiOiIifSx7IkZpZWxkIjoiTWVudUlkIiwiVHlwZSI6ImludCg2KSIsIk51bGwiOiJZRVMiLCJLZXkiOiJNVUwiLCJEZWZhdWx0IjpudWxsLCJFeHRyYSI6IiJ9LHsiRmllbGQiOiJBcHBsaWNhdGlvbklkIiwiVHlwZSI6ImJpZ2ludCgyMCkiLCJOdWxsIjoiWUVTIiwiS2V5IjoiTVVMIiwiRGVmYXVsdCI6bnVsbCwiRXh0cmEiOiIifSx7IkZpZWxkIjoiTW9kdWxlUGF0aCIsIlR5cGUiOiJ2YXJjaGFyKDI1NSkiLCJOdWxsIjoiWUVTIiwiS2V5IjoiIiwiRGVmYXVsdCI6bnVsbCwiRXh0cmEiOiIifSx7IkZpZWxkIjoiQWtzaUlkIiwiVHlwZSI6InNtYWxsaW50KDYpIiwiTnVsbCI6IllFUyIsIktleSI6Ik1VTCIsIkRlZmF1bHQiOm51bGwsIkV4dHJhIjoiIn0seyJGaWVsZCI6IkxhYmVsQWtzaSIsIlR5cGUiOiJ2YXJjaGFyKDUwKSIsIk51bGwiOiJZRVMiLCJLZXkiOiIiLCJEZWZhdWx0IjpudWxsLCJFeHRyYSI6IiJ9LHsiRmllbGQiOiJIaW50IiwiVHlwZSI6InZhcmNoYXIoMTAwKSIsIk51bGwiOiJZRVMiLCJLZXkiOiIiLCJEZWZhdWx0IjpudWxsLCJFeHRyYSI6IiJ9LHsiRmllbGQiOiJOZWVkU3NsIiwiVHlwZSI6ImVudW0oJ1llcycsJ05vJykiLCJOdWxsIjoiWUVTIiwiS2V5IjoiIiwiRGVmYXVsdCI6bnVsbCwiRXh0cmEiOiIifV0iO2FrdGl2ZV91c2VyX2dyb3VwX2lkfHM6MjoiNjMiO2FjY2Vzc19tb2R1bGV8YTozOntzOjExOiJtb2R1bGVDb3VudCI7czo0OiIiMzMiIjtzOjY6Im1vZHVsZSI7czoyMjE6InsibG9naW5fZGVmYXVsdGxvZ2ludmlld2h0bWwyMDAiOiI3NjIiLCJsb2dpbl9kZWZhdWx0bG9naW5kb2h0bWwyMDAiOiI3NTkiLCJob21laG9tZXZpZXdodG1sMjAwIjoiNzU3IiwibWVudW1lbnV2aWV3aHRtbDIwMCI6Ijc2MyIsImd0ZndfbWVudU1lbnVWaWV3aHRtbDIwMCI6IjAiLCJwYWdpbmdwYWdpbmd2aWV3aHRtbDIwMCI6IjAiLCJ0ZXN0VGVzdFZpZXdodG1sMjAwIjoiMTc5MiJ9IjtzOjQ6InVzZXIiO3M6NzoiImFkbWluIiI7fQ==','2014-05-20 02:23:51'),('nrgh566f8sc6c8dna8u928s3u1','dGFibGVfZ3Rmd19jb25maWdfYXZhaWxhYmxlfGE6MTp7aTowO2E6MTp7czozNToiVGFibGVzX2luX2d0ZndfcHVibGljIChndGZ3X2NvbmZpZykiO3M6MTE6Imd0ZndfY29uZmlnIjt9fWNoZWNrX2d0ZndfbWVudV90YWJsZXxhOjE6e2k6MDthOjE6e3M6MzM6IlRhYmxlc19pbl9ndGZ3X3B1YmxpYyAoZ3Rmd19tZW51KSI7czo5OiJndGZ3X21lbnUiO319bWVzc2VuZ2VyX3F1ZXVlfHM6NDI4OiJPOjEyOiJNZXNzYWdlUXVldWUiOjM6e3M6MzE6IgBNZXNzYWdlUXVldWUAbUN1cnJlbnRSZXF1ZXN0SWQiO2k6MTI7czoyODoiAE1lc3NhZ2VRdWV1ZQBtTmV4dFJlcXVlc3RJZCI7aToxMztzOjIzOiIATWVzc2FnZVF1ZXVlAG1NZXNzYWdlcyI7YToxOntzOjgyOiIvbWVkaWEvd3d3L3d3dy9yaXNldC9hcHBfcHVibGljL21vZHVsZS9ndGZ3X21lbnUvcmVzcG9uc2UvVmlld01lbnUuaHRtbC5jbGFzcy5waHBfIjthOjE6e2k6MztPOjc6Ik1lc3NhZ2UiOjM6e3M6MTk6IgBNZXNzYWdlAG1SZXF1ZXN0SWQiO2k6MDtzOjE3OiIATWVzc2FnZQBtTWVzc2FnZSI7YToxOntpOjA7YTo0OntzOjQ6InBhZ2UiO2k6MTtzOjc6ImRpc3BsYXkiO2k6NTtzOjU6InN0YXJ0IjtpOjA7czo0OiJuYW1lIjtzOjA6IiI7fX1zOjEzOiIATWVzc2FnZQBtT2xkIjtiOjA7fX19fSI7c3RhcnRfa2V5fGk6Njc5MjI1MjEwO211bHRfa2V5fGk6MTIxNzAzNTY1NjthZGRfa2V5fGk6MTI2NDY1MDI4Mztpc19sb2dnZWRfaW58YjoxO3VzZXJuYW1lfHM6NToiYWRtaW4iO3NhbHR8aTo3MzMyODM2MDY7bG9naW5fc2FsdHxpOjczMzI4MzYwNjtkZXNjcmliZV9ndGZ3X21vZHVsZXxzOjE1NzQ6Ilt7IkZpZWxkIjoiTW9kdWxlSWQiLCJUeXBlIjoiYmlnaW50KDIwKSB1bnNpZ25lZCIsIk51bGwiOiJOTyIsIktleSI6IlBSSSIsIkRlZmF1bHQiOm51bGwsIkV4dHJhIjoiYXV0b19pbmNyZW1lbnQifSx7IkZpZWxkIjoiTW9kdWxlIiwiVHlwZSI6InZhcmNoYXIoMTAwKSIsIk51bGwiOiJOTyIsIktleSI6IiIsIkRlZmF1bHQiOiIiLCJFeHRyYSI6IiJ9LHsiRmllbGQiOiJMYWJlbE1vZHVsZSIsIlR5cGUiOiJ2YXJjaGFyKDEwMCkiLCJOdWxsIjoiTk8iLCJLZXkiOiIiLCJEZWZhdWx0IjoiIiwiRXh0cmEiOiIifSx7IkZpZWxkIjoiU3ViTW9kdWxlIiwiVHlwZSI6InZhcmNoYXIoMTAwKSIsIk51bGwiOiJOTyIsIktleSI6IiIsIkRlZmF1bHQiOiIiLCJFeHRyYSI6IiJ9LHsiRmllbGQiOiJBY3Rpb24iLCJUeXBlIjoidmFyY2hhcigxMDApIiwiTnVsbCI6IllFUyIsIktleSI6IiIsIkRlZmF1bHQiOiJ2aWV3IiwiRXh0cmEiOiIifSx7IkZpZWxkIjoiVHlwZSIsIlR5cGUiOiJ2YXJjaGFyKDEwMCkiLCJOdWxsIjoiWUVTIiwiS2V5IjoiIiwiRGVmYXVsdCI6Imh0bWwiLCJFeHRyYSI6IiJ9LHsiRmllbGQiOiJEZXNjcmlwdGlvbiIsIlR5cGUiOiJ0ZXh0IiwiTnVsbCI6IllFUyIsIktleSI6IiIsIkRlZmF1bHQiOm51bGwsIkV4dHJhIjoiIn0seyJGaWVsZCI6IkFjY2VzcyIsIlR5cGUiOiJlbnVtKCdBbGwnLCdFeGNsdXNpdmUnKSIsIk51bGwiOiJOTyIsIktleSI6IiIsIkRlZmF1bHQiOiJFeGNsdXNpdmUiLCJFeHRyYSI6IiJ9LHsiRmllbGQiOiJTaG93IiwiVHlwZSI6ImVudW0oJ1llcycsJ05vJykiLCJOdWxsIjoiWUVTIiwiS2V5IjoiIiwiRGVmYXVsdCI6Ik5vIiwiRXh0cmEiOiIifSx7IkZpZWxkIjoiSWNvblBhdGgiLCJUeXBlIjoidmFyY2hhcigyNTUpIiwiTnVsbCI6IllFUyIsIktleSI6IiIsIkRlZmF1bHQiOm51bGwsIkV4dHJhIjoiIn0seyJGaWVsZCI6Ik1lbnVJZCIsIlR5cGUiOiJpbnQoNikiLCJOdWxsIjoiWUVTIiwiS2V5IjoiTVVMIiwiRGVmYXVsdCI6bnVsbCwiRXh0cmEiOiIifSx7IkZpZWxkIjoiQXBwbGljYXRpb25JZCIsIlR5cGUiOiJiaWdpbnQoMjApIiwiTnVsbCI6IllFUyIsIktleSI6Ik1VTCIsIkRlZmF1bHQiOm51bGwsIkV4dHJhIjoiIn0seyJGaWVsZCI6Ik1vZHVsZVBhdGgiLCJUeXBlIjoidmFyY2hhcigyNTUpIiwiTnVsbCI6IllFUyIsIktleSI6IiIsIkRlZmF1bHQiOm51bGwsIkV4dHJhIjoiIn0seyJGaWVsZCI6IkFrc2lJZCIsIlR5cGUiOiJzbWFsbGludCg2KSIsIk51bGwiOiJZRVMiLCJLZXkiOiJNVUwiLCJEZWZhdWx0IjpudWxsLCJFeHRyYSI6IiJ9LHsiRmllbGQiOiJMYWJlbEFrc2kiLCJUeXBlIjoidmFyY2hhcig1MCkiLCJOdWxsIjoiWUVTIiwiS2V5IjoiIiwiRGVmYXVsdCI6bnVsbCwiRXh0cmEiOiIifSx7IkZpZWxkIjoiSGludCIsIlR5cGUiOiJ2YXJjaGFyKDEwMCkiLCJOdWxsIjoiWUVTIiwiS2V5IjoiIiwiRGVmYXVsdCI6bnVsbCwiRXh0cmEiOiIifSx7IkZpZWxkIjoiTmVlZFNzbCIsIlR5cGUiOiJlbnVtKCdZZXMnLCdObycpIiwiTnVsbCI6IllFUyIsIktleSI6IiIsIkRlZmF1bHQiOm51bGwsIkV4dHJhIjoiIn1dIjtha3RpdmVfdXNlcl9ncm91cF9pZHxzOjI6IjYzIjthY2Nlc3NfbW9kdWxlfGE6Mzp7czoxMToibW9kdWxlQ291bnQiO3M6NDoiIjMzIiI7czo2OiJtb2R1bGUiO3M6MjU1OiJ7ImxvZ2luX2RlZmF1bHRsb2dpbnZpZXdodG1sMjAwIjoiMCIsImxvZ2luX2RlZmF1bHRsb2dpbmRvaHRtbDIwMCI6Ijc1OSIsImhvbWVob21ldmlld2h0bWwyMDAiOiI3NTciLCJtZW51bWVudXZpZXdodG1sMjAwIjoiNzYzIiwiZ3Rmd19tZW51TWVudVZpZXdodG1sMjAwIjoiMCIsInBhZ2luZ3BhZ2luZ3ZpZXdodG1sMjAwIjoiMCIsInRlc3RUZXN0Vmlld2h0bWwyMDAiOiIxNzkyIiwiZ3Rmd19ncm91cEdyb3VwVmlld2h0bWwyMDAiOiIxNzc3In0iO3M6NDoidXNlciI7czo3OiIiYWRtaW4iIjt9','2014-05-20 02:25:16'),('r6mq6v7dljghol4tfsro8psl77','dGFibGVfZ3Rmd19jb25maWdfYXZhaWxhYmxlfGE6MTp7aTowO2E6MTp7czozNToiVGFibGVzX2luX2d0ZndfcHVibGljIChndGZ3X2NvbmZpZykiO3M6MTE6Imd0ZndfY29uZmlnIjt9fWNoZWNrX2d0ZndfbWVudV90YWJsZXxhOjE6e2k6MDthOjE6e3M6MzM6IlRhYmxlc19pbl9ndGZ3X3B1YmxpYyAoZ3Rmd19tZW51KSI7czo5OiJndGZ3X21lbnUiO319bWVzc2VuZ2VyX3F1ZXVlfHM6NDA4OiJPOjEyOiJNZXNzYWdlUXVldWUiOjM6e3M6MzE6IgBNZXNzYWdlUXVldWUAbUN1cnJlbnRSZXF1ZXN0SWQiO2k6NDtzOjI4OiIATWVzc2FnZVF1ZXVlAG1OZXh0UmVxdWVzdElkIjtpOjU7czoyMzoiAE1lc3NhZ2VRdWV1ZQBtTWVzc2FnZXMiO2E6MTp7czo4MjoiL21lZGlhL3d3dy93d3cvcmlzZXQvYXBwX3B1YmxpYy9tb2R1bGUvZ3Rmd19tZW51L3Jlc3BvbnNlL1ZpZXdNZW51Lmh0bWwuY2xhc3MucGhwXyI7YToxOntpOjA7Tzo3OiJNZXNzYWdlIjozOntzOjE5OiIATWVzc2FnZQBtUmVxdWVzdElkIjtpOjA7czoxNzoiAE1lc3NhZ2UAbU1lc3NhZ2UiO2E6MTp7aTowO2E6Mzp7czo0OiJwYWdlIjtpOjE7czo3OiJkaXNwbGF5IjtpOjU7czo1OiJzdGFydCI7aTowO319czoxMzoiAE1lc3NhZ2UAbU9sZCI7YjowO319fX0iO3N0YXJ0X2tleXxpOjY5MzY3OTc5MTttdWx0X2tleXxpOjE1ODk5OTcxMzM7YWRkX2tleXxpOjE2ODgxMDMwMzY7aXNfbG9nZ2VkX2lufGI6MTt1c2VybmFtZXxzOjU6ImFkbWluIjtzYWx0fGk6MTc0NTc4MzMyMTtsb2dpbl9zYWx0fGk6MTc0NTc4MzMyMTtkZXNjcmliZV9ndGZ3X21vZHVsZXxzOjE1NzQ6Ilt7IkZpZWxkIjoiTW9kdWxlSWQiLCJUeXBlIjoiYmlnaW50KDIwKSB1bnNpZ25lZCIsIk51bGwiOiJOTyIsIktleSI6IlBSSSIsIkRlZmF1bHQiOm51bGwsIkV4dHJhIjoiYXV0b19pbmNyZW1lbnQifSx7IkZpZWxkIjoiTW9kdWxlIiwiVHlwZSI6InZhcmNoYXIoMTAwKSIsIk51bGwiOiJOTyIsIktleSI6IiIsIkRlZmF1bHQiOiIiLCJFeHRyYSI6IiJ9LHsiRmllbGQiOiJMYWJlbE1vZHVsZSIsIlR5cGUiOiJ2YXJjaGFyKDEwMCkiLCJOdWxsIjoiTk8iLCJLZXkiOiIiLCJEZWZhdWx0IjoiIiwiRXh0cmEiOiIifSx7IkZpZWxkIjoiU3ViTW9kdWxlIiwiVHlwZSI6InZhcmNoYXIoMTAwKSIsIk51bGwiOiJOTyIsIktleSI6IiIsIkRlZmF1bHQiOiIiLCJFeHRyYSI6IiJ9LHsiRmllbGQiOiJBY3Rpb24iLCJUeXBlIjoidmFyY2hhcigxMDApIiwiTnVsbCI6IllFUyIsIktleSI6IiIsIkRlZmF1bHQiOiJ2aWV3IiwiRXh0cmEiOiIifSx7IkZpZWxkIjoiVHlwZSIsIlR5cGUiOiJ2YXJjaGFyKDEwMCkiLCJOdWxsIjoiWUVTIiwiS2V5IjoiIiwiRGVmYXVsdCI6Imh0bWwiLCJFeHRyYSI6IiJ9LHsiRmllbGQiOiJEZXNjcmlwdGlvbiIsIlR5cGUiOiJ0ZXh0IiwiTnVsbCI6IllFUyIsIktleSI6IiIsIkRlZmF1bHQiOm51bGwsIkV4dHJhIjoiIn0seyJGaWVsZCI6IkFjY2VzcyIsIlR5cGUiOiJlbnVtKCdBbGwnLCdFeGNsdXNpdmUnKSIsIk51bGwiOiJOTyIsIktleSI6IiIsIkRlZmF1bHQiOiJFeGNsdXNpdmUiLCJFeHRyYSI6IiJ9LHsiRmllbGQiOiJTaG93IiwiVHlwZSI6ImVudW0oJ1llcycsJ05vJykiLCJOdWxsIjoiWUVTIiwiS2V5IjoiIiwiRGVmYXVsdCI6Ik5vIiwiRXh0cmEiOiIifSx7IkZpZWxkIjoiSWNvblBhdGgiLCJUeXBlIjoidmFyY2hhcigyNTUpIiwiTnVsbCI6IllFUyIsIktleSI6IiIsIkRlZmF1bHQiOm51bGwsIkV4dHJhIjoiIn0seyJGaWVsZCI6Ik1lbnVJZCIsIlR5cGUiOiJpbnQoNikiLCJOdWxsIjoiWUVTIiwiS2V5IjoiTVVMIiwiRGVmYXVsdCI6bnVsbCwiRXh0cmEiOiIifSx7IkZpZWxkIjoiQXBwbGljYXRpb25JZCIsIlR5cGUiOiJiaWdpbnQoMjApIiwiTnVsbCI6IllFUyIsIktleSI6Ik1VTCIsIkRlZmF1bHQiOm51bGwsIkV4dHJhIjoiIn0seyJGaWVsZCI6Ik1vZHVsZVBhdGgiLCJUeXBlIjoidmFyY2hhcigyNTUpIiwiTnVsbCI6IllFUyIsIktleSI6IiIsIkRlZmF1bHQiOm51bGwsIkV4dHJhIjoiIn0seyJGaWVsZCI6IkFrc2lJZCIsIlR5cGUiOiJzbWFsbGludCg2KSIsIk51bGwiOiJZRVMiLCJLZXkiOiJNVUwiLCJEZWZhdWx0IjpudWxsLCJFeHRyYSI6IiJ9LHsiRmllbGQiOiJMYWJlbEFrc2kiLCJUeXBlIjoidmFyY2hhcig1MCkiLCJOdWxsIjoiWUVTIiwiS2V5IjoiIiwiRGVmYXVsdCI6bnVsbCwiRXh0cmEiOiIifSx7IkZpZWxkIjoiSGludCIsIlR5cGUiOiJ2YXJjaGFyKDEwMCkiLCJOdWxsIjoiWUVTIiwiS2V5IjoiIiwiRGVmYXVsdCI6bnVsbCwiRXh0cmEiOiIifSx7IkZpZWxkIjoiTmVlZFNzbCIsIlR5cGUiOiJlbnVtKCdZZXMnLCdObycpIiwiTnVsbCI6IllFUyIsIktleSI6IiIsIkRlZmF1bHQiOm51bGwsIkV4dHJhIjoiIn1dIjtha3RpdmVfdXNlcl9ncm91cF9pZHxzOjI6IjYzIjthY2Nlc3NfbW9kdWxlfGE6Mzp7czoxMToibW9kdWxlQ291bnQiO3M6NDoiIjMzIiI7czo2OiJtb2R1bGUiO3M6MTk3OiJ7ImxvZ2luX2RlZmF1bHRsb2dpbnZpZXdodG1sMjAwIjoiNzYyIiwibG9naW5fZGVmYXVsdGxvZ2luZG9odG1sMjAwIjoiNzU5IiwiaG9tZWhvbWV2aWV3aHRtbDIwMCI6Ijc1NyIsIm1lbnVtZW51dmlld2h0bWwyMDAiOiI3NjMiLCJndGZ3X21lbnVNZW51Vmlld2h0bWwyMDAiOiIxNzkzIiwicGFnaW5ncGFnaW5ndmlld2h0bWwyMDAiOiI3NjUifSI7czo0OiJ1c2VyIjtzOjc6IiJhZG1pbiIiO30=','2014-05-20 02:24:56'),('gk64h9056qtp02jetkt1mljo62','dGFibGVfZ3Rmd19jb25maWdfYXZhaWxhYmxlfGE6MTp7aTowO2E6MTp7czozNToiVGFibGVzX2luX2d0ZndfcHVibGljIChndGZ3X2NvbmZpZykiO3M6MTE6Imd0ZndfY29uZmlnIjt9fWNoZWNrX2d0ZndfbWVudV90YWJsZXxhOjE6e2k6MDthOjE6e3M6MzM6IlRhYmxlc19pbl9ndGZ3X3B1YmxpYyAoZ3Rmd19tZW51KSI7czo5OiJndGZ3X21lbnUiO319bWVzc2VuZ2VyX3F1ZXVlfHM6NDA4OiJPOjEyOiJNZXNzYWdlUXVldWUiOjM6e3M6MzE6IgBNZXNzYWdlUXVldWUAbUN1cnJlbnRSZXF1ZXN0SWQiO2k6ODtzOjI4OiIATWVzc2FnZVF1ZXVlAG1OZXh0UmVxdWVzdElkIjtpOjk7czoyMzoiAE1lc3NhZ2VRdWV1ZQBtTWVzc2FnZXMiO2E6MTp7czo4MjoiL21lZGlhL3d3dy93d3cvcmlzZXQvYXBwX3B1YmxpYy9tb2R1bGUvZ3Rmd19tZW51L3Jlc3BvbnNlL1ZpZXdNZW51Lmh0bWwuY2xhc3MucGhwXyI7YToxOntpOjA7Tzo3OiJNZXNzYWdlIjozOntzOjE5OiIATWVzc2FnZQBtUmVxdWVzdElkIjtpOjA7czoxNzoiAE1lc3NhZ2UAbU1lc3NhZ2UiO2E6MTp7aTowO2E6Mzp7czo0OiJwYWdlIjtpOjE7czo3OiJkaXNwbGF5IjtpOjU7czo1OiJzdGFydCI7aTowO319czoxMzoiAE1lc3NhZ2UAbU9sZCI7YjowO319fX0iO3N0YXJ0X2tleXxpOjUzNTA0ODA5MDttdWx0X2tleXxpOjE1MDMxMDY3MjI7YWRkX2tleXxpOjE0NjA5MjI0NjU7aXNfbG9nZ2VkX2lufGI6MTt1c2VybmFtZXxzOjU6ImFkbWluIjtkZXNjcmliZV9ndGZ3X21vZHVsZXxzOjE1NzQ6Ilt7IkZpZWxkIjoiTW9kdWxlSWQiLCJUeXBlIjoiYmlnaW50KDIwKSB1bnNpZ25lZCIsIk51bGwiOiJOTyIsIktleSI6IlBSSSIsIkRlZmF1bHQiOm51bGwsIkV4dHJhIjoiYXV0b19pbmNyZW1lbnQifSx7IkZpZWxkIjoiTW9kdWxlIiwiVHlwZSI6InZhcmNoYXIoMTAwKSIsIk51bGwiOiJOTyIsIktleSI6IiIsIkRlZmF1bHQiOiIiLCJFeHRyYSI6IiJ9LHsiRmllbGQiOiJMYWJlbE1vZHVsZSIsIlR5cGUiOiJ2YXJjaGFyKDEwMCkiLCJOdWxsIjoiTk8iLCJLZXkiOiIiLCJEZWZhdWx0IjoiIiwiRXh0cmEiOiIifSx7IkZpZWxkIjoiU3ViTW9kdWxlIiwiVHlwZSI6InZhcmNoYXIoMTAwKSIsIk51bGwiOiJOTyIsIktleSI6IiIsIkRlZmF1bHQiOiIiLCJFeHRyYSI6IiJ9LHsiRmllbGQiOiJBY3Rpb24iLCJUeXBlIjoidmFyY2hhcigxMDApIiwiTnVsbCI6IllFUyIsIktleSI6IiIsIkRlZmF1bHQiOiJ2aWV3IiwiRXh0cmEiOiIifSx7IkZpZWxkIjoiVHlwZSIsIlR5cGUiOiJ2YXJjaGFyKDEwMCkiLCJOdWxsIjoiWUVTIiwiS2V5IjoiIiwiRGVmYXVsdCI6Imh0bWwiLCJFeHRyYSI6IiJ9LHsiRmllbGQiOiJEZXNjcmlwdGlvbiIsIlR5cGUiOiJ0ZXh0IiwiTnVsbCI6IllFUyIsIktleSI6IiIsIkRlZmF1bHQiOm51bGwsIkV4dHJhIjoiIn0seyJGaWVsZCI6IkFjY2VzcyIsIlR5cGUiOiJlbnVtKCdBbGwnLCdFeGNsdXNpdmUnKSIsIk51bGwiOiJOTyIsIktleSI6IiIsIkRlZmF1bHQiOiJFeGNsdXNpdmUiLCJFeHRyYSI6IiJ9LHsiRmllbGQiOiJTaG93IiwiVHlwZSI6ImVudW0oJ1llcycsJ05vJykiLCJOdWxsIjoiWUVTIiwiS2V5IjoiIiwiRGVmYXVsdCI6Ik5vIiwiRXh0cmEiOiIifSx7IkZpZWxkIjoiSWNvblBhdGgiLCJUeXBlIjoidmFyY2hhcigyNTUpIiwiTnVsbCI6IllFUyIsIktleSI6IiIsIkRlZmF1bHQiOm51bGwsIkV4dHJhIjoiIn0seyJGaWVsZCI6Ik1lbnVJZCIsIlR5cGUiOiJpbnQoNikiLCJOdWxsIjoiWUVTIiwiS2V5IjoiTVVMIiwiRGVmYXVsdCI6bnVsbCwiRXh0cmEiOiIifSx7IkZpZWxkIjoiQXBwbGljYXRpb25JZCIsIlR5cGUiOiJiaWdpbnQoMjApIiwiTnVsbCI6IllFUyIsIktleSI6Ik1VTCIsIkRlZmF1bHQiOm51bGwsIkV4dHJhIjoiIn0seyJGaWVsZCI6Ik1vZHVsZVBhdGgiLCJUeXBlIjoidmFyY2hhcigyNTUpIiwiTnVsbCI6IllFUyIsIktleSI6IiIsIkRlZmF1bHQiOm51bGwsIkV4dHJhIjoiIn0seyJGaWVsZCI6IkFrc2lJZCIsIlR5cGUiOiJzbWFsbGludCg2KSIsIk51bGwiOiJZRVMiLCJLZXkiOiJNVUwiLCJEZWZhdWx0IjpudWxsLCJFeHRyYSI6IiJ9LHsiRmllbGQiOiJMYWJlbEFrc2kiLCJUeXBlIjoidmFyY2hhcig1MCkiLCJOdWxsIjoiWUVTIiwiS2V5IjoiIiwiRGVmYXVsdCI6bnVsbCwiRXh0cmEiOiIifSx7IkZpZWxkIjoiSGludCIsIlR5cGUiOiJ2YXJjaGFyKDEwMCkiLCJOdWxsIjoiWUVTIiwiS2V5IjoiIiwiRGVmYXVsdCI6bnVsbCwiRXh0cmEiOiIifSx7IkZpZWxkIjoiTmVlZFNzbCIsIlR5cGUiOiJlbnVtKCdZZXMnLCdObycpIiwiTnVsbCI6IllFUyIsIktleSI6IiIsIkRlZmF1bHQiOm51bGwsIkV4dHJhIjoiIn1dIjtzYWx0fGk6MTA0MDM0MzA3Mztsb2dpbl9zYWx0fGk6MTA0MDM0MzA3Mztha3RpdmVfdXNlcl9ncm91cF9pZHxzOjI6IjYzIjthY2Nlc3NfbW9kdWxlfGE6Mzp7czoxMToibW9kdWxlQ291bnQiO3M6NDoiIjMzIiI7czo2OiJtb2R1bGUiO3M6MjY0OiJ7ImhvbWVob21ldmlld2h0bWwyMDAiOiI3NTciLCJtZW51bWVudXZpZXdodG1sMjAwIjoiNzYzIiwibG9naW5fZGVmYXVsdGxvZ2ludmlld2h0bWwyMDAiOiI3NjIiLCJsb2dpbl9kZWZhdWx0bG9naW5kb2h0bWwyMDAiOiI3NTkiLCJndGZ3X21lbnVNZW51Vmlld2h0bWwyMDAiOiIwIiwicGFnaW5ncGFnaW5ndmlld2h0bWwyMDAiOiIwIiwiZ3Rmd19tZW51ZGV0YWlsdmlld2h0bWwyMDAiOiIxNzk1IiwiZ3Rmd19ncm91cEdyb3VwVmlld2h0bWwyMDAiOiIxNzc3In0iO3M6NDoidXNlciI7czo3OiIiYWRtaW4iIjt9','2014-05-20 02:26:06'),('p0uelthv7apo3emfg0kasc6jv6','dGFibGVfZ3Rmd19jb25maWdfYXZhaWxhYmxlfGE6MTp7aTowO2E6MTp7czozNToiVGFibGVzX2luX2d0ZndfcHVibGljIChndGZ3X2NvbmZpZykiO3M6MTE6Imd0ZndfY29uZmlnIjt9fWNoZWNrX2d0ZndfbWVudV90YWJsZXxhOjE6e2k6MDthOjE6e3M6MzM6IlRhYmxlc19pbl9ndGZ3X3B1YmxpYyAoZ3Rmd19tZW51KSI7czo5OiJndGZ3X21lbnUiO319bWVzc2VuZ2VyX3F1ZXVlfHM6MTQ0OiJPOjEyOiJNZXNzYWdlUXVldWUiOjM6e3M6MzE6IgBNZXNzYWdlUXVldWUAbUN1cnJlbnRSZXF1ZXN0SWQiO2k6MTtzOjI4OiIATWVzc2FnZVF1ZXVlAG1OZXh0UmVxdWVzdElkIjtpOjI7czoyMzoiAE1lc3NhZ2VRdWV1ZQBtTWVzc2FnZXMiO2E6MDp7fX0iO3N0YXJ0X2tleXxpOjE1MTM2MTI5NjE7bXVsdF9rZXl8aToxODAzODUzODY7YWRkX2tleXxpOjUwMzg1NjQ2Mjtpc19sb2dnZWRfaW58YjowO3VzZXJuYW1lfHM6Njoibm9ib2R5IjthY2Nlc3NfbW9kdWxlfGE6Mjp7czo2OiJtb2R1bGUiO3M6Mzk6InsibG9naW5fZGVmYXVsdGxvZ2ludmlld2h0bWwyMDAiOiI3NjIifSI7czo0OiJ1c2VyIjtzOjg6IiJub2JvZHkiIjt9c2FsdHxpOjE0MzY0NDI1ODM7bG9naW5fc2FsdHxpOjE0MzY0NDI1ODM7ZGVzY3JpYmVfZ3Rmd19tb2R1bGV8czoxNTc0OiJbeyJGaWVsZCI6Ik1vZHVsZUlkIiwiVHlwZSI6ImJpZ2ludCgyMCkgdW5zaWduZWQiLCJOdWxsIjoiTk8iLCJLZXkiOiJQUkkiLCJEZWZhdWx0IjpudWxsLCJFeHRyYSI6ImF1dG9faW5jcmVtZW50In0seyJGaWVsZCI6Ik1vZHVsZSIsIlR5cGUiOiJ2YXJjaGFyKDEwMCkiLCJOdWxsIjoiTk8iLCJLZXkiOiIiLCJEZWZhdWx0IjoiIiwiRXh0cmEiOiIifSx7IkZpZWxkIjoiTGFiZWxNb2R1bGUiLCJUeXBlIjoidmFyY2hhcigxMDApIiwiTnVsbCI6Ik5PIiwiS2V5IjoiIiwiRGVmYXVsdCI6IiIsIkV4dHJhIjoiIn0seyJGaWVsZCI6IlN1Yk1vZHVsZSIsIlR5cGUiOiJ2YXJjaGFyKDEwMCkiLCJOdWxsIjoiTk8iLCJLZXkiOiIiLCJEZWZhdWx0IjoiIiwiRXh0cmEiOiIifSx7IkZpZWxkIjoiQWN0aW9uIiwiVHlwZSI6InZhcmNoYXIoMTAwKSIsIk51bGwiOiJZRVMiLCJLZXkiOiIiLCJEZWZhdWx0IjoidmlldyIsIkV4dHJhIjoiIn0seyJGaWVsZCI6IlR5cGUiLCJUeXBlIjoidmFyY2hhcigxMDApIiwiTnVsbCI6IllFUyIsIktleSI6IiIsIkRlZmF1bHQiOiJodG1sIiwiRXh0cmEiOiIifSx7IkZpZWxkIjoiRGVzY3JpcHRpb24iLCJUeXBlIjoidGV4dCIsIk51bGwiOiJZRVMiLCJLZXkiOiIiLCJEZWZhdWx0IjpudWxsLCJFeHRyYSI6IiJ9LHsiRmllbGQiOiJBY2Nlc3MiLCJUeXBlIjoiZW51bSgnQWxsJywnRXhjbHVzaXZlJykiLCJOdWxsIjoiTk8iLCJLZXkiOiIiLCJEZWZhdWx0IjoiRXhjbHVzaXZlIiwiRXh0cmEiOiIifSx7IkZpZWxkIjoiU2hvdyIsIlR5cGUiOiJlbnVtKCdZZXMnLCdObycpIiwiTnVsbCI6IllFUyIsIktleSI6IiIsIkRlZmF1bHQiOiJObyIsIkV4dHJhIjoiIn0seyJGaWVsZCI6Ikljb25QYXRoIiwiVHlwZSI6InZhcmNoYXIoMjU1KSIsIk51bGwiOiJZRVMiLCJLZXkiOiIiLCJEZWZhdWx0IjpudWxsLCJFeHRyYSI6IiJ9LHsiRmllbGQiOiJNZW51SWQiLCJUeXBlIjoiaW50KDYpIiwiTnVsbCI6IllFUyIsIktleSI6Ik1VTCIsIkRlZmF1bHQiOm51bGwsIkV4dHJhIjoiIn0seyJGaWVsZCI6IkFwcGxpY2F0aW9uSWQiLCJUeXBlIjoiYmlnaW50KDIwKSIsIk51bGwiOiJZRVMiLCJLZXkiOiJNVUwiLCJEZWZhdWx0IjpudWxsLCJFeHRyYSI6IiJ9LHsiRmllbGQiOiJNb2R1bGVQYXRoIiwiVHlwZSI6InZhcmNoYXIoMjU1KSIsIk51bGwiOiJZRVMiLCJLZXkiOiIiLCJEZWZhdWx0IjpudWxsLCJFeHRyYSI6IiJ9LHsiRmllbGQiOiJBa3NpSWQiLCJUeXBlIjoic21hbGxpbnQoNikiLCJOdWxsIjoiWUVTIiwiS2V5IjoiTVVMIiwiRGVmYXVsdCI6bnVsbCwiRXh0cmEiOiIifSx7IkZpZWxkIjoiTGFiZWxBa3NpIiwiVHlwZSI6InZhcmNoYXIoNTApIiwiTnVsbCI6IllFUyIsIktleSI6IiIsIkRlZmF1bHQiOm51bGwsIkV4dHJhIjoiIn0seyJGaWVsZCI6IkhpbnQiLCJUeXBlIjoidmFyY2hhcigxMDApIiwiTnVsbCI6IllFUyIsIktleSI6IiIsIkRlZmF1bHQiOm51bGwsIkV4dHJhIjoiIn0seyJGaWVsZCI6Ik5lZWRTc2wiLCJUeXBlIjoiZW51bSgnWWVzJywnTm8nKSIsIk51bGwiOiJZRVMiLCJLZXkiOiIiLCJEZWZhdWx0IjpudWxsLCJFeHRyYSI6IiJ9XSI7','2014-05-20 06:05:30'),('ts7rtn27lavqt2c0ovfkqlo3e2','dGFibGVfZ3Rmd19jb25maWdfYXZhaWxhYmxlfGE6MTp7aTowO2E6MTp7czozNToiVGFibGVzX2luX2d0ZndfcHVibGljIChndGZ3X2NvbmZpZykiO3M6MTE6Imd0ZndfY29uZmlnIjt9fWNoZWNrX2d0ZndfbWVudV90YWJsZXxhOjE6e2k6MDthOjE6e3M6MzM6IlRhYmxlc19pbl9ndGZ3X3B1YmxpYyAoZ3Rmd19tZW51KSI7czo5OiJndGZ3X21lbnUiO319bWVzc2VuZ2VyX3F1ZXVlfHM6MjQyOiJPOjEyOiJNZXNzYWdlUXVldWUiOjM6e3M6MzE6IgBNZXNzYWdlUXVldWUAbUN1cnJlbnRSZXF1ZXN0SWQiO2k6MTk7czoyODoiAE1lc3NhZ2VRdWV1ZQBtTmV4dFJlcXVlc3RJZCI7aToyMDtzOjIzOiIATWVzc2FnZVF1ZXVlAG1NZXNzYWdlcyI7YToxOntzOjgyOiIvbWVkaWEvd3d3L3d3dy9yaXNldC9hcHBfcHVibGljL21vZHVsZS9ndGZ3X21lbnUvcmVzcG9uc2UvVmlld01lbnUuaHRtbC5jbGFzcy5waHBfIjthOjA6e319fSI7c3RhcnRfa2V5fGk6MjAwMDEwNTA3MDttdWx0X2tleXxpOjcyNzU3MTk4NDthZGRfa2V5fGk6MTA2MzEwNDUwOTtpc19sb2dnZWRfaW58YjoxO3VzZXJuYW1lfHM6NToiYWRtaW4iO3NhbHR8aTozMzA4NTQwNjY7bG9naW5fc2FsdHxpOjMzMDg1NDA2NjtkZXNjcmliZV9ndGZ3X21vZHVsZXxzOjE1NzQ6Ilt7IkZpZWxkIjoiTW9kdWxlSWQiLCJUeXBlIjoiYmlnaW50KDIwKSB1bnNpZ25lZCIsIk51bGwiOiJOTyIsIktleSI6IlBSSSIsIkRlZmF1bHQiOm51bGwsIkV4dHJhIjoiYXV0b19pbmNyZW1lbnQifSx7IkZpZWxkIjoiTW9kdWxlIiwiVHlwZSI6InZhcmNoYXIoMTAwKSIsIk51bGwiOiJOTyIsIktleSI6IiIsIkRlZmF1bHQiOiIiLCJFeHRyYSI6IiJ9LHsiRmllbGQiOiJMYWJlbE1vZHVsZSIsIlR5cGUiOiJ2YXJjaGFyKDEwMCkiLCJOdWxsIjoiTk8iLCJLZXkiOiIiLCJEZWZhdWx0IjoiIiwiRXh0cmEiOiIifSx7IkZpZWxkIjoiU3ViTW9kdWxlIiwiVHlwZSI6InZhcmNoYXIoMTAwKSIsIk51bGwiOiJOTyIsIktleSI6IiIsIkRlZmF1bHQiOiIiLCJFeHRyYSI6IiJ9LHsiRmllbGQiOiJBY3Rpb24iLCJUeXBlIjoidmFyY2hhcigxMDApIiwiTnVsbCI6IllFUyIsIktleSI6IiIsIkRlZmF1bHQiOiJ2aWV3IiwiRXh0cmEiOiIifSx7IkZpZWxkIjoiVHlwZSIsIlR5cGUiOiJ2YXJjaGFyKDEwMCkiLCJOdWxsIjoiWUVTIiwiS2V5IjoiIiwiRGVmYXVsdCI6Imh0bWwiLCJFeHRyYSI6IiJ9LHsiRmllbGQiOiJEZXNjcmlwdGlvbiIsIlR5cGUiOiJ0ZXh0IiwiTnVsbCI6IllFUyIsIktleSI6IiIsIkRlZmF1bHQiOm51bGwsIkV4dHJhIjoiIn0seyJGaWVsZCI6IkFjY2VzcyIsIlR5cGUiOiJlbnVtKCdBbGwnLCdFeGNsdXNpdmUnKSIsIk51bGwiOiJOTyIsIktleSI6IiIsIkRlZmF1bHQiOiJFeGNsdXNpdmUiLCJFeHRyYSI6IiJ9LHsiRmllbGQiOiJTaG93IiwiVHlwZSI6ImVudW0oJ1llcycsJ05vJykiLCJOdWxsIjoiWUVTIiwiS2V5IjoiIiwiRGVmYXVsdCI6Ik5vIiwiRXh0cmEiOiIifSx7IkZpZWxkIjoiSWNvblBhdGgiLCJUeXBlIjoidmFyY2hhcigyNTUpIiwiTnVsbCI6IllFUyIsIktleSI6IiIsIkRlZmF1bHQiOm51bGwsIkV4dHJhIjoiIn0seyJGaWVsZCI6Ik1lbnVJZCIsIlR5cGUiOiJpbnQoNikiLCJOdWxsIjoiWUVTIiwiS2V5IjoiTVVMIiwiRGVmYXVsdCI6bnVsbCwiRXh0cmEiOiIifSx7IkZpZWxkIjoiQXBwbGljYXRpb25JZCIsIlR5cGUiOiJiaWdpbnQoMjApIiwiTnVsbCI6IllFUyIsIktleSI6Ik1VTCIsIkRlZmF1bHQiOm51bGwsIkV4dHJhIjoiIn0seyJGaWVsZCI6Ik1vZHVsZVBhdGgiLCJUeXBlIjoidmFyY2hhcigyNTUpIiwiTnVsbCI6IllFUyIsIktleSI6IiIsIkRlZmF1bHQiOm51bGwsIkV4dHJhIjoiIn0seyJGaWVsZCI6IkFrc2lJZCIsIlR5cGUiOiJzbWFsbGludCg2KSIsIk51bGwiOiJZRVMiLCJLZXkiOiJNVUwiLCJEZWZhdWx0IjpudWxsLCJFeHRyYSI6IiJ9LHsiRmllbGQiOiJMYWJlbEFrc2kiLCJUeXBlIjoidmFyY2hhcig1MCkiLCJOdWxsIjoiWUVTIiwiS2V5IjoiIiwiRGVmYXVsdCI6bnVsbCwiRXh0cmEiOiIifSx7IkZpZWxkIjoiSGludCIsIlR5cGUiOiJ2YXJjaGFyKDEwMCkiLCJOdWxsIjoiWUVTIiwiS2V5IjoiIiwiRGVmYXVsdCI6bnVsbCwiRXh0cmEiOiIifSx7IkZpZWxkIjoiTmVlZFNzbCIsIlR5cGUiOiJlbnVtKCdZZXMnLCdObycpIiwiTnVsbCI6IllFUyIsIktleSI6IiIsIkRlZmF1bHQiOm51bGwsIkV4dHJhIjoiIn1dIjtha3RpdmVfdXNlcl9ncm91cF9pZHxzOjI6IjYzIjthY2Nlc3NfbW9kdWxlfGE6Mzp7czoxMToibW9kdWxlQ291bnQiO3M6NDoiIjMzIiI7czo2OiJtb2R1bGUiO3M6MzQ4OiJ7ImxvZ2luX2RlZmF1bHRsb2dpbnZpZXdodG1sMjAwIjoiNzYyIiwibG9naW5fZGVmYXVsdGxvZ2luZG9odG1sMjAwIjoiNzU5IiwiaG9tZWhvbWV2aWV3aHRtbDIwMCI6IjAiLCJtZW51bWVudXZpZXdodG1sMjAwIjoiMCIsInRlc3RUZXN0Vmlld2h0bWwyMDAiOiIwIiwiZ3Rmd19tZW51TWVudVZpZXdodG1sMjAwIjoiMCIsInBhZ2luZ3BhZ2luZ3ZpZXdodG1sMjAwIjoiMCIsImd0ZndfbWVudWFkZHZpZXdodG1sMjAwIjoiMTc5NCIsImNvbWJvYm94Y29tYm9ib3h2aWV3aHRtbDIwMCI6IjAiLCJndGZ3X21lbnVtZW51dmlld2h0bWwyMDAiOiIxNzkzIiwiZ3Rmd19ncm91cEdyb3VwVmlld2h0bWwyMDAiOiIwIn0iO3M6NDoidXNlciI7czo3OiIiYWRtaW4iIjt9','2014-05-20 07:35:19'),('7hdd3j828dkcojqhf2cu980df7','dGFibGVfZ3Rmd19jb25maWdfYXZhaWxhYmxlfGE6MTp7aTowO2E6MTp7czozNToiVGFibGVzX2luX2d0ZndfcHVibGljIChndGZ3X2NvbmZpZykiO3M6MTE6Imd0ZndfY29uZmlnIjt9fWNoZWNrX2d0ZndfbWVudV90YWJsZXxhOjE6e2k6MDthOjE6e3M6MzM6IlRhYmxlc19pbl9ndGZ3X3B1YmxpYyAoZ3Rmd19tZW51KSI7czo5OiJndGZ3X21lbnUiO319bWVzc2VuZ2VyX3F1ZXVlfHM6MTQ0OiJPOjEyOiJNZXNzYWdlUXVldWUiOjM6e3M6MzE6IgBNZXNzYWdlUXVldWUAbUN1cnJlbnRSZXF1ZXN0SWQiO2k6MztzOjI4OiIATWVzc2FnZVF1ZXVlAG1OZXh0UmVxdWVzdElkIjtpOjQ7czoyMzoiAE1lc3NhZ2VRdWV1ZQBtTWVzc2FnZXMiO2E6MDp7fX0iO3N0YXJ0X2tleXxpOjEzNzA1NDM5NzA7bXVsdF9rZXl8aTo3NDAxODI4NDI7YWRkX2tleXxpOjY5OTA1MzE2NTtpc19sb2dnZWRfaW58YjoxO3VzZXJuYW1lfHM6NToiYWRtaW4iO3NhbHR8aToxNjMzMTg1MDQ0O2xvZ2luX3NhbHR8aToxNjMzMTg1MDQ0O2Rlc2NyaWJlX2d0ZndfbW9kdWxlfHM6MTU3NDoiW3siRmllbGQiOiJNb2R1bGVJZCIsIlR5cGUiOiJiaWdpbnQoMjApIHVuc2lnbmVkIiwiTnVsbCI6Ik5PIiwiS2V5IjoiUFJJIiwiRGVmYXVsdCI6bnVsbCwiRXh0cmEiOiJhdXRvX2luY3JlbWVudCJ9LHsiRmllbGQiOiJNb2R1bGUiLCJUeXBlIjoidmFyY2hhcigxMDApIiwiTnVsbCI6Ik5PIiwiS2V5IjoiIiwiRGVmYXVsdCI6IiIsIkV4dHJhIjoiIn0seyJGaWVsZCI6IkxhYmVsTW9kdWxlIiwiVHlwZSI6InZhcmNoYXIoMTAwKSIsIk51bGwiOiJOTyIsIktleSI6IiIsIkRlZmF1bHQiOiIiLCJFeHRyYSI6IiJ9LHsiRmllbGQiOiJTdWJNb2R1bGUiLCJUeXBlIjoidmFyY2hhcigxMDApIiwiTnVsbCI6Ik5PIiwiS2V5IjoiIiwiRGVmYXVsdCI6IiIsIkV4dHJhIjoiIn0seyJGaWVsZCI6IkFjdGlvbiIsIlR5cGUiOiJ2YXJjaGFyKDEwMCkiLCJOdWxsIjoiWUVTIiwiS2V5IjoiIiwiRGVmYXVsdCI6InZpZXciLCJFeHRyYSI6IiJ9LHsiRmllbGQiOiJUeXBlIiwiVHlwZSI6InZhcmNoYXIoMTAwKSIsIk51bGwiOiJZRVMiLCJLZXkiOiIiLCJEZWZhdWx0IjoiaHRtbCIsIkV4dHJhIjoiIn0seyJGaWVsZCI6IkRlc2NyaXB0aW9uIiwiVHlwZSI6InRleHQiLCJOdWxsIjoiWUVTIiwiS2V5IjoiIiwiRGVmYXVsdCI6bnVsbCwiRXh0cmEiOiIifSx7IkZpZWxkIjoiQWNjZXNzIiwiVHlwZSI6ImVudW0oJ0FsbCcsJ0V4Y2x1c2l2ZScpIiwiTnVsbCI6Ik5PIiwiS2V5IjoiIiwiRGVmYXVsdCI6IkV4Y2x1c2l2ZSIsIkV4dHJhIjoiIn0seyJGaWVsZCI6IlNob3ciLCJUeXBlIjoiZW51bSgnWWVzJywnTm8nKSIsIk51bGwiOiJZRVMiLCJLZXkiOiIiLCJEZWZhdWx0IjoiTm8iLCJFeHRyYSI6IiJ9LHsiRmllbGQiOiJJY29uUGF0aCIsIlR5cGUiOiJ2YXJjaGFyKDI1NSkiLCJOdWxsIjoiWUVTIiwiS2V5IjoiIiwiRGVmYXVsdCI6bnVsbCwiRXh0cmEiOiIifSx7IkZpZWxkIjoiTWVudUlkIiwiVHlwZSI6ImludCg2KSIsIk51bGwiOiJZRVMiLCJLZXkiOiJNVUwiLCJEZWZhdWx0IjpudWxsLCJFeHRyYSI6IiJ9LHsiRmllbGQiOiJBcHBsaWNhdGlvbklkIiwiVHlwZSI6ImJpZ2ludCgyMCkiLCJOdWxsIjoiWUVTIiwiS2V5IjoiTVVMIiwiRGVmYXVsdCI6bnVsbCwiRXh0cmEiOiIifSx7IkZpZWxkIjoiTW9kdWxlUGF0aCIsIlR5cGUiOiJ2YXJjaGFyKDI1NSkiLCJOdWxsIjoiWUVTIiwiS2V5IjoiIiwiRGVmYXVsdCI6bnVsbCwiRXh0cmEiOiIifSx7IkZpZWxkIjoiQWtzaUlkIiwiVHlwZSI6InNtYWxsaW50KDYpIiwiTnVsbCI6IllFUyIsIktleSI6Ik1VTCIsIkRlZmF1bHQiOm51bGwsIkV4dHJhIjoiIn0seyJGaWVsZCI6IkxhYmVsQWtzaSIsIlR5cGUiOiJ2YXJjaGFyKDUwKSIsIk51bGwiOiJZRVMiLCJLZXkiOiIiLCJEZWZhdWx0IjpudWxsLCJFeHRyYSI6IiJ9LHsiRmllbGQiOiJIaW50IiwiVHlwZSI6InZhcmNoYXIoMTAwKSIsIk51bGwiOiJZRVMiLCJLZXkiOiIiLCJEZWZhdWx0IjpudWxsLCJFeHRyYSI6IiJ9LHsiRmllbGQiOiJOZWVkU3NsIiwiVHlwZSI6ImVudW0oJ1llcycsJ05vJykiLCJOdWxsIjoiWUVTIiwiS2V5IjoiIiwiRGVmYXVsdCI6bnVsbCwiRXh0cmEiOiIifV0iO2FrdGl2ZV91c2VyX2dyb3VwX2lkfHM6MjoiNjMiO2FjY2Vzc19tb2R1bGV8YToyOntzOjY6Im1vZHVsZSI7czoxMzE6InsibG9naW5fZGVmYXVsdGxvZ2ludmlld2h0bWwyMDAiOiI3NjIiLCJsb2dpbl9kZWZhdWx0bG9naW5kb2h0bWwyMDAiOiI3NTkiLCJob21laG9tZXZpZXdodG1sMjAwIjoiNzU3IiwibWVudW1lbnV2aWV3aHRtbDIwMCI6Ijc2MyJ9IjtzOjQ6InVzZXIiO3M6NzoiImFkbWluIiI7fQ==','2014-05-23 03:42:52'),('0m9c1tpdak1q5hglaj4at2j992','dGFibGVfZ3Rmd19jb25maWdfYXZhaWxhYmxlfGE6MTp7aTowO2E6MTp7czozNToiVGFibGVzX2luX2d0ZndfcHVibGljIChndGZ3X2NvbmZpZykiO3M6MTE6Imd0ZndfY29uZmlnIjt9fWNoZWNrX2d0ZndfbWVudV90YWJsZXxhOjE6e2k6MDthOjE6e3M6MzM6IlRhYmxlc19pbl9ndGZ3X3B1YmxpYyAoZ3Rmd19tZW51KSI7czo5OiJndGZ3X21lbnUiO319bWVzc2VuZ2VyX3F1ZXVlfHM6MjQwOiJPOjEyOiJNZXNzYWdlUXVldWUiOjM6e3M6MzE6IgBNZXNzYWdlUXVldWUAbUN1cnJlbnRSZXF1ZXN0SWQiO2k6NTtzOjI4OiIATWVzc2FnZVF1ZXVlAG1OZXh0UmVxdWVzdElkIjtpOjY7czoyMzoiAE1lc3NhZ2VRdWV1ZQBtTWVzc2FnZXMiO2E6MTp7czo4MjoiL21lZGlhL3d3dy93d3cvcmlzZXQvYXBwX3B1YmxpYy9tb2R1bGUvZ3Rmd19tZW51L3Jlc3BvbnNlL1ZpZXdNZW51Lmh0bWwuY2xhc3MucGhwXyI7YTowOnt9fX0iO3N0YXJ0X2tleXxpOjY1NDI5MzI3NTttdWx0X2tleXxpOjM1NDY5ODUwMTthZGRfa2V5fGk6MTUxMzI0MjU3Mztpc19sb2dnZWRfaW58YjoxO3VzZXJuYW1lfHM6NToiYWRtaW4iO3NhbHR8aTo0NzQxODc3NDk7bG9naW5fc2FsdHxpOjQ3NDE4Nzc0OTtkZXNjcmliZV9ndGZ3X21vZHVsZXxzOjE1NzQ6Ilt7IkZpZWxkIjoiTW9kdWxlSWQiLCJUeXBlIjoiYmlnaW50KDIwKSB1bnNpZ25lZCIsIk51bGwiOiJOTyIsIktleSI6IlBSSSIsIkRlZmF1bHQiOm51bGwsIkV4dHJhIjoiYXV0b19pbmNyZW1lbnQifSx7IkZpZWxkIjoiTW9kdWxlIiwiVHlwZSI6InZhcmNoYXIoMTAwKSIsIk51bGwiOiJOTyIsIktleSI6IiIsIkRlZmF1bHQiOiIiLCJFeHRyYSI6IiJ9LHsiRmllbGQiOiJMYWJlbE1vZHVsZSIsIlR5cGUiOiJ2YXJjaGFyKDEwMCkiLCJOdWxsIjoiTk8iLCJLZXkiOiIiLCJEZWZhdWx0IjoiIiwiRXh0cmEiOiIifSx7IkZpZWxkIjoiU3ViTW9kdWxlIiwiVHlwZSI6InZhcmNoYXIoMTAwKSIsIk51bGwiOiJOTyIsIktleSI6IiIsIkRlZmF1bHQiOiIiLCJFeHRyYSI6IiJ9LHsiRmllbGQiOiJBY3Rpb24iLCJUeXBlIjoidmFyY2hhcigxMDApIiwiTnVsbCI6IllFUyIsIktleSI6IiIsIkRlZmF1bHQiOiJ2aWV3IiwiRXh0cmEiOiIifSx7IkZpZWxkIjoiVHlwZSIsIlR5cGUiOiJ2YXJjaGFyKDEwMCkiLCJOdWxsIjoiWUVTIiwiS2V5IjoiIiwiRGVmYXVsdCI6Imh0bWwiLCJFeHRyYSI6IiJ9LHsiRmllbGQiOiJEZXNjcmlwdGlvbiIsIlR5cGUiOiJ0ZXh0IiwiTnVsbCI6IllFUyIsIktleSI6IiIsIkRlZmF1bHQiOm51bGwsIkV4dHJhIjoiIn0seyJGaWVsZCI6IkFjY2VzcyIsIlR5cGUiOiJlbnVtKCdBbGwnLCdFeGNsdXNpdmUnKSIsIk51bGwiOiJOTyIsIktleSI6IiIsIkRlZmF1bHQiOiJFeGNsdXNpdmUiLCJFeHRyYSI6IiJ9LHsiRmllbGQiOiJTaG93IiwiVHlwZSI6ImVudW0oJ1llcycsJ05vJykiLCJOdWxsIjoiWUVTIiwiS2V5IjoiIiwiRGVmYXVsdCI6Ik5vIiwiRXh0cmEiOiIifSx7IkZpZWxkIjoiSWNvblBhdGgiLCJUeXBlIjoidmFyY2hhcigyNTUpIiwiTnVsbCI6IllFUyIsIktleSI6IiIsIkRlZmF1bHQiOm51bGwsIkV4dHJhIjoiIn0seyJGaWVsZCI6Ik1lbnVJZCIsIlR5cGUiOiJpbnQoNikiLCJOdWxsIjoiWUVTIiwiS2V5IjoiTVVMIiwiRGVmYXVsdCI6bnVsbCwiRXh0cmEiOiIifSx7IkZpZWxkIjoiQXBwbGljYXRpb25JZCIsIlR5cGUiOiJiaWdpbnQoMjApIiwiTnVsbCI6IllFUyIsIktleSI6Ik1VTCIsIkRlZmF1bHQiOm51bGwsIkV4dHJhIjoiIn0seyJGaWVsZCI6Ik1vZHVsZVBhdGgiLCJUeXBlIjoidmFyY2hhcigyNTUpIiwiTnVsbCI6IllFUyIsIktleSI6IiIsIkRlZmF1bHQiOm51bGwsIkV4dHJhIjoiIn0seyJGaWVsZCI6IkFrc2lJZCIsIlR5cGUiOiJzbWFsbGludCg2KSIsIk51bGwiOiJZRVMiLCJLZXkiOiJNVUwiLCJEZWZhdWx0IjpudWxsLCJFeHRyYSI6IiJ9LHsiRmllbGQiOiJMYWJlbEFrc2kiLCJUeXBlIjoidmFyY2hhcig1MCkiLCJOdWxsIjoiWUVTIiwiS2V5IjoiIiwiRGVmYXVsdCI6bnVsbCwiRXh0cmEiOiIifSx7IkZpZWxkIjoiSGludCIsIlR5cGUiOiJ2YXJjaGFyKDEwMCkiLCJOdWxsIjoiWUVTIiwiS2V5IjoiIiwiRGVmYXVsdCI6bnVsbCwiRXh0cmEiOiIifSx7IkZpZWxkIjoiTmVlZFNzbCIsIlR5cGUiOiJlbnVtKCdZZXMnLCdObycpIiwiTnVsbCI6IllFUyIsIktleSI6IiIsIkRlZmF1bHQiOm51bGwsIkV4dHJhIjoiIn1dIjtha3RpdmVfdXNlcl9ncm91cF9pZHxzOjI6IjYzIjthY2Nlc3NfbW9kdWxlfGE6Mzp7czoxMToibW9kdWxlQ291bnQiO3M6NDoiIjMzIiI7czo2OiJtb2R1bGUiO3M6MjI2OiJ7ImxvZ2luX2RlZmF1bHRsb2dpbnZpZXdodG1sMjAwIjoiNzYyIiwibG9naW5fZGVmYXVsdGxvZ2luZG9odG1sMjAwIjoiNzU5IiwiaG9tZWhvbWV2aWV3aHRtbDIwMCI6Ijc1NyIsIm1lbnVtZW51dmlld2h0bWwyMDAiOiI3NjMiLCJndGZ3X21lbnVNZW51Vmlld2h0bWwyMDAiOiIxNzkzIiwicGFnaW5ncGFnaW5ndmlld2h0bWwyMDAiOiI3NjUiLCJ0ZXN0VGVzdFZpZXdodG1sMjAwIjoiMTc5MiJ9IjtzOjQ6InVzZXIiO3M6NzoiImFkbWluIiI7fQ==','2014-05-23 09:24:18'),('ghu8nufh4vhod6u436hfsgiln2','dGFibGVfZ3Rmd19jb25maWdfYXZhaWxhYmxlfGE6MTp7aTowO2E6MTp7czozNToiVGFibGVzX2luX2d0ZndfcHVibGljIChndGZ3X2NvbmZpZykiO3M6MTE6Imd0ZndfY29uZmlnIjt9fWNoZWNrX2d0ZndfbWVudV90YWJsZXxhOjE6e2k6MDthOjE6e3M6MzM6IlRhYmxlc19pbl9ndGZ3X3B1YmxpYyAoZ3Rmd19tZW51KSI7czo5OiJndGZ3X21lbnUiO319bWVzc2VuZ2VyX3F1ZXVlfHM6MTQ2OiJPOjEyOiJNZXNzYWdlUXVldWUiOjM6e3M6MzE6IgBNZXNzYWdlUXVldWUAbUN1cnJlbnRSZXF1ZXN0SWQiO2k6OTA7czoyODoiAE1lc3NhZ2VRdWV1ZQBtTmV4dFJlcXVlc3RJZCI7aTo5MTtzOjIzOiIATWVzc2FnZVF1ZXVlAG1NZXNzYWdlcyI7YTowOnt9fSI7c3RhcnRfa2V5fGk6MTg4MDMwMDAxNjttdWx0X2tleXxpOjM2ODI5NzI3MjthZGRfa2V5fGk6MjExMDQwNjQ4Mztpc19sb2dnZWRfaW58YjoxO3VzZXJuYW1lfHM6NToiYWRtaW4iO3NhbHR8aToxNDYzMzI1ODMzO2xvZ2luX3NhbHR8aToxNDYzMzI1ODMzO2Rlc2NyaWJlX2d0ZndfbW9kdWxlfHM6MTU3NDoiW3siRmllbGQiOiJNb2R1bGVJZCIsIlR5cGUiOiJiaWdpbnQoMjApIHVuc2lnbmVkIiwiTnVsbCI6Ik5PIiwiS2V5IjoiUFJJIiwiRGVmYXVsdCI6bnVsbCwiRXh0cmEiOiJhdXRvX2luY3JlbWVudCJ9LHsiRmllbGQiOiJNb2R1bGUiLCJUeXBlIjoidmFyY2hhcigxMDApIiwiTnVsbCI6Ik5PIiwiS2V5IjoiIiwiRGVmYXVsdCI6IiIsIkV4dHJhIjoiIn0seyJGaWVsZCI6IkxhYmVsTW9kdWxlIiwiVHlwZSI6InZhcmNoYXIoMTAwKSIsIk51bGwiOiJOTyIsIktleSI6IiIsIkRlZmF1bHQiOiIiLCJFeHRyYSI6IiJ9LHsiRmllbGQiOiJTdWJNb2R1bGUiLCJUeXBlIjoidmFyY2hhcigxMDApIiwiTnVsbCI6Ik5PIiwiS2V5IjoiIiwiRGVmYXVsdCI6IiIsIkV4dHJhIjoiIn0seyJGaWVsZCI6IkFjdGlvbiIsIlR5cGUiOiJ2YXJjaGFyKDEwMCkiLCJOdWxsIjoiWUVTIiwiS2V5IjoiIiwiRGVmYXVsdCI6InZpZXciLCJFeHRyYSI6IiJ9LHsiRmllbGQiOiJUeXBlIiwiVHlwZSI6InZhcmNoYXIoMTAwKSIsIk51bGwiOiJZRVMiLCJLZXkiOiIiLCJEZWZhdWx0IjoiaHRtbCIsIkV4dHJhIjoiIn0seyJGaWVsZCI6IkRlc2NyaXB0aW9uIiwiVHlwZSI6InRleHQiLCJOdWxsIjoiWUVTIiwiS2V5IjoiIiwiRGVmYXVsdCI6bnVsbCwiRXh0cmEiOiIifSx7IkZpZWxkIjoiQWNjZXNzIiwiVHlwZSI6ImVudW0oJ0FsbCcsJ0V4Y2x1c2l2ZScpIiwiTnVsbCI6Ik5PIiwiS2V5IjoiIiwiRGVmYXVsdCI6IkV4Y2x1c2l2ZSIsIkV4dHJhIjoiIn0seyJGaWVsZCI6IlNob3ciLCJUeXBlIjoiZW51bSgnWWVzJywnTm8nKSIsIk51bGwiOiJZRVMiLCJLZXkiOiIiLCJEZWZhdWx0IjoiTm8iLCJFeHRyYSI6IiJ9LHsiRmllbGQiOiJJY29uUGF0aCIsIlR5cGUiOiJ2YXJjaGFyKDI1NSkiLCJOdWxsIjoiWUVTIiwiS2V5IjoiIiwiRGVmYXVsdCI6bnVsbCwiRXh0cmEiOiIifSx7IkZpZWxkIjoiTWVudUlkIiwiVHlwZSI6ImludCg2KSIsIk51bGwiOiJZRVMiLCJLZXkiOiJNVUwiLCJEZWZhdWx0IjpudWxsLCJFeHRyYSI6IiJ9LHsiRmllbGQiOiJBcHBsaWNhdGlvbklkIiwiVHlwZSI6ImJpZ2ludCgyMCkiLCJOdWxsIjoiWUVTIiwiS2V5IjoiTVVMIiwiRGVmYXVsdCI6bnVsbCwiRXh0cmEiOiIifSx7IkZpZWxkIjoiTW9kdWxlUGF0aCIsIlR5cGUiOiJ2YXJjaGFyKDI1NSkiLCJOdWxsIjoiWUVTIiwiS2V5IjoiIiwiRGVmYXVsdCI6bnVsbCwiRXh0cmEiOiIifSx7IkZpZWxkIjoiQWtzaUlkIiwiVHlwZSI6InNtYWxsaW50KDYpIiwiTnVsbCI6IllFUyIsIktleSI6Ik1VTCIsIkRlZmF1bHQiOm51bGwsIkV4dHJhIjoiIn0seyJGaWVsZCI6IkxhYmVsQWtzaSIsIlR5cGUiOiJ2YXJjaGFyKDUwKSIsIk51bGwiOiJZRVMiLCJLZXkiOiIiLCJEZWZhdWx0IjpudWxsLCJFeHRyYSI6IiJ9LHsiRmllbGQiOiJIaW50IiwiVHlwZSI6InZhcmNoYXIoMTAwKSIsIk51bGwiOiJZRVMiLCJLZXkiOiIiLCJEZWZhdWx0IjpudWxsLCJFeHRyYSI6IiJ9LHsiRmllbGQiOiJOZWVkU3NsIiwiVHlwZSI6ImVudW0oJ1llcycsJ05vJykiLCJOdWxsIjoiWUVTIiwiS2V5IjoiIiwiRGVmYXVsdCI6bnVsbCwiRXh0cmEiOiIifV0iO2FrdGl2ZV91c2VyX2dyb3VwX2lkfHM6MjoiNjMiO2FjY2Vzc19tb2R1bGV8YTozOntzOjExOiJtb2R1bGVDb3VudCI7czo0OiIiMzQiIjtzOjY6Im1vZHVsZSI7czo0NDg6InsibG9naW5fZGVmYXVsdGxvZ2ludmlld2h0bWwyMDAiOiIwIiwibG9naW5fZGVmYXVsdGxvZ2luZG9odG1sMjAwIjoiNzU5IiwiaG9tZWhvbWV2aWV3aHRtbDIwMCI6IjAiLCJtZW51bWVudXZpZXdodG1sMjAwIjoiMCIsInRlc3RUZXN0Vmlld2h0bWwyMDAiOiIwIiwiZ3Rmd19tb2R1bGVndGZ3TW9kdWxldmlld2h0bWwyMDAiOiIwIiwiZ3Rmd19tb2R1bGVndGZ3U3ViTW9kdWxldmlld2h0bWwyMDAiOiIwIiwiY29tYm9ib3hjb21ib2JveHZpZXdodG1sMjAwIjoiMCIsImd0ZndfZ3JvdXBHcm91cFZpZXdodG1sMjAwIjoiMTc3NyIsImd0ZndfZ3JvdXBpbnB1dEdyb3Vwdmlld2h0bWwyMDAiOiIxNzc4IiwiZ3Rmd19ncm91cHVwZGF0ZUdyb3VwZG9qc29uMjAwIjoiMTc3NiIsImd0ZndfZ3JvdXBncm91cHZpZXdodG1sMjAwIjoiMTc3NyIsInRlc3R0aW55bWNldmlld2h0bWwyMDAiOiIwIn0iO3M6NDoidXNlciI7czo3OiIiYWRtaW4iIjt9','2014-05-26 04:16:57'),('9ug82p7r7251aboeuaadrme3g2','dGFibGVfZ3Rmd19jb25maWdfYXZhaWxhYmxlfGE6MTp7aTowO2E6MTp7czozNToiVGFibGVzX2luX2d0ZndfcHVibGljIChndGZ3X2NvbmZpZykiO3M6MTE6Imd0ZndfY29uZmlnIjt9fWNoZWNrX2d0ZndfbWVudV90YWJsZXxhOjE6e2k6MDthOjE6e3M6MzM6IlRhYmxlc19pbl9ndGZ3X3B1YmxpYyAoZ3Rmd19tZW51KSI7czo5OiJndGZ3X21lbnUiO319bWVzc2VuZ2VyX3F1ZXVlfHM6MTQ0OiJPOjEyOiJNZXNzYWdlUXVldWUiOjM6e3M6MzE6IgBNZXNzYWdlUXVldWUAbUN1cnJlbnRSZXF1ZXN0SWQiO2k6NTtzOjI4OiIATWVzc2FnZVF1ZXVlAG1OZXh0UmVxdWVzdElkIjtpOjY7czoyMzoiAE1lc3NhZ2VRdWV1ZQBtTWVzc2FnZXMiO2E6MDp7fX0iO3N0YXJ0X2tleXxpOjE2Mjg3OTEyNDU7bXVsdF9rZXl8aTo0MzU3NTkwMDI7YWRkX2tleXxpOjIwNzA2MDgyMzg7aXNfbG9nZ2VkX2lufGI6MTt1c2VybmFtZXxzOjU6ImFkbWluIjtzYWx0fGk6MjA1NzcxMTE2NDtsb2dpbl9zYWx0fGk6MjA1NzcxMTE2NDtkZXNjcmliZV9ndGZ3X21vZHVsZXxzOjE1NzQ6Ilt7IkZpZWxkIjoiTW9kdWxlSWQiLCJUeXBlIjoiYmlnaW50KDIwKSB1bnNpZ25lZCIsIk51bGwiOiJOTyIsIktleSI6IlBSSSIsIkRlZmF1bHQiOm51bGwsIkV4dHJhIjoiYXV0b19pbmNyZW1lbnQifSx7IkZpZWxkIjoiTW9kdWxlIiwiVHlwZSI6InZhcmNoYXIoMTAwKSIsIk51bGwiOiJOTyIsIktleSI6IiIsIkRlZmF1bHQiOiIiLCJFeHRyYSI6IiJ9LHsiRmllbGQiOiJMYWJlbE1vZHVsZSIsIlR5cGUiOiJ2YXJjaGFyKDEwMCkiLCJOdWxsIjoiTk8iLCJLZXkiOiIiLCJEZWZhdWx0IjoiIiwiRXh0cmEiOiIifSx7IkZpZWxkIjoiU3ViTW9kdWxlIiwiVHlwZSI6InZhcmNoYXIoMTAwKSIsIk51bGwiOiJOTyIsIktleSI6IiIsIkRlZmF1bHQiOiIiLCJFeHRyYSI6IiJ9LHsiRmllbGQiOiJBY3Rpb24iLCJUeXBlIjoidmFyY2hhcigxMDApIiwiTnVsbCI6IllFUyIsIktleSI6IiIsIkRlZmF1bHQiOiJ2aWV3IiwiRXh0cmEiOiIifSx7IkZpZWxkIjoiVHlwZSIsIlR5cGUiOiJ2YXJjaGFyKDEwMCkiLCJOdWxsIjoiWUVTIiwiS2V5IjoiIiwiRGVmYXVsdCI6Imh0bWwiLCJFeHRyYSI6IiJ9LHsiRmllbGQiOiJEZXNjcmlwdGlvbiIsIlR5cGUiOiJ0ZXh0IiwiTnVsbCI6IllFUyIsIktleSI6IiIsIkRlZmF1bHQiOm51bGwsIkV4dHJhIjoiIn0seyJGaWVsZCI6IkFjY2VzcyIsIlR5cGUiOiJlbnVtKCdBbGwnLCdFeGNsdXNpdmUnKSIsIk51bGwiOiJOTyIsIktleSI6IiIsIkRlZmF1bHQiOiJFeGNsdXNpdmUiLCJFeHRyYSI6IiJ9LHsiRmllbGQiOiJTaG93IiwiVHlwZSI6ImVudW0oJ1llcycsJ05vJykiLCJOdWxsIjoiWUVTIiwiS2V5IjoiIiwiRGVmYXVsdCI6Ik5vIiwiRXh0cmEiOiIifSx7IkZpZWxkIjoiSWNvblBhdGgiLCJUeXBlIjoidmFyY2hhcigyNTUpIiwiTnVsbCI6IllFUyIsIktleSI6IiIsIkRlZmF1bHQiOm51bGwsIkV4dHJhIjoiIn0seyJGaWVsZCI6Ik1lbnVJZCIsIlR5cGUiOiJpbnQoNikiLCJOdWxsIjoiWUVTIiwiS2V5IjoiTVVMIiwiRGVmYXVsdCI6bnVsbCwiRXh0cmEiOiIifSx7IkZpZWxkIjoiQXBwbGljYXRpb25JZCIsIlR5cGUiOiJiaWdpbnQoMjApIiwiTnVsbCI6IllFUyIsIktleSI6Ik1VTCIsIkRlZmF1bHQiOm51bGwsIkV4dHJhIjoiIn0seyJGaWVsZCI6Ik1vZHVsZVBhdGgiLCJUeXBlIjoidmFyY2hhcigyNTUpIiwiTnVsbCI6IllFUyIsIktleSI6IiIsIkRlZmF1bHQiOm51bGwsIkV4dHJhIjoiIn0seyJGaWVsZCI6IkFrc2lJZCIsIlR5cGUiOiJzbWFsbGludCg2KSIsIk51bGwiOiJZRVMiLCJLZXkiOiJNVUwiLCJEZWZhdWx0IjpudWxsLCJFeHRyYSI6IiJ9LHsiRmllbGQiOiJMYWJlbEFrc2kiLCJUeXBlIjoidmFyY2hhcig1MCkiLCJOdWxsIjoiWUVTIiwiS2V5IjoiIiwiRGVmYXVsdCI6bnVsbCwiRXh0cmEiOiIifSx7IkZpZWxkIjoiSGludCIsIlR5cGUiOiJ2YXJjaGFyKDEwMCkiLCJOdWxsIjoiWUVTIiwiS2V5IjoiIiwiRGVmYXVsdCI6bnVsbCwiRXh0cmEiOiIifSx7IkZpZWxkIjoiTmVlZFNzbCIsIlR5cGUiOiJlbnVtKCdZZXMnLCdObycpIiwiTnVsbCI6IllFUyIsIktleSI6IiIsIkRlZmF1bHQiOm51bGwsIkV4dHJhIjoiIn1dIjtha3RpdmVfdXNlcl9ncm91cF9pZHxzOjI6IjYzIjthY2Nlc3NfbW9kdWxlfGE6Mzp7czoxMToibW9kdWxlQ291bnQiO3M6NDoiIjM0IiI7czo2OiJtb2R1bGUiO3M6MTYwOiJ7ImxvZ2luX2RlZmF1bHRsb2dpbnZpZXdodG1sMjAwIjoiNzYyIiwibG9naW5fZGVmYXVsdGxvZ2luZG9odG1sMjAwIjoiNzU5IiwiaG9tZWhvbWV2aWV3aHRtbDIwMCI6Ijc1NyIsIm1lbnVtZW51dmlld2h0bWwyMDAiOiI3NjMiLCJ0ZXN0VGVzdFZpZXdodG1sMjAwIjoiMTc5MiJ9IjtzOjQ6InVzZXIiO3M6NzoiImFkbWluIiI7fQ==','2014-05-28 07:59:51'),('qqk0lbnk2nmsbblhiq5n04jsi2','dGFibGVfZ3Rmd19jb25maWdfYXZhaWxhYmxlfGE6MTp7aTowO2E6MTp7czozNToiVGFibGVzX2luX2d0ZndfcHVibGljIChndGZ3X2NvbmZpZykiO3M6MTE6Imd0ZndfY29uZmlnIjt9fWNoZWNrX2d0ZndfbWVudV90YWJsZXxhOjE6e2k6MDthOjE6e3M6MzM6IlRhYmxlc19pbl9ndGZ3X3B1YmxpYyAoZ3Rmd19tZW51KSI7czo5OiJndGZ3X21lbnUiO319bWVzc2VuZ2VyX3F1ZXVlfHM6MjQyOiJPOjEyOiJNZXNzYWdlUXVldWUiOjM6e3M6MzE6IgBNZXNzYWdlUXVldWUAbUN1cnJlbnRSZXF1ZXN0SWQiO2k6MTY7czoyODoiAE1lc3NhZ2VRdWV1ZQBtTmV4dFJlcXVlc3RJZCI7aToxNztzOjIzOiIATWVzc2FnZVF1ZXVlAG1NZXNzYWdlcyI7YToxOntzOjgyOiIvbWVkaWEvd3d3L3d3dy9yaXNldC9hcHBfcHVibGljL21vZHVsZS9ndGZ3X21lbnUvcmVzcG9uc2UvVmlld01lbnUuaHRtbC5jbGFzcy5waHBfIjthOjA6e319fSI7c3RhcnRfa2V5fGk6MTI3ODU1NzI2NjttdWx0X2tleXxpOjIxMTY5NzM2ODM7YWRkX2tleXxpOjM0ODYxMzgwODtpc19sb2dnZWRfaW58YjoxO3VzZXJuYW1lfHM6NToiYWRtaW4iO3NhbHR8aToxMTY2NDk2MjA5O2xvZ2luX3NhbHR8aToxMTY2NDk2MjA5O2Rlc2NyaWJlX2d0ZndfbW9kdWxlfHM6MTU3NDoiW3siRmllbGQiOiJNb2R1bGVJZCIsIlR5cGUiOiJiaWdpbnQoMjApIHVuc2lnbmVkIiwiTnVsbCI6Ik5PIiwiS2V5IjoiUFJJIiwiRGVmYXVsdCI6bnVsbCwiRXh0cmEiOiJhdXRvX2luY3JlbWVudCJ9LHsiRmllbGQiOiJNb2R1bGUiLCJUeXBlIjoidmFyY2hhcigxMDApIiwiTnVsbCI6Ik5PIiwiS2V5IjoiIiwiRGVmYXVsdCI6IiIsIkV4dHJhIjoiIn0seyJGaWVsZCI6IkxhYmVsTW9kdWxlIiwiVHlwZSI6InZhcmNoYXIoMTAwKSIsIk51bGwiOiJOTyIsIktleSI6IiIsIkRlZmF1bHQiOiIiLCJFeHRyYSI6IiJ9LHsiRmllbGQiOiJTdWJNb2R1bGUiLCJUeXBlIjoidmFyY2hhcigxMDApIiwiTnVsbCI6Ik5PIiwiS2V5IjoiIiwiRGVmYXVsdCI6IiIsIkV4dHJhIjoiIn0seyJGaWVsZCI6IkFjdGlvbiIsIlR5cGUiOiJ2YXJjaGFyKDEwMCkiLCJOdWxsIjoiWUVTIiwiS2V5IjoiIiwiRGVmYXVsdCI6InZpZXciLCJFeHRyYSI6IiJ9LHsiRmllbGQiOiJUeXBlIiwiVHlwZSI6InZhcmNoYXIoMTAwKSIsIk51bGwiOiJZRVMiLCJLZXkiOiIiLCJEZWZhdWx0IjoiaHRtbCIsIkV4dHJhIjoiIn0seyJGaWVsZCI6IkRlc2NyaXB0aW9uIiwiVHlwZSI6InRleHQiLCJOdWxsIjoiWUVTIiwiS2V5IjoiIiwiRGVmYXVsdCI6bnVsbCwiRXh0cmEiOiIifSx7IkZpZWxkIjoiQWNjZXNzIiwiVHlwZSI6ImVudW0oJ0FsbCcsJ0V4Y2x1c2l2ZScpIiwiTnVsbCI6Ik5PIiwiS2V5IjoiIiwiRGVmYXVsdCI6IkV4Y2x1c2l2ZSIsIkV4dHJhIjoiIn0seyJGaWVsZCI6IlNob3ciLCJUeXBlIjoiZW51bSgnWWVzJywnTm8nKSIsIk51bGwiOiJZRVMiLCJLZXkiOiIiLCJEZWZhdWx0IjoiTm8iLCJFeHRyYSI6IiJ9LHsiRmllbGQiOiJJY29uUGF0aCIsIlR5cGUiOiJ2YXJjaGFyKDI1NSkiLCJOdWxsIjoiWUVTIiwiS2V5IjoiIiwiRGVmYXVsdCI6bnVsbCwiRXh0cmEiOiIifSx7IkZpZWxkIjoiTWVudUlkIiwiVHlwZSI6ImludCg2KSIsIk51bGwiOiJZRVMiLCJLZXkiOiJNVUwiLCJEZWZhdWx0IjpudWxsLCJFeHRyYSI6IiJ9LHsiRmllbGQiOiJBcHBsaWNhdGlvbklkIiwiVHlwZSI6ImJpZ2ludCgyMCkiLCJOdWxsIjoiWUVTIiwiS2V5IjoiTVVMIiwiRGVmYXVsdCI6bnVsbCwiRXh0cmEiOiIifSx7IkZpZWxkIjoiTW9kdWxlUGF0aCIsIlR5cGUiOiJ2YXJjaGFyKDI1NSkiLCJOdWxsIjoiWUVTIiwiS2V5IjoiIiwiRGVmYXVsdCI6bnVsbCwiRXh0cmEiOiIifSx7IkZpZWxkIjoiQWtzaUlkIiwiVHlwZSI6InNtYWxsaW50KDYpIiwiTnVsbCI6IllFUyIsIktleSI6Ik1VTCIsIkRlZmF1bHQiOm51bGwsIkV4dHJhIjoiIn0seyJGaWVsZCI6IkxhYmVsQWtzaSIsIlR5cGUiOiJ2YXJjaGFyKDUwKSIsIk51bGwiOiJZRVMiLCJLZXkiOiIiLCJEZWZhdWx0IjpudWxsLCJFeHRyYSI6IiJ9LHsiRmllbGQiOiJIaW50IiwiVHlwZSI6InZhcmNoYXIoMTAwKSIsIk51bGwiOiJZRVMiLCJLZXkiOiIiLCJEZWZhdWx0IjpudWxsLCJFeHRyYSI6IiJ9LHsiRmllbGQiOiJOZWVkU3NsIiwiVHlwZSI6ImVudW0oJ1llcycsJ05vJykiLCJOdWxsIjoiWUVTIiwiS2V5IjoiIiwiRGVmYXVsdCI6bnVsbCwiRXh0cmEiOiIifV0iO2FrdGl2ZV91c2VyX2dyb3VwX2lkfHM6MjoiNjMiO2FjY2Vzc19tb2R1bGV8YTozOntzOjExOiJtb2R1bGVDb3VudCI7czo0OiIiMzQiIjtzOjY6Im1vZHVsZSI7czoyNDk6InsibG9naW5fZGVmYXVsdGxvZ2ludmlld2h0bWwyMDAiOiIwIiwibG9naW5fZGVmYXVsdGxvZ2luZG9odG1sMjAwIjoiNzU5IiwiaG9tZWhvbWV2aWV3aHRtbDIwMCI6Ijc1NyIsIm1lbnVtZW51dmlld2h0bWwyMDAiOiI3NjMiLCJ0ZXN0VGVzdFZpZXdodG1sMjAwIjoiMCIsImd0ZndfbWVudU1lbnVWaWV3aHRtbDIwMCI6IjAiLCJwYWdpbmdwYWdpbmd2aWV3aHRtbDIwMCI6IjAiLCJndGZ3X2dyb3VwR3JvdXBWaWV3aHRtbDIwMCI6IjAifSI7czo0OiJ1c2VyIjtzOjc6IiJhZG1pbiIiO30=','2014-05-28 04:35:46'),('pu8n7bnj6ocdlcbnklpm8ogf23','dGFibGVfZ3Rmd19jb25maWdfYXZhaWxhYmxlfGE6MTp7aTowO2E6MTp7czozNToiVGFibGVzX2luX2d0ZndfcHVibGljIChndGZ3X2NvbmZpZykiO3M6MTE6Imd0ZndfY29uZmlnIjt9fWNoZWNrX2d0ZndfbWVudV90YWJsZXxhOjE6e2k6MDthOjE6e3M6MzM6IlRhYmxlc19pbl9ndGZ3X3B1YmxpYyAoZ3Rmd19tZW51KSI7czo5OiJndGZ3X21lbnUiO319bWVzc2VuZ2VyX3F1ZXVlfHM6MTQ2OiJPOjEyOiJNZXNzYWdlUXVldWUiOjM6e3M6MzE6IgBNZXNzYWdlUXVldWUAbUN1cnJlbnRSZXF1ZXN0SWQiO2k6MTA7czoyODoiAE1lc3NhZ2VRdWV1ZQBtTmV4dFJlcXVlc3RJZCI7aToxMTtzOjIzOiIATWVzc2FnZVF1ZXVlAG1NZXNzYWdlcyI7YTowOnt9fSI7c3RhcnRfa2V5fGk6MTAzNTk0MTI2ODttdWx0X2tleXxpOjY0MjY5MTczMTthZGRfa2V5fGk6NzczNTU0NjgyO2lzX2xvZ2dlZF9pbnxiOjE7dXNlcm5hbWV8czo1OiJhZG1pbiI7c2FsdHxpOjE1NDUxNzcwMDM7bG9naW5fc2FsdHxpOjE1NDUxNzcwMDM7ZGVzY3JpYmVfZ3Rmd19tb2R1bGV8czoxNTc0OiJbeyJGaWVsZCI6Ik1vZHVsZUlkIiwiVHlwZSI6ImJpZ2ludCgyMCkgdW5zaWduZWQiLCJOdWxsIjoiTk8iLCJLZXkiOiJQUkkiLCJEZWZhdWx0IjpudWxsLCJFeHRyYSI6ImF1dG9faW5jcmVtZW50In0seyJGaWVsZCI6Ik1vZHVsZSIsIlR5cGUiOiJ2YXJjaGFyKDEwMCkiLCJOdWxsIjoiTk8iLCJLZXkiOiIiLCJEZWZhdWx0IjoiIiwiRXh0cmEiOiIifSx7IkZpZWxkIjoiTGFiZWxNb2R1bGUiLCJUeXBlIjoidmFyY2hhcigxMDApIiwiTnVsbCI6Ik5PIiwiS2V5IjoiIiwiRGVmYXVsdCI6IiIsIkV4dHJhIjoiIn0seyJGaWVsZCI6IlN1Yk1vZHVsZSIsIlR5cGUiOiJ2YXJjaGFyKDEwMCkiLCJOdWxsIjoiTk8iLCJLZXkiOiIiLCJEZWZhdWx0IjoiIiwiRXh0cmEiOiIifSx7IkZpZWxkIjoiQWN0aW9uIiwiVHlwZSI6InZhcmNoYXIoMTAwKSIsIk51bGwiOiJZRVMiLCJLZXkiOiIiLCJEZWZhdWx0IjoidmlldyIsIkV4dHJhIjoiIn0seyJGaWVsZCI6IlR5cGUiLCJUeXBlIjoidmFyY2hhcigxMDApIiwiTnVsbCI6IllFUyIsIktleSI6IiIsIkRlZmF1bHQiOiJodG1sIiwiRXh0cmEiOiIifSx7IkZpZWxkIjoiRGVzY3JpcHRpb24iLCJUeXBlIjoidGV4dCIsIk51bGwiOiJZRVMiLCJLZXkiOiIiLCJEZWZhdWx0IjpudWxsLCJFeHRyYSI6IiJ9LHsiRmllbGQiOiJBY2Nlc3MiLCJUeXBlIjoiZW51bSgnQWxsJywnRXhjbHVzaXZlJykiLCJOdWxsIjoiTk8iLCJLZXkiOiIiLCJEZWZhdWx0IjoiRXhjbHVzaXZlIiwiRXh0cmEiOiIifSx7IkZpZWxkIjoiU2hvdyIsIlR5cGUiOiJlbnVtKCdZZXMnLCdObycpIiwiTnVsbCI6IllFUyIsIktleSI6IiIsIkRlZmF1bHQiOiJObyIsIkV4dHJhIjoiIn0seyJGaWVsZCI6Ikljb25QYXRoIiwiVHlwZSI6InZhcmNoYXIoMjU1KSIsIk51bGwiOiJZRVMiLCJLZXkiOiIiLCJEZWZhdWx0IjpudWxsLCJFeHRyYSI6IiJ9LHsiRmllbGQiOiJNZW51SWQiLCJUeXBlIjoiaW50KDYpIiwiTnVsbCI6IllFUyIsIktleSI6Ik1VTCIsIkRlZmF1bHQiOm51bGwsIkV4dHJhIjoiIn0seyJGaWVsZCI6IkFwcGxpY2F0aW9uSWQiLCJUeXBlIjoiYmlnaW50KDIwKSIsIk51bGwiOiJZRVMiLCJLZXkiOiJNVUwiLCJEZWZhdWx0IjpudWxsLCJFeHRyYSI6IiJ9LHsiRmllbGQiOiJNb2R1bGVQYXRoIiwiVHlwZSI6InZhcmNoYXIoMjU1KSIsIk51bGwiOiJZRVMiLCJLZXkiOiIiLCJEZWZhdWx0IjpudWxsLCJFeHRyYSI6IiJ9LHsiRmllbGQiOiJBa3NpSWQiLCJUeXBlIjoic21hbGxpbnQoNikiLCJOdWxsIjoiWUVTIiwiS2V5IjoiTVVMIiwiRGVmYXVsdCI6bnVsbCwiRXh0cmEiOiIifSx7IkZpZWxkIjoiTGFiZWxBa3NpIiwiVHlwZSI6InZhcmNoYXIoNTApIiwiTnVsbCI6IllFUyIsIktleSI6IiIsIkRlZmF1bHQiOm51bGwsIkV4dHJhIjoiIn0seyJGaWVsZCI6IkhpbnQiLCJUeXBlIjoidmFyY2hhcigxMDApIiwiTnVsbCI6IllFUyIsIktleSI6IiIsIkRlZmF1bHQiOm51bGwsIkV4dHJhIjoiIn0seyJGaWVsZCI6Ik5lZWRTc2wiLCJUeXBlIjoiZW51bSgnWWVzJywnTm8nKSIsIk51bGwiOiJZRVMiLCJLZXkiOiIiLCJEZWZhdWx0IjpudWxsLCJFeHRyYSI6IiJ9XSI7YWt0aXZlX3VzZXJfZ3JvdXBfaWR8czoyOiI2MyI7YWNjZXNzX21vZHVsZXxhOjM6e3M6MTE6Im1vZHVsZUNvdW50IjtzOjQ6IiIzNCIiO3M6NjoibW9kdWxlIjtzOjMzMzoieyJsb2dpbl9kZWZhdWx0bG9naW52aWV3aHRtbDIwMCI6Ijc2MiIsImxvZ2luX2RlZmF1bHRsb2dpbmRvaHRtbDIwMCI6Ijc1OSIsImhvbWVob21ldmlld2h0bWwyMDAiOiI3NTciLCJtZW51bWVudXZpZXdodG1sMjAwIjoiNzYzIiwidGVzdFRlc3RWaWV3aHRtbDIwMCI6IjE3OTIiLCJndGZ3X21lbnVNZW51Vmlld2h0bWwyMDAiOiIxNzkzIiwicGFnaW5ncGFnaW5ndmlld2h0bWwyMDAiOiIwIiwiZ3Rmd19ncm91cEdyb3VwVmlld2h0bWwyMDAiOiIxNzc3IiwiZ3Rmd19tb2R1bGVndGZ3TW9kdWxldmlld2h0bWwyMDAiOiIwIiwiZ3Rmd191c2VyVXNlclZpZXdodG1sMjAwIjoiMTc5MCJ9IjtzOjQ6InVzZXIiO3M6NzoiImFkbWluIiI7fQ==','2014-05-30 01:29:47'),('o5aa24au8s2of8te36jp2c7fv0','dGFibGVfZ3Rmd19jb25maWdfYXZhaWxhYmxlfGE6MTp7aTowO2E6MTp7czozNToiVGFibGVzX2luX2d0ZndfcHVibGljIChndGZ3X2NvbmZpZykiO3M6MTE6Imd0ZndfY29uZmlnIjt9fWNoZWNrX2d0ZndfbWVudV90YWJsZXxhOjE6e2k6MDthOjE6e3M6MzM6IlRhYmxlc19pbl9ndGZ3X3B1YmxpYyAoZ3Rmd19tZW51KSI7czo5OiJndGZ3X21lbnUiO319bWVzc2VuZ2VyX3F1ZXVlfHM6MTQ2OiJPOjEyOiJNZXNzYWdlUXVldWUiOjM6e3M6MzE6IgBNZXNzYWdlUXVldWUAbUN1cnJlbnRSZXF1ZXN0SWQiO2k6MTQ7czoyODoiAE1lc3NhZ2VRdWV1ZQBtTmV4dFJlcXVlc3RJZCI7aToxNTtzOjIzOiIATWVzc2FnZVF1ZXVlAG1NZXNzYWdlcyI7YTowOnt9fSI7c3RhcnRfa2V5fGk6NDkzNTI3NTgyO211bHRfa2V5fGk6MTY0NTMwNDYzOTthZGRfa2V5fGk6MTM5MDI1MDk0Mjtpc19sb2dnZWRfaW58YjoxO3VzZXJuYW1lfHM6NToiYWRtaW4iO3NhbHR8aToxNDMwMjA2MTk7bG9naW5fc2FsdHxpOjE0MzAyMDYxOTtkZXNjcmliZV9ndGZ3X21vZHVsZXxzOjE1NzQ6Ilt7IkZpZWxkIjoiTW9kdWxlSWQiLCJUeXBlIjoiYmlnaW50KDIwKSB1bnNpZ25lZCIsIk51bGwiOiJOTyIsIktleSI6IlBSSSIsIkRlZmF1bHQiOm51bGwsIkV4dHJhIjoiYXV0b19pbmNyZW1lbnQifSx7IkZpZWxkIjoiTW9kdWxlIiwiVHlwZSI6InZhcmNoYXIoMTAwKSIsIk51bGwiOiJOTyIsIktleSI6IiIsIkRlZmF1bHQiOiIiLCJFeHRyYSI6IiJ9LHsiRmllbGQiOiJMYWJlbE1vZHVsZSIsIlR5cGUiOiJ2YXJjaGFyKDEwMCkiLCJOdWxsIjoiTk8iLCJLZXkiOiIiLCJEZWZhdWx0IjoiIiwiRXh0cmEiOiIifSx7IkZpZWxkIjoiU3ViTW9kdWxlIiwiVHlwZSI6InZhcmNoYXIoMTAwKSIsIk51bGwiOiJOTyIsIktleSI6IiIsIkRlZmF1bHQiOiIiLCJFeHRyYSI6IiJ9LHsiRmllbGQiOiJBY3Rpb24iLCJUeXBlIjoidmFyY2hhcigxMDApIiwiTnVsbCI6IllFUyIsIktleSI6IiIsIkRlZmF1bHQiOiJ2aWV3IiwiRXh0cmEiOiIifSx7IkZpZWxkIjoiVHlwZSIsIlR5cGUiOiJ2YXJjaGFyKDEwMCkiLCJOdWxsIjoiWUVTIiwiS2V5IjoiIiwiRGVmYXVsdCI6Imh0bWwiLCJFeHRyYSI6IiJ9LHsiRmllbGQiOiJEZXNjcmlwdGlvbiIsIlR5cGUiOiJ0ZXh0IiwiTnVsbCI6IllFUyIsIktleSI6IiIsIkRlZmF1bHQiOm51bGwsIkV4dHJhIjoiIn0seyJGaWVsZCI6IkFjY2VzcyIsIlR5cGUiOiJlbnVtKCdBbGwnLCdFeGNsdXNpdmUnKSIsIk51bGwiOiJOTyIsIktleSI6IiIsIkRlZmF1bHQiOiJFeGNsdXNpdmUiLCJFeHRyYSI6IiJ9LHsiRmllbGQiOiJTaG93IiwiVHlwZSI6ImVudW0oJ1llcycsJ05vJykiLCJOdWxsIjoiWUVTIiwiS2V5IjoiIiwiRGVmYXVsdCI6Ik5vIiwiRXh0cmEiOiIifSx7IkZpZWxkIjoiSWNvblBhdGgiLCJUeXBlIjoidmFyY2hhcigyNTUpIiwiTnVsbCI6IllFUyIsIktleSI6IiIsIkRlZmF1bHQiOm51bGwsIkV4dHJhIjoiIn0seyJGaWVsZCI6Ik1lbnVJZCIsIlR5cGUiOiJpbnQoNikiLCJOdWxsIjoiWUVTIiwiS2V5IjoiTVVMIiwiRGVmYXVsdCI6bnVsbCwiRXh0cmEiOiIifSx7IkZpZWxkIjoiQXBwbGljYXRpb25JZCIsIlR5cGUiOiJiaWdpbnQoMjApIiwiTnVsbCI6IllFUyIsIktleSI6Ik1VTCIsIkRlZmF1bHQiOm51bGwsIkV4dHJhIjoiIn0seyJGaWVsZCI6Ik1vZHVsZVBhdGgiLCJUeXBlIjoidmFyY2hhcigyNTUpIiwiTnVsbCI6IllFUyIsIktleSI6IiIsIkRlZmF1bHQiOm51bGwsIkV4dHJhIjoiIn0seyJGaWVsZCI6IkFrc2lJZCIsIlR5cGUiOiJzbWFsbGludCg2KSIsIk51bGwiOiJZRVMiLCJLZXkiOiJNVUwiLCJEZWZhdWx0IjpudWxsLCJFeHRyYSI6IiJ9LHsiRmllbGQiOiJMYWJlbEFrc2kiLCJUeXBlIjoidmFyY2hhcig1MCkiLCJOdWxsIjoiWUVTIiwiS2V5IjoiIiwiRGVmYXVsdCI6bnVsbCwiRXh0cmEiOiIifSx7IkZpZWxkIjoiSGludCIsIlR5cGUiOiJ2YXJjaGFyKDEwMCkiLCJOdWxsIjoiWUVTIiwiS2V5IjoiIiwiRGVmYXVsdCI6bnVsbCwiRXh0cmEiOiIifSx7IkZpZWxkIjoiTmVlZFNzbCIsIlR5cGUiOiJlbnVtKCdZZXMnLCdObycpIiwiTnVsbCI6IllFUyIsIktleSI6IiIsIkRlZmF1bHQiOm51bGwsIkV4dHJhIjoiIn1dIjtha3RpdmVfdXNlcl9ncm91cF9pZHxzOjI6IjYzIjthY2Nlc3NfbW9kdWxlfGE6Mzp7czoxMToibW9kdWxlQ291bnQiO3M6NDoiIjM0IiI7czo2OiJtb2R1bGUiO3M6MzgyOiJ7ImxvZ2luX2RlZmF1bHRsb2dpbnZpZXdodG1sMjAwIjoiNzYyIiwibG9naW5fZGVmYXVsdGxvZ2luZG9odG1sMjAwIjoiNzU5IiwiaG9tZWhvbWV2aWV3aHRtbDIwMCI6Ijc1NyIsIm1lbnVtZW51dmlld2h0bWwyMDAiOiI3NjMiLCJ0ZXN0VGVzdFZpZXdodG1sMjAwIjoiMCIsImd0ZndfbWVudU1lbnVWaWV3aHRtbDIwMCI6IjAiLCJwYWdpbmdwYWdpbmd2aWV3aHRtbDIwMCI6IjAiLCJndGZ3X2dyb3VwR3JvdXBWaWV3aHRtbDIwMCI6IjAiLCJndGZ3X3VzZXJVc2VyVmlld2h0bWwyMDAiOiIwIiwiZ3Rmd19tb2R1bGVndGZ3TW9kdWxldmlld2h0bWwyMDAiOiIxMTMyIiwidGVzdGV4Y2Vsdmlld3hsczIwMCI6IjE4MDAiLCJ0ZXN0cGRmeHZpZXdwZGZ4MjAwIjoiMTgwMSJ9IjtzOjQ6InVzZXIiO3M6NzoiImFkbWluIiI7fQ==','2014-06-10 06:01:33'),('m8oibj06fqlvdbgbaf98dj8g91','dGFibGVfZ3Rmd19jb25maWdfYXZhaWxhYmxlfGE6MTp7aTowO2E6MTp7czozNToiVGFibGVzX2luX2d0ZndfcHVibGljIChndGZ3X2NvbmZpZykiO3M6MTE6Imd0ZndfY29uZmlnIjt9fWNoZWNrX2d0ZndfbWVudV90YWJsZXxhOjE6e2k6MDthOjE6e3M6MzM6IlRhYmxlc19pbl9ndGZ3X3B1YmxpYyAoZ3Rmd19tZW51KSI7czo5OiJndGZ3X21lbnUiO319bWVzc2VuZ2VyX3F1ZXVlfHM6NDExOiJPOjEyOiJNZXNzYWdlUXVldWUiOjM6e3M6MzE6IgBNZXNzYWdlUXVldWUAbUN1cnJlbnRSZXF1ZXN0SWQiO2k6MzQ7czoyODoiAE1lc3NhZ2VRdWV1ZQBtTmV4dFJlcXVlc3RJZCI7aTozNTtzOjIzOiIATWVzc2FnZVF1ZXVlAG1NZXNzYWdlcyI7YToxOntzOjgyOiIvbWVkaWEvd3d3L3d3dy9yaXNldC9hcHBfcHVibGljL21vZHVsZS9ndGZ3X21lbnUvcmVzcG9uc2UvVmlld01lbnUuaHRtbC5jbGFzcy5waHBfIjthOjE6e2k6MjY7Tzo3OiJNZXNzYWdlIjozOntzOjE5OiIATWVzc2FnZQBtUmVxdWVzdElkIjtpOjA7czoxNzoiAE1lc3NhZ2UAbU1lc3NhZ2UiO2E6MTp7aTowO2E6Mzp7czo0OiJwYWdlIjtpOjE7czo3OiJkaXNwbGF5IjtpOjU7czo1OiJzdGFydCI7aTowO319czoxMzoiAE1lc3NhZ2UAbU9sZCI7YjowO319fX0iO3N0YXJ0X2tleXxpOjE5MTI2NTQwMDQ7bXVsdF9rZXl8aToxNTY4NDg2MjMzO2FkZF9rZXl8aToxMjQ2OTY2NDIzO2lzX2xvZ2dlZF9pbnxiOjE7dXNlcm5hbWV8czo1OiJhZG1pbiI7c2FsdHxpOjcwOTc3Mjg4Mjtsb2dpbl9zYWx0fGk6NzA5NzcyODgyO2Rlc2NyaWJlX2d0ZndfbW9kdWxlfHM6MTU3NDoiW3siRmllbGQiOiJNb2R1bGVJZCIsIlR5cGUiOiJiaWdpbnQoMjApIHVuc2lnbmVkIiwiTnVsbCI6Ik5PIiwiS2V5IjoiUFJJIiwiRGVmYXVsdCI6bnVsbCwiRXh0cmEiOiJhdXRvX2luY3JlbWVudCJ9LHsiRmllbGQiOiJNb2R1bGUiLCJUeXBlIjoidmFyY2hhcigxMDApIiwiTnVsbCI6Ik5PIiwiS2V5IjoiIiwiRGVmYXVsdCI6IiIsIkV4dHJhIjoiIn0seyJGaWVsZCI6IkxhYmVsTW9kdWxlIiwiVHlwZSI6InZhcmNoYXIoMTAwKSIsIk51bGwiOiJOTyIsIktleSI6IiIsIkRlZmF1bHQiOiIiLCJFeHRyYSI6IiJ9LHsiRmllbGQiOiJTdWJNb2R1bGUiLCJUeXBlIjoidmFyY2hhcigxMDApIiwiTnVsbCI6Ik5PIiwiS2V5IjoiIiwiRGVmYXVsdCI6IiIsIkV4dHJhIjoiIn0seyJGaWVsZCI6IkFjdGlvbiIsIlR5cGUiOiJ2YXJjaGFyKDEwMCkiLCJOdWxsIjoiWUVTIiwiS2V5IjoiIiwiRGVmYXVsdCI6InZpZXciLCJFeHRyYSI6IiJ9LHsiRmllbGQiOiJUeXBlIiwiVHlwZSI6InZhcmNoYXIoMTAwKSIsIk51bGwiOiJZRVMiLCJLZXkiOiIiLCJEZWZhdWx0IjoiaHRtbCIsIkV4dHJhIjoiIn0seyJGaWVsZCI6IkRlc2NyaXB0aW9uIiwiVHlwZSI6InRleHQiLCJOdWxsIjoiWUVTIiwiS2V5IjoiIiwiRGVmYXVsdCI6bnVsbCwiRXh0cmEiOiIifSx7IkZpZWxkIjoiQWNjZXNzIiwiVHlwZSI6ImVudW0oJ0FsbCcsJ0V4Y2x1c2l2ZScpIiwiTnVsbCI6Ik5PIiwiS2V5IjoiIiwiRGVmYXVsdCI6IkV4Y2x1c2l2ZSIsIkV4dHJhIjoiIn0seyJGaWVsZCI6IlNob3ciLCJUeXBlIjoiZW51bSgnWWVzJywnTm8nKSIsIk51bGwiOiJZRVMiLCJLZXkiOiIiLCJEZWZhdWx0IjoiTm8iLCJFeHRyYSI6IiJ9LHsiRmllbGQiOiJJY29uUGF0aCIsIlR5cGUiOiJ2YXJjaGFyKDI1NSkiLCJOdWxsIjoiWUVTIiwiS2V5IjoiIiwiRGVmYXVsdCI6bnVsbCwiRXh0cmEiOiIifSx7IkZpZWxkIjoiTWVudUlkIiwiVHlwZSI6ImludCg2KSIsIk51bGwiOiJZRVMiLCJLZXkiOiJNVUwiLCJEZWZhdWx0IjpudWxsLCJFeHRyYSI6IiJ9LHsiRmllbGQiOiJBcHBsaWNhdGlvbklkIiwiVHlwZSI6ImJpZ2ludCgyMCkiLCJOdWxsIjoiWUVTIiwiS2V5IjoiTVVMIiwiRGVmYXVsdCI6bnVsbCwiRXh0cmEiOiIifSx7IkZpZWxkIjoiTW9kdWxlUGF0aCIsIlR5cGUiOiJ2YXJjaGFyKDI1NSkiLCJOdWxsIjoiWUVTIiwiS2V5IjoiIiwiRGVmYXVsdCI6bnVsbCwiRXh0cmEiOiIifSx7IkZpZWxkIjoiQWtzaUlkIiwiVHlwZSI6InNtYWxsaW50KDYpIiwiTnVsbCI6IllFUyIsIktleSI6Ik1VTCIsIkRlZmF1bHQiOm51bGwsIkV4dHJhIjoiIn0seyJGaWVsZCI6IkxhYmVsQWtzaSIsIlR5cGUiOiJ2YXJjaGFyKDUwKSIsIk51bGwiOiJZRVMiLCJLZXkiOiIiLCJEZWZhdWx0IjpudWxsLCJFeHRyYSI6IiJ9LHsiRmllbGQiOiJIaW50IiwiVHlwZSI6InZhcmNoYXIoMTAwKSIsIk51bGwiOiJZRVMiLCJLZXkiOiIiLCJEZWZhdWx0IjpudWxsLCJFeHRyYSI6IiJ9LHsiRmllbGQiOiJOZWVkU3NsIiwiVHlwZSI6ImVudW0oJ1llcycsJ05vJykiLCJOdWxsIjoiWUVTIiwiS2V5IjoiIiwiRGVmYXVsdCI6bnVsbCwiRXh0cmEiOiIifV0iO2FrdGl2ZV91c2VyX2dyb3VwX2lkfHM6MjoiNjMiO2FjY2Vzc19tb2R1bGV8YTozOntzOjExOiJtb2R1bGVDb3VudCI7czo0OiIiMzQiIjtzOjY6Im1vZHVsZSI7czoyMTk6InsibG9naW5fZGVmYXVsdGxvZ2ludmlld2h0bWwyMDAiOiIwIiwibG9naW5fZGVmYXVsdGxvZ2luZG9odG1sMjAwIjoiNzU5IiwiaG9tZWhvbWV2aWV3aHRtbDIwMCI6Ijc1NyIsIm1lbnVtZW51dmlld2h0bWwyMDAiOiI3NjMiLCJ0ZXN0VGVzdFZpZXdodG1sMjAwIjoiMTc5MiIsImd0ZndfbWVudU1lbnVWaWV3aHRtbDIwMCI6IjAiLCJwYWdpbmdwYWdpbmd2aWV3aHRtbDIwMCI6IjAifSI7czo0OiJ1c2VyIjtzOjc6IiJhZG1pbiIiO30=','2014-06-16 03:47:34'),('89hb65qqsfn98ni6ab8k0hjqd2','dGFibGVfZ3Rmd19jb25maWdfYXZhaWxhYmxlfGE6MTp7aTowO2E6MTp7czozNToiVGFibGVzX2luX2d0ZndfcHVibGljIChndGZ3X2NvbmZpZykiO3M6MTE6Imd0ZndfY29uZmlnIjt9fWNoZWNrX2d0ZndfbWVudV90YWJsZXxhOjE6e2k6MDthOjE6e3M6MzM6IlRhYmxlc19pbl9ndGZ3X3B1YmxpYyAoZ3Rmd19tZW51KSI7czo5OiJndGZ3X21lbnUiO319bWVzc2VuZ2VyX3F1ZXVlfHM6NDEwOiJPOjEyOiJNZXNzYWdlUXVldWUiOjM6e3M6MzE6IgBNZXNzYWdlUXVldWUAbUN1cnJlbnRSZXF1ZXN0SWQiO2k6MTA7czoyODoiAE1lc3NhZ2VRdWV1ZQBtTmV4dFJlcXVlc3RJZCI7aToxMTtzOjIzOiIATWVzc2FnZVF1ZXVlAG1NZXNzYWdlcyI7YToxOntzOjgyOiIvbWVkaWEvd3d3L3d3dy9yaXNldC9hcHBfcHVibGljL21vZHVsZS9ndGZ3X21lbnUvcmVzcG9uc2UvVmlld01lbnUuaHRtbC5jbGFzcy5waHBfIjthOjE6e2k6MDtPOjc6Ik1lc3NhZ2UiOjM6e3M6MTk6IgBNZXNzYWdlAG1SZXF1ZXN0SWQiO2k6MDtzOjE3OiIATWVzc2FnZQBtTWVzc2FnZSI7YToxOntpOjA7YTozOntzOjQ6InBhZ2UiO2k6MTtzOjc6ImRpc3BsYXkiO2k6MjtzOjU6InN0YXJ0IjtpOjA7fX1zOjEzOiIATWVzc2FnZQBtT2xkIjtiOjA7fX19fSI7c3RhcnRfa2V5fGk6MTQ4NjIzNTk1NTttdWx0X2tleXxpOjEwNTA4NDU0MTQ7YWRkX2tleXxpOjE5NDI1OTQ1OTg7aXNfbG9nZ2VkX2lufGI6MTt1c2VybmFtZXxzOjU6ImFkbWluIjtzYWx0fGk6MTk3MzE4NDAxMDtsb2dpbl9zYWx0fGk6MTk3MzE4NDAxMDtkZXNjcmliZV9ndGZ3X21vZHVsZXxzOjE1NzQ6Ilt7IkZpZWxkIjoiTW9kdWxlSWQiLCJUeXBlIjoiYmlnaW50KDIwKSB1bnNpZ25lZCIsIk51bGwiOiJOTyIsIktleSI6IlBSSSIsIkRlZmF1bHQiOm51bGwsIkV4dHJhIjoiYXV0b19pbmNyZW1lbnQifSx7IkZpZWxkIjoiTW9kdWxlIiwiVHlwZSI6InZhcmNoYXIoMTAwKSIsIk51bGwiOiJOTyIsIktleSI6IiIsIkRlZmF1bHQiOiIiLCJFeHRyYSI6IiJ9LHsiRmllbGQiOiJMYWJlbE1vZHVsZSIsIlR5cGUiOiJ2YXJjaGFyKDEwMCkiLCJOdWxsIjoiTk8iLCJLZXkiOiIiLCJEZWZhdWx0IjoiIiwiRXh0cmEiOiIifSx7IkZpZWxkIjoiU3ViTW9kdWxlIiwiVHlwZSI6InZhcmNoYXIoMTAwKSIsIk51bGwiOiJOTyIsIktleSI6IiIsIkRlZmF1bHQiOiIiLCJFeHRyYSI6IiJ9LHsiRmllbGQiOiJBY3Rpb24iLCJUeXBlIjoidmFyY2hhcigxMDApIiwiTnVsbCI6IllFUyIsIktleSI6IiIsIkRlZmF1bHQiOiJ2aWV3IiwiRXh0cmEiOiIifSx7IkZpZWxkIjoiVHlwZSIsIlR5cGUiOiJ2YXJjaGFyKDEwMCkiLCJOdWxsIjoiWUVTIiwiS2V5IjoiIiwiRGVmYXVsdCI6Imh0bWwiLCJFeHRyYSI6IiJ9LHsiRmllbGQiOiJEZXNjcmlwdGlvbiIsIlR5cGUiOiJ0ZXh0IiwiTnVsbCI6IllFUyIsIktleSI6IiIsIkRlZmF1bHQiOm51bGwsIkV4dHJhIjoiIn0seyJGaWVsZCI6IkFjY2VzcyIsIlR5cGUiOiJlbnVtKCdBbGwnLCdFeGNsdXNpdmUnKSIsIk51bGwiOiJOTyIsIktleSI6IiIsIkRlZmF1bHQiOiJFeGNsdXNpdmUiLCJFeHRyYSI6IiJ9LHsiRmllbGQiOiJTaG93IiwiVHlwZSI6ImVudW0oJ1llcycsJ05vJykiLCJOdWxsIjoiWUVTIiwiS2V5IjoiIiwiRGVmYXVsdCI6Ik5vIiwiRXh0cmEiOiIifSx7IkZpZWxkIjoiSWNvblBhdGgiLCJUeXBlIjoidmFyY2hhcigyNTUpIiwiTnVsbCI6IllFUyIsIktleSI6IiIsIkRlZmF1bHQiOm51bGwsIkV4dHJhIjoiIn0seyJGaWVsZCI6Ik1lbnVJZCIsIlR5cGUiOiJpbnQoNikiLCJOdWxsIjoiWUVTIiwiS2V5IjoiTVVMIiwiRGVmYXVsdCI6bnVsbCwiRXh0cmEiOiIifSx7IkZpZWxkIjoiQXBwbGljYXRpb25JZCIsIlR5cGUiOiJiaWdpbnQoMjApIiwiTnVsbCI6IllFUyIsIktleSI6Ik1VTCIsIkRlZmF1bHQiOm51bGwsIkV4dHJhIjoiIn0seyJGaWVsZCI6Ik1vZHVsZVBhdGgiLCJUeXBlIjoidmFyY2hhcigyNTUpIiwiTnVsbCI6IllFUyIsIktleSI6IiIsIkRlZmF1bHQiOm51bGwsIkV4dHJhIjoiIn0seyJGaWVsZCI6IkFrc2lJZCIsIlR5cGUiOiJzbWFsbGludCg2KSIsIk51bGwiOiJZRVMiLCJLZXkiOiJNVUwiLCJEZWZhdWx0IjpudWxsLCJFeHRyYSI6IiJ9LHsiRmllbGQiOiJMYWJlbEFrc2kiLCJUeXBlIjoidmFyY2hhcig1MCkiLCJOdWxsIjoiWUVTIiwiS2V5IjoiIiwiRGVmYXVsdCI6bnVsbCwiRXh0cmEiOiIifSx7IkZpZWxkIjoiSGludCIsIlR5cGUiOiJ2YXJjaGFyKDEwMCkiLCJOdWxsIjoiWUVTIiwiS2V5IjoiIiwiRGVmYXVsdCI6bnVsbCwiRXh0cmEiOiIifSx7IkZpZWxkIjoiTmVlZFNzbCIsIlR5cGUiOiJlbnVtKCdZZXMnLCdObycpIiwiTnVsbCI6IllFUyIsIktleSI6IiIsIkRlZmF1bHQiOm51bGwsIkV4dHJhIjoiIn1dIjtha3RpdmVfdXNlcl9ncm91cF9pZHxzOjI6IjYzIjthY2Nlc3NfbW9kdWxlfGE6Mzp7czoxMToibW9kdWxlQ291bnQiO3M6NDoiIjM0IiI7czo2OiJtb2R1bGUiO3M6MzMwOiJ7ImxvZ2luX2RlZmF1bHRsb2dpbnZpZXdodG1sMjAwIjoiNzYyIiwibG9naW5fZGVmYXVsdGxvZ2luZG9odG1sMjAwIjoiNzU5IiwiaG9tZWhvbWV2aWV3aHRtbDIwMCI6Ijc1NyIsIm1lbnVtZW51dmlld2h0bWwyMDAiOiI3NjMiLCJ0ZXN0VGVzdFZpZXdodG1sMjAwIjoiMCIsImd0ZndfbWVudU1lbnVWaWV3aHRtbDIwMCI6IjAiLCJwYWdpbmdwYWdpbmd2aWV3aHRtbDIwMCI6IjAiLCJndGZ3X2dyb3VwR3JvdXBWaWV3aHRtbDIwMCI6IjE3NzciLCJndGZ3X3VzZXJVc2VyVmlld2h0bWwyMDAiOiIxNzkwIiwiZ3Rmd19tb2R1bGVndGZ3TW9kdWxldmlld2h0bWwyMDAiOiIxMTMyIn0iO3M6NDoidXNlciI7czo3OiIiYWRtaW4iIjt9','2014-06-16 09:22:19'),('aaja9o8bgiq9d883pafdg81eg0','dGFibGVfZ3Rmd19jb25maWdfYXZhaWxhYmxlfGE6MTp7aTowO2E6MTp7czozNToiVGFibGVzX2luX2d0ZndfcHVibGljIChndGZ3X2NvbmZpZykiO3M6MTE6Imd0ZndfY29uZmlnIjt9fWNoZWNrX2d0ZndfbWVudV90YWJsZXxhOjE6e2k6MDthOjE6e3M6MzM6IlRhYmxlc19pbl9ndGZ3X3B1YmxpYyAoZ3Rmd19tZW51KSI7czo5OiJndGZ3X21lbnUiO319bWVzc2VuZ2VyX3F1ZXVlfHM6MTQ2OiJPOjEyOiJNZXNzYWdlUXVldWUiOjM6e3M6MzE6IgBNZXNzYWdlUXVldWUAbUN1cnJlbnRSZXF1ZXN0SWQiO2k6NDE7czoyODoiAE1lc3NhZ2VRdWV1ZQBtTmV4dFJlcXVlc3RJZCI7aTo0MjtzOjIzOiIATWVzc2FnZVF1ZXVlAG1NZXNzYWdlcyI7YTowOnt9fSI7c3RhcnRfa2V5fGk6MjE0MTQ0NDA5O211bHRfa2V5fGk6MjEzODk2NDQ5OTthZGRfa2V5fGk6MTM2MzY3MjIxMTtpc19sb2dnZWRfaW58YjoxO3VzZXJuYW1lfHM6NToiYWRtaW4iO3NhbHR8aToxMDM1NzU1MTg2O2xvZ2luX3NhbHR8aToxMDM1NzU1MTg2O2Rlc2NyaWJlX2d0ZndfbW9kdWxlfHM6MTU3NDoiW3siRmllbGQiOiJNb2R1bGVJZCIsIlR5cGUiOiJiaWdpbnQoMjApIHVuc2lnbmVkIiwiTnVsbCI6Ik5PIiwiS2V5IjoiUFJJIiwiRGVmYXVsdCI6bnVsbCwiRXh0cmEiOiJhdXRvX2luY3JlbWVudCJ9LHsiRmllbGQiOiJNb2R1bGUiLCJUeXBlIjoidmFyY2hhcigxMDApIiwiTnVsbCI6Ik5PIiwiS2V5IjoiIiwiRGVmYXVsdCI6IiIsIkV4dHJhIjoiIn0seyJGaWVsZCI6IkxhYmVsTW9kdWxlIiwiVHlwZSI6InZhcmNoYXIoMTAwKSIsIk51bGwiOiJOTyIsIktleSI6IiIsIkRlZmF1bHQiOiIiLCJFeHRyYSI6IiJ9LHsiRmllbGQiOiJTdWJNb2R1bGUiLCJUeXBlIjoidmFyY2hhcigxMDApIiwiTnVsbCI6Ik5PIiwiS2V5IjoiIiwiRGVmYXVsdCI6IiIsIkV4dHJhIjoiIn0seyJGaWVsZCI6IkFjdGlvbiIsIlR5cGUiOiJ2YXJjaGFyKDEwMCkiLCJOdWxsIjoiWUVTIiwiS2V5IjoiIiwiRGVmYXVsdCI6InZpZXciLCJFeHRyYSI6IiJ9LHsiRmllbGQiOiJUeXBlIiwiVHlwZSI6InZhcmNoYXIoMTAwKSIsIk51bGwiOiJZRVMiLCJLZXkiOiIiLCJEZWZhdWx0IjoiaHRtbCIsIkV4dHJhIjoiIn0seyJGaWVsZCI6IkRlc2NyaXB0aW9uIiwiVHlwZSI6InRleHQiLCJOdWxsIjoiWUVTIiwiS2V5IjoiIiwiRGVmYXVsdCI6bnVsbCwiRXh0cmEiOiIifSx7IkZpZWxkIjoiQWNjZXNzIiwiVHlwZSI6ImVudW0oJ0FsbCcsJ0V4Y2x1c2l2ZScpIiwiTnVsbCI6Ik5PIiwiS2V5IjoiIiwiRGVmYXVsdCI6IkV4Y2x1c2l2ZSIsIkV4dHJhIjoiIn0seyJGaWVsZCI6IlNob3ciLCJUeXBlIjoiZW51bSgnWWVzJywnTm8nKSIsIk51bGwiOiJZRVMiLCJLZXkiOiIiLCJEZWZhdWx0IjoiTm8iLCJFeHRyYSI6IiJ9LHsiRmllbGQiOiJJY29uUGF0aCIsIlR5cGUiOiJ2YXJjaGFyKDI1NSkiLCJOdWxsIjoiWUVTIiwiS2V5IjoiIiwiRGVmYXVsdCI6bnVsbCwiRXh0cmEiOiIifSx7IkZpZWxkIjoiTWVudUlkIiwiVHlwZSI6ImludCg2KSIsIk51bGwiOiJZRVMiLCJLZXkiOiJNVUwiLCJEZWZhdWx0IjpudWxsLCJFeHRyYSI6IiJ9LHsiRmllbGQiOiJBcHBsaWNhdGlvbklkIiwiVHlwZSI6ImJpZ2ludCgyMCkiLCJOdWxsIjoiWUVTIiwiS2V5IjoiTVVMIiwiRGVmYXVsdCI6bnVsbCwiRXh0cmEiOiIifSx7IkZpZWxkIjoiTW9kdWxlUGF0aCIsIlR5cGUiOiJ2YXJjaGFyKDI1NSkiLCJOdWxsIjoiWUVTIiwiS2V5IjoiIiwiRGVmYXVsdCI6bnVsbCwiRXh0cmEiOiIifSx7IkZpZWxkIjoiQWtzaUlkIiwiVHlwZSI6InNtYWxsaW50KDYpIiwiTnVsbCI6IllFUyIsIktleSI6Ik1VTCIsIkRlZmF1bHQiOm51bGwsIkV4dHJhIjoiIn0seyJGaWVsZCI6IkxhYmVsQWtzaSIsIlR5cGUiOiJ2YXJjaGFyKDUwKSIsIk51bGwiOiJZRVMiLCJLZXkiOiIiLCJEZWZhdWx0IjpudWxsLCJFeHRyYSI6IiJ9LHsiRmllbGQiOiJIaW50IiwiVHlwZSI6InZhcmNoYXIoMTAwKSIsIk51bGwiOiJZRVMiLCJLZXkiOiIiLCJEZWZhdWx0IjpudWxsLCJFeHRyYSI6IiJ9LHsiRmllbGQiOiJOZWVkU3NsIiwiVHlwZSI6ImVudW0oJ1llcycsJ05vJykiLCJOdWxsIjoiWUVTIiwiS2V5IjoiIiwiRGVmYXVsdCI6bnVsbCwiRXh0cmEiOiIifV0iO2FrdGl2ZV91c2VyX2dyb3VwX2lkfHM6MjoiNjMiO2FjY2Vzc19tb2R1bGV8YTozOntzOjExOiJtb2R1bGVDb3VudCI7czo0OiIiMzUiIjtzOjY6Im1vZHVsZSI7czo0NDQ6InsibG9naW5fZGVmYXVsdGxvZ2ludmlld2h0bWwyMDAiOiI3NjIiLCJsb2dpbl9kZWZhdWx0bG9naW5kb2h0bWwyMDAiOiI3NTkiLCJob21laG9tZXZpZXdodG1sMjAwIjoiNzU3IiwibWVudW1lbnV2aWV3aHRtbDIwMCI6IjAiLCJ0ZXN0VGVzdFZpZXdodG1sMjAwIjoiMCIsImd0ZndfbW9kdWxlZ3Rmd01vZHVsZXZpZXdodG1sMjAwIjoiMTEzMiIsImd0ZndfbW9kdWxlZ3Rmd1N1Yk1vZHVsZXZpZXdodG1sMjAwIjoiMCIsImNvbWJvYm94Y29tYm9ib3h2aWV3aHRtbDIwMCI6IjAiLCJndGZ3X2dyb3VwR3JvdXBWaWV3aHRtbDIwMCI6IjAiLCJndGZ3X2dyb3VwaW5wdXRHcm91cHZpZXdodG1sMjAwIjoiMCIsImd0ZndfZ3JvdXB1cGRhdGVHcm91cGRvanNvbjIwMCI6IjAiLCJndGZ3X2dyb3VwZ3JvdXB2aWV3aHRtbDIwMCI6IjAiLCJ0ZXN0ZXhjZWxOZXd2aWV3eGxzeDIwMCI6IjAifSI7czo0OiJ1c2VyIjtzOjc6IiJhZG1pbiIiO30=','2014-06-17 06:28:12'),('9s9jiknhvhq55rd086i2vumbs2','dGFibGVfZ3Rmd19jb25maWdfYXZhaWxhYmxlfGE6MTp7aTowO2E6MTp7czozNToiVGFibGVzX2luX2d0ZndfcHVibGljIChndGZ3X2NvbmZpZykiO3M6MTE6Imd0ZndfY29uZmlnIjt9fWNoZWNrX2d0ZndfbWVudV90YWJsZXxhOjE6e2k6MDthOjE6e3M6MzM6IlRhYmxlc19pbl9ndGZ3X3B1YmxpYyAoZ3Rmd19tZW51KSI7czo5OiJndGZ3X21lbnUiO319bWVzc2VuZ2VyX3F1ZXVlfHM6MjQyOiJPOjEyOiJNZXNzYWdlUXVldWUiOjM6e3M6MzE6IgBNZXNzYWdlUXVldWUAbUN1cnJlbnRSZXF1ZXN0SWQiO2k6MjI7czoyODoiAE1lc3NhZ2VRdWV1ZQBtTmV4dFJlcXVlc3RJZCI7aToyMztzOjIzOiIATWVzc2FnZVF1ZXVlAG1NZXNzYWdlcyI7YToxOntzOjgyOiIvbWVkaWEvd3d3L3d3dy9yaXNldC9hcHBfcHVibGljL21vZHVsZS9ndGZ3X21lbnUvcmVzcG9uc2UvVmlld01lbnUuaHRtbC5jbGFzcy5waHBfIjthOjA6e319fSI7c3RhcnRfa2V5fGk6MTAyOTQ0MTY0MTttdWx0X2tleXxpOjI3NDI4MTY5NjthZGRfa2V5fGk6NjU3MDM5Nzk3O2lzX2xvZ2dlZF9pbnxiOjE7dXNlcm5hbWV8czo1OiJhZG1pbiI7c2FsdHxpOjIxMzM1NTAzNDc7bG9naW5fc2FsdHxpOjIxMzM1NTAzNDc7ZGVzY3JpYmVfZ3Rmd19tb2R1bGV8czoxNTc0OiJbeyJGaWVsZCI6Ik1vZHVsZUlkIiwiVHlwZSI6ImJpZ2ludCgyMCkgdW5zaWduZWQiLCJOdWxsIjoiTk8iLCJLZXkiOiJQUkkiLCJEZWZhdWx0IjpudWxsLCJFeHRyYSI6ImF1dG9faW5jcmVtZW50In0seyJGaWVsZCI6Ik1vZHVsZSIsIlR5cGUiOiJ2YXJjaGFyKDEwMCkiLCJOdWxsIjoiTk8iLCJLZXkiOiIiLCJEZWZhdWx0IjoiIiwiRXh0cmEiOiIifSx7IkZpZWxkIjoiTGFiZWxNb2R1bGUiLCJUeXBlIjoidmFyY2hhcigxMDApIiwiTnVsbCI6Ik5PIiwiS2V5IjoiIiwiRGVmYXVsdCI6IiIsIkV4dHJhIjoiIn0seyJGaWVsZCI6IlN1Yk1vZHVsZSIsIlR5cGUiOiJ2YXJjaGFyKDEwMCkiLCJOdWxsIjoiTk8iLCJLZXkiOiIiLCJEZWZhdWx0IjoiIiwiRXh0cmEiOiIifSx7IkZpZWxkIjoiQWN0aW9uIiwiVHlwZSI6InZhcmNoYXIoMTAwKSIsIk51bGwiOiJZRVMiLCJLZXkiOiIiLCJEZWZhdWx0IjoidmlldyIsIkV4dHJhIjoiIn0seyJGaWVsZCI6IlR5cGUiLCJUeXBlIjoidmFyY2hhcigxMDApIiwiTnVsbCI6IllFUyIsIktleSI6IiIsIkRlZmF1bHQiOiJodG1sIiwiRXh0cmEiOiIifSx7IkZpZWxkIjoiRGVzY3JpcHRpb24iLCJUeXBlIjoidGV4dCIsIk51bGwiOiJZRVMiLCJLZXkiOiIiLCJEZWZhdWx0IjpudWxsLCJFeHRyYSI6IiJ9LHsiRmllbGQiOiJBY2Nlc3MiLCJUeXBlIjoiZW51bSgnQWxsJywnRXhjbHVzaXZlJykiLCJOdWxsIjoiTk8iLCJLZXkiOiIiLCJEZWZhdWx0IjoiRXhjbHVzaXZlIiwiRXh0cmEiOiIifSx7IkZpZWxkIjoiU2hvdyIsIlR5cGUiOiJlbnVtKCdZZXMnLCdObycpIiwiTnVsbCI6IllFUyIsIktleSI6IiIsIkRlZmF1bHQiOiJObyIsIkV4dHJhIjoiIn0seyJGaWVsZCI6Ikljb25QYXRoIiwiVHlwZSI6InZhcmNoYXIoMjU1KSIsIk51bGwiOiJZRVMiLCJLZXkiOiIiLCJEZWZhdWx0IjpudWxsLCJFeHRyYSI6IiJ9LHsiRmllbGQiOiJNZW51SWQiLCJUeXBlIjoiaW50KDYpIiwiTnVsbCI6IllFUyIsIktleSI6Ik1VTCIsIkRlZmF1bHQiOm51bGwsIkV4dHJhIjoiIn0seyJGaWVsZCI6IkFwcGxpY2F0aW9uSWQiLCJUeXBlIjoiYmlnaW50KDIwKSIsIk51bGwiOiJZRVMiLCJLZXkiOiJNVUwiLCJEZWZhdWx0IjpudWxsLCJFeHRyYSI6IiJ9LHsiRmllbGQiOiJNb2R1bGVQYXRoIiwiVHlwZSI6InZhcmNoYXIoMjU1KSIsIk51bGwiOiJZRVMiLCJLZXkiOiIiLCJEZWZhdWx0IjpudWxsLCJFeHRyYSI6IiJ9LHsiRmllbGQiOiJBa3NpSWQiLCJUeXBlIjoic21hbGxpbnQoNikiLCJOdWxsIjoiWUVTIiwiS2V5IjoiTVVMIiwiRGVmYXVsdCI6bnVsbCwiRXh0cmEiOiIifSx7IkZpZWxkIjoiTGFiZWxBa3NpIiwiVHlwZSI6InZhcmNoYXIoNTApIiwiTnVsbCI6IllFUyIsIktleSI6IiIsIkRlZmF1bHQiOm51bGwsIkV4dHJhIjoiIn0seyJGaWVsZCI6IkhpbnQiLCJUeXBlIjoidmFyY2hhcigxMDApIiwiTnVsbCI6IllFUyIsIktleSI6IiIsIkRlZmF1bHQiOm51bGwsIkV4dHJhIjoiIn0seyJGaWVsZCI6Ik5lZWRTc2wiLCJUeXBlIjoiZW51bSgnWWVzJywnTm8nKSIsIk51bGwiOiJZRVMiLCJLZXkiOiIiLCJEZWZhdWx0IjpudWxsLCJFeHRyYSI6IiJ9XSI7YWt0aXZlX3VzZXJfZ3JvdXBfaWR8czoyOiI2MyI7YWNjZXNzX21vZHVsZXxhOjM6e3M6MTE6Im1vZHVsZUNvdW50IjtzOjQ6IiIzNCIiO3M6NjoibW9kdWxlIjtzOjM1NToieyJsb2dpbl9kZWZhdWx0bG9naW52aWV3aHRtbDIwMCI6Ijc2MiIsImxvZ2luX2RlZmF1bHRsb2dpbmRvaHRtbDIwMCI6Ijc1OSIsImhvbWVob21ldmlld2h0bWwyMDAiOiI3NTciLCJtZW51bWVudXZpZXdodG1sMjAwIjoiNzYzIiwidGVzdFRlc3RWaWV3aHRtbDIwMCI6IjAiLCJndGZ3X21lbnVNZW51Vmlld2h0bWwyMDAiOiIwIiwicGFnaW5ncGFnaW5ndmlld2h0bWwyMDAiOiIwIiwiZ3Rmd19ncm91cEdyb3VwVmlld2h0bWwyMDAiOiIwIiwiZ3Rmd191c2VyVXNlclZpZXdodG1sMjAwIjoiMCIsImd0ZndfbW9kdWxlZ3Rmd01vZHVsZXZpZXdodG1sMjAwIjoiMCIsImd0ZndfdXNlcnVzZXJ2aWV3aHRtbDIwMCI6IjE3OTAifSI7czo0OiJ1c2VyIjtzOjc6IiJhZG1pbiIiO30=','2014-06-17 02:52:35'),('1uebn0oiuvlag1oercpr2caia4','dGFibGVfZ3Rmd19jb25maWdfYXZhaWxhYmxlfGE6MTp7aTowO2E6MTp7czozNToiVGFibGVzX2luX2d0ZndfcHVibGljIChndGZ3X2NvbmZpZykiO3M6MTE6Imd0ZndfY29uZmlnIjt9fWNoZWNrX2d0ZndfbWVudV90YWJsZXxhOjE6e2k6MDthOjE6e3M6MzM6IlRhYmxlc19pbl9ndGZ3X3B1YmxpYyAoZ3Rmd19tZW51KSI7czo5OiJndGZ3X21lbnUiO319bWVzc2VuZ2VyX3F1ZXVlfHM6MTQ0OiJPOjEyOiJNZXNzYWdlUXVldWUiOjM6e3M6MzE6IgBNZXNzYWdlUXVldWUAbUN1cnJlbnRSZXF1ZXN0SWQiO2k6MztzOjI4OiIATWVzc2FnZVF1ZXVlAG1OZXh0UmVxdWVzdElkIjtpOjQ7czoyMzoiAE1lc3NhZ2VRdWV1ZQBtTWVzc2FnZXMiO2E6MDp7fX0iO3N0YXJ0X2tleXxpOjE4MzQ0NTUwOTA7bXVsdF9rZXl8aToxOTM4MjkyMjg4O2FkZF9rZXl8aToyOTEzMjI0NTQ7aXNfbG9nZ2VkX2lufGI6MTt1c2VybmFtZXxzOjU6ImFkbWluIjtzYWx0fGk6MTM2NjkzOTAzNTtsb2dpbl9zYWx0fGk6MTM2NjkzOTAzNTtkZXNjcmliZV9ndGZ3X21vZHVsZXxzOjE1NzQ6Ilt7IkZpZWxkIjoiTW9kdWxlSWQiLCJUeXBlIjoiYmlnaW50KDIwKSB1bnNpZ25lZCIsIk51bGwiOiJOTyIsIktleSI6IlBSSSIsIkRlZmF1bHQiOm51bGwsIkV4dHJhIjoiYXV0b19pbmNyZW1lbnQifSx7IkZpZWxkIjoiTW9kdWxlIiwiVHlwZSI6InZhcmNoYXIoMTAwKSIsIk51bGwiOiJOTyIsIktleSI6IiIsIkRlZmF1bHQiOiIiLCJFeHRyYSI6IiJ9LHsiRmllbGQiOiJMYWJlbE1vZHVsZSIsIlR5cGUiOiJ2YXJjaGFyKDEwMCkiLCJOdWxsIjoiTk8iLCJLZXkiOiIiLCJEZWZhdWx0IjoiIiwiRXh0cmEiOiIifSx7IkZpZWxkIjoiU3ViTW9kdWxlIiwiVHlwZSI6InZhcmNoYXIoMTAwKSIsIk51bGwiOiJOTyIsIktleSI6IiIsIkRlZmF1bHQiOiIiLCJFeHRyYSI6IiJ9LHsiRmllbGQiOiJBY3Rpb24iLCJUeXBlIjoidmFyY2hhcigxMDApIiwiTnVsbCI6IllFUyIsIktleSI6IiIsIkRlZmF1bHQiOiJ2aWV3IiwiRXh0cmEiOiIifSx7IkZpZWxkIjoiVHlwZSIsIlR5cGUiOiJ2YXJjaGFyKDEwMCkiLCJOdWxsIjoiWUVTIiwiS2V5IjoiIiwiRGVmYXVsdCI6Imh0bWwiLCJFeHRyYSI6IiJ9LHsiRmllbGQiOiJEZXNjcmlwdGlvbiIsIlR5cGUiOiJ0ZXh0IiwiTnVsbCI6IllFUyIsIktleSI6IiIsIkRlZmF1bHQiOm51bGwsIkV4dHJhIjoiIn0seyJGaWVsZCI6IkFjY2VzcyIsIlR5cGUiOiJlbnVtKCdBbGwnLCdFeGNsdXNpdmUnKSIsIk51bGwiOiJOTyIsIktleSI6IiIsIkRlZmF1bHQiOiJFeGNsdXNpdmUiLCJFeHRyYSI6IiJ9LHsiRmllbGQiOiJTaG93IiwiVHlwZSI6ImVudW0oJ1llcycsJ05vJykiLCJOdWxsIjoiWUVTIiwiS2V5IjoiIiwiRGVmYXVsdCI6Ik5vIiwiRXh0cmEiOiIifSx7IkZpZWxkIjoiSWNvblBhdGgiLCJUeXBlIjoidmFyY2hhcigyNTUpIiwiTnVsbCI6IllFUyIsIktleSI6IiIsIkRlZmF1bHQiOm51bGwsIkV4dHJhIjoiIn0seyJGaWVsZCI6Ik1lbnVJZCIsIlR5cGUiOiJpbnQoNikiLCJOdWxsIjoiWUVTIiwiS2V5IjoiTVVMIiwiRGVmYXVsdCI6bnVsbCwiRXh0cmEiOiIifSx7IkZpZWxkIjoiQXBwbGljYXRpb25JZCIsIlR5cGUiOiJiaWdpbnQoMjApIiwiTnVsbCI6IllFUyIsIktleSI6Ik1VTCIsIkRlZmF1bHQiOm51bGwsIkV4dHJhIjoiIn0seyJGaWVsZCI6Ik1vZHVsZVBhdGgiLCJUeXBlIjoidmFyY2hhcigyNTUpIiwiTnVsbCI6IllFUyIsIktleSI6IiIsIkRlZmF1bHQiOm51bGwsIkV4dHJhIjoiIn0seyJGaWVsZCI6IkFrc2lJZCIsIlR5cGUiOiJzbWFsbGludCg2KSIsIk51bGwiOiJZRVMiLCJLZXkiOiJNVUwiLCJEZWZhdWx0IjpudWxsLCJFeHRyYSI6IiJ9LHsiRmllbGQiOiJMYWJlbEFrc2kiLCJUeXBlIjoidmFyY2hhcig1MCkiLCJOdWxsIjoiWUVTIiwiS2V5IjoiIiwiRGVmYXVsdCI6bnVsbCwiRXh0cmEiOiIifSx7IkZpZWxkIjoiSGludCIsIlR5cGUiOiJ2YXJjaGFyKDEwMCkiLCJOdWxsIjoiWUVTIiwiS2V5IjoiIiwiRGVmYXVsdCI6bnVsbCwiRXh0cmEiOiIifSx7IkZpZWxkIjoiTmVlZFNzbCIsIlR5cGUiOiJlbnVtKCdZZXMnLCdObycpIiwiTnVsbCI6IllFUyIsIktleSI6IiIsIkRlZmF1bHQiOm51bGwsIkV4dHJhIjoiIn1dIjtha3RpdmVfdXNlcl9ncm91cF9pZHxzOjI6IjYzIjthY2Nlc3NfbW9kdWxlfGE6Mjp7czo2OiJtb2R1bGUiO3M6MTMxOiJ7ImxvZ2luX2RlZmF1bHRsb2dpbnZpZXdodG1sMjAwIjoiNzYyIiwibG9naW5fZGVmYXVsdGxvZ2luZG9odG1sMjAwIjoiNzU5IiwiaG9tZWhvbWV2aWV3aHRtbDIwMCI6Ijc1NyIsIm1lbnVtZW51dmlld2h0bWwyMDAiOiI3NjMifSI7czo0OiJ1c2VyIjtzOjc6IiJhZG1pbiIiO30=','2014-06-18 03:42:15'),('56jaqduenfvtjtv67rlm7uspg0','dGFibGVfZ3Rmd19jb25maWdfYXZhaWxhYmxlfGE6MTp7aTowO2E6MTp7czozNToiVGFibGVzX2luX2d0ZndfcHVibGljIChndGZ3X2NvbmZpZykiO3M6MTE6Imd0ZndfY29uZmlnIjt9fWNoZWNrX2d0ZndfbWVudV90YWJsZXxhOjE6e2k6MDthOjE6e3M6MzM6IlRhYmxlc19pbl9ndGZ3X3B1YmxpYyAoZ3Rmd19tZW51KSI7czo5OiJndGZ3X21lbnUiO319bWVzc2VuZ2VyX3F1ZXVlfHM6MTQ0OiJPOjEyOiJNZXNzYWdlUXVldWUiOjM6e3M6MzE6IgBNZXNzYWdlUXVldWUAbUN1cnJlbnRSZXF1ZXN0SWQiO2k6MTtzOjI4OiIATWVzc2FnZVF1ZXVlAG1OZXh0UmVxdWVzdElkIjtpOjI7czoyMzoiAE1lc3NhZ2VRdWV1ZQBtTWVzc2FnZXMiO2E6MDp7fX0iO3N0YXJ0X2tleXxpOjM4OTMzNjAwOTttdWx0X2tleXxpOjE1NjI5OTg1NjE7YWRkX2tleXxpOjEwOTE4ODg3NTE7aXNfbG9nZ2VkX2lufGI6MDt1c2VybmFtZXxzOjY6Im5vYm9keSI7YWNjZXNzX21vZHVsZXxhOjI6e3M6NjoibW9kdWxlIjtzOjM5OiJ7ImxvZ2luX2RlZmF1bHRsb2dpbnZpZXdodG1sMjAwIjoiNzYyIn0iO3M6NDoidXNlciI7czo4OiIibm9ib2R5IiI7fXNhbHR8aTo4OTc5MTAwOTg7bG9naW5fc2FsdHxpOjg5NzkxMDA5ODtkZXNjcmliZV9ndGZ3X21vZHVsZXxzOjE1NzQ6Ilt7IkZpZWxkIjoiTW9kdWxlSWQiLCJUeXBlIjoiYmlnaW50KDIwKSB1bnNpZ25lZCIsIk51bGwiOiJOTyIsIktleSI6IlBSSSIsIkRlZmF1bHQiOm51bGwsIkV4dHJhIjoiYXV0b19pbmNyZW1lbnQifSx7IkZpZWxkIjoiTW9kdWxlIiwiVHlwZSI6InZhcmNoYXIoMTAwKSIsIk51bGwiOiJOTyIsIktleSI6IiIsIkRlZmF1bHQiOiIiLCJFeHRyYSI6IiJ9LHsiRmllbGQiOiJMYWJlbE1vZHVsZSIsIlR5cGUiOiJ2YXJjaGFyKDEwMCkiLCJOdWxsIjoiTk8iLCJLZXkiOiIiLCJEZWZhdWx0IjoiIiwiRXh0cmEiOiIifSx7IkZpZWxkIjoiU3ViTW9kdWxlIiwiVHlwZSI6InZhcmNoYXIoMTAwKSIsIk51bGwiOiJOTyIsIktleSI6IiIsIkRlZmF1bHQiOiIiLCJFeHRyYSI6IiJ9LHsiRmllbGQiOiJBY3Rpb24iLCJUeXBlIjoidmFyY2hhcigxMDApIiwiTnVsbCI6IllFUyIsIktleSI6IiIsIkRlZmF1bHQiOiJ2aWV3IiwiRXh0cmEiOiIifSx7IkZpZWxkIjoiVHlwZSIsIlR5cGUiOiJ2YXJjaGFyKDEwMCkiLCJOdWxsIjoiWUVTIiwiS2V5IjoiIiwiRGVmYXVsdCI6Imh0bWwiLCJFeHRyYSI6IiJ9LHsiRmllbGQiOiJEZXNjcmlwdGlvbiIsIlR5cGUiOiJ0ZXh0IiwiTnVsbCI6IllFUyIsIktleSI6IiIsIkRlZmF1bHQiOm51bGwsIkV4dHJhIjoiIn0seyJGaWVsZCI6IkFjY2VzcyIsIlR5cGUiOiJlbnVtKCdBbGwnLCdFeGNsdXNpdmUnKSIsIk51bGwiOiJOTyIsIktleSI6IiIsIkRlZmF1bHQiOiJFeGNsdXNpdmUiLCJFeHRyYSI6IiJ9LHsiRmllbGQiOiJTaG93IiwiVHlwZSI6ImVudW0oJ1llcycsJ05vJykiLCJOdWxsIjoiWUVTIiwiS2V5IjoiIiwiRGVmYXVsdCI6Ik5vIiwiRXh0cmEiOiIifSx7IkZpZWxkIjoiSWNvblBhdGgiLCJUeXBlIjoidmFyY2hhcigyNTUpIiwiTnVsbCI6IllFUyIsIktleSI6IiIsIkRlZmF1bHQiOm51bGwsIkV4dHJhIjoiIn0seyJGaWVsZCI6Ik1lbnVJZCIsIlR5cGUiOiJpbnQoNikiLCJOdWxsIjoiWUVTIiwiS2V5IjoiTVVMIiwiRGVmYXVsdCI6bnVsbCwiRXh0cmEiOiIifSx7IkZpZWxkIjoiQXBwbGljYXRpb25JZCIsIlR5cGUiOiJiaWdpbnQoMjApIiwiTnVsbCI6IllFUyIsIktleSI6Ik1VTCIsIkRlZmF1bHQiOm51bGwsIkV4dHJhIjoiIn0seyJGaWVsZCI6Ik1vZHVsZVBhdGgiLCJUeXBlIjoidmFyY2hhcigyNTUpIiwiTnVsbCI6IllFUyIsIktleSI6IiIsIkRlZmF1bHQiOm51bGwsIkV4dHJhIjoiIn0seyJGaWVsZCI6IkFrc2lJZCIsIlR5cGUiOiJzbWFsbGludCg2KSIsIk51bGwiOiJZRVMiLCJLZXkiOiJNVUwiLCJEZWZhdWx0IjpudWxsLCJFeHRyYSI6IiJ9LHsiRmllbGQiOiJMYWJlbEFrc2kiLCJUeXBlIjoidmFyY2hhcig1MCkiLCJOdWxsIjoiWUVTIiwiS2V5IjoiIiwiRGVmYXVsdCI6bnVsbCwiRXh0cmEiOiIifSx7IkZpZWxkIjoiSGludCIsIlR5cGUiOiJ2YXJjaGFyKDEwMCkiLCJOdWxsIjoiWUVTIiwiS2V5IjoiIiwiRGVmYXVsdCI6bnVsbCwiRXh0cmEiOiIifSx7IkZpZWxkIjoiTmVlZFNzbCIsIlR5cGUiOiJlbnVtKCdZZXMnLCdObycpIiwiTnVsbCI6IllFUyIsIktleSI6IiIsIkRlZmF1bHQiOm51bGwsIkV4dHJhIjoiIn1dIjs=','2014-06-18 08:55:47'),('8lhk9nl1om9803cp1bl9gjbhu4','dGFibGVfZ3Rmd19jb25maWdfYXZhaWxhYmxlfGE6MTp7aTowO2E6MTp7czozNToiVGFibGVzX2luX2d0ZndfcHVibGljIChndGZ3X2NvbmZpZykiO3M6MTE6Imd0ZndfY29uZmlnIjt9fWNoZWNrX2d0ZndfbWVudV90YWJsZXxhOjE6e2k6MDthOjE6e3M6MzM6IlRhYmxlc19pbl9ndGZ3X3B1YmxpYyAoZ3Rmd19tZW51KSI7czo5OiJndGZ3X21lbnUiO319bWVzc2VuZ2VyX3F1ZXVlfHM6MTQ0OiJPOjEyOiJNZXNzYWdlUXVldWUiOjM6e3M6MzE6IgBNZXNzYWdlUXVldWUAbUN1cnJlbnRSZXF1ZXN0SWQiO2k6NDtzOjI4OiIATWVzc2FnZVF1ZXVlAG1OZXh0UmVxdWVzdElkIjtpOjU7czoyMzoiAE1lc3NhZ2VRdWV1ZQBtTWVzc2FnZXMiO2E6MDp7fX0iO3N0YXJ0X2tleXxpOjY0NDY5MDkwO211bHRfa2V5fGk6MTU1NzAzNTgwMTthZGRfa2V5fGk6MTU5ODIyNTU4Nztpc19sb2dnZWRfaW58YjoxO3VzZXJuYW1lfHM6NToiYWRtaW4iO3NhbHR8aToyOTM1Nzk0OTY7bG9naW5fc2FsdHxpOjI5MzU3OTQ5NjtkZXNjcmliZV9ndGZ3X21vZHVsZXxzOjE1NzQ6Ilt7IkZpZWxkIjoiTW9kdWxlSWQiLCJUeXBlIjoiYmlnaW50KDIwKSB1bnNpZ25lZCIsIk51bGwiOiJOTyIsIktleSI6IlBSSSIsIkRlZmF1bHQiOm51bGwsIkV4dHJhIjoiYXV0b19pbmNyZW1lbnQifSx7IkZpZWxkIjoiTW9kdWxlIiwiVHlwZSI6InZhcmNoYXIoMTAwKSIsIk51bGwiOiJOTyIsIktleSI6IiIsIkRlZmF1bHQiOiIiLCJFeHRyYSI6IiJ9LHsiRmllbGQiOiJMYWJlbE1vZHVsZSIsIlR5cGUiOiJ2YXJjaGFyKDEwMCkiLCJOdWxsIjoiTk8iLCJLZXkiOiIiLCJEZWZhdWx0IjoiIiwiRXh0cmEiOiIifSx7IkZpZWxkIjoiU3ViTW9kdWxlIiwiVHlwZSI6InZhcmNoYXIoMTAwKSIsIk51bGwiOiJOTyIsIktleSI6IiIsIkRlZmF1bHQiOiIiLCJFeHRyYSI6IiJ9LHsiRmllbGQiOiJBY3Rpb24iLCJUeXBlIjoidmFyY2hhcigxMDApIiwiTnVsbCI6IllFUyIsIktleSI6IiIsIkRlZmF1bHQiOiJ2aWV3IiwiRXh0cmEiOiIifSx7IkZpZWxkIjoiVHlwZSIsIlR5cGUiOiJ2YXJjaGFyKDEwMCkiLCJOdWxsIjoiWUVTIiwiS2V5IjoiIiwiRGVmYXVsdCI6Imh0bWwiLCJFeHRyYSI6IiJ9LHsiRmllbGQiOiJEZXNjcmlwdGlvbiIsIlR5cGUiOiJ0ZXh0IiwiTnVsbCI6IllFUyIsIktleSI6IiIsIkRlZmF1bHQiOm51bGwsIkV4dHJhIjoiIn0seyJGaWVsZCI6IkFjY2VzcyIsIlR5cGUiOiJlbnVtKCdBbGwnLCdFeGNsdXNpdmUnKSIsIk51bGwiOiJOTyIsIktleSI6IiIsIkRlZmF1bHQiOiJFeGNsdXNpdmUiLCJFeHRyYSI6IiJ9LHsiRmllbGQiOiJTaG93IiwiVHlwZSI6ImVudW0oJ1llcycsJ05vJykiLCJOdWxsIjoiWUVTIiwiS2V5IjoiIiwiRGVmYXVsdCI6Ik5vIiwiRXh0cmEiOiIifSx7IkZpZWxkIjoiSWNvblBhdGgiLCJUeXBlIjoidmFyY2hhcigyNTUpIiwiTnVsbCI6IllFUyIsIktleSI6IiIsIkRlZmF1bHQiOm51bGwsIkV4dHJhIjoiIn0seyJGaWVsZCI6Ik1lbnVJZCIsIlR5cGUiOiJpbnQoNikiLCJOdWxsIjoiWUVTIiwiS2V5IjoiTVVMIiwiRGVmYXVsdCI6bnVsbCwiRXh0cmEiOiIifSx7IkZpZWxkIjoiQXBwbGljYXRpb25JZCIsIlR5cGUiOiJiaWdpbnQoMjApIiwiTnVsbCI6IllFUyIsIktleSI6Ik1VTCIsIkRlZmF1bHQiOm51bGwsIkV4dHJhIjoiIn0seyJGaWVsZCI6Ik1vZHVsZVBhdGgiLCJUeXBlIjoidmFyY2hhcigyNTUpIiwiTnVsbCI6IllFUyIsIktleSI6IiIsIkRlZmF1bHQiOm51bGwsIkV4dHJhIjoiIn0seyJGaWVsZCI6IkFrc2lJZCIsIlR5cGUiOiJzbWFsbGludCg2KSIsIk51bGwiOiJZRVMiLCJLZXkiOiJNVUwiLCJEZWZhdWx0IjpudWxsLCJFeHRyYSI6IiJ9LHsiRmllbGQiOiJMYWJlbEFrc2kiLCJUeXBlIjoidmFyY2hhcig1MCkiLCJOdWxsIjoiWUVTIiwiS2V5IjoiIiwiRGVmYXVsdCI6bnVsbCwiRXh0cmEiOiIifSx7IkZpZWxkIjoiSGludCIsIlR5cGUiOiJ2YXJjaGFyKDEwMCkiLCJOdWxsIjoiWUVTIiwiS2V5IjoiIiwiRGVmYXVsdCI6bnVsbCwiRXh0cmEiOiIifSx7IkZpZWxkIjoiTmVlZFNzbCIsIlR5cGUiOiJlbnVtKCdZZXMnLCdObycpIiwiTnVsbCI6IllFUyIsIktleSI6IiIsIkRlZmF1bHQiOm51bGwsIkV4dHJhIjoiIn1dIjtha3RpdmVfdXNlcl9ncm91cF9pZHxzOjI6IjYzIjthY2Nlc3NfbW9kdWxlfGE6Mzp7czoxMToibW9kdWxlQ291bnQiO3M6NDoiIjM1IiI7czo2OiJtb2R1bGUiO3M6MTczOiJ7ImxvZ2luX2RlZmF1bHRsb2dpbnZpZXdodG1sMjAwIjoiNzYyIiwibG9naW5fZGVmYXVsdGxvZ2luZG9odG1sMjAwIjoiNzU5IiwiaG9tZWhvbWV2aWV3aHRtbDIwMCI6Ijc1NyIsIm1lbnVtZW51dmlld2h0bWwyMDAiOiI3NjMiLCJndGZ3X21vZHVsZWd0ZndNb2R1bGV2aWV3aHRtbDIwMCI6IjExMzIifSI7czo0OiJ1c2VyIjtzOjc6IiJhZG1pbiIiO30=','2014-06-20 02:18:59'),('2248cb3vmksisprqgou5ck48u0','dGFibGVfZ3Rmd19jb25maWdfYXZhaWxhYmxlfGE6MTp7aTowO2E6MTp7czozNToiVGFibGVzX2luX2d0ZndfcHVibGljIChndGZ3X2NvbmZpZykiO3M6MTE6Imd0ZndfY29uZmlnIjt9fWNoZWNrX2d0ZndfbWVudV90YWJsZXxhOjE6e2k6MDthOjE6e3M6MzM6IlRhYmxlc19pbl9ndGZ3X3B1YmxpYyAoZ3Rmd19tZW51KSI7czo5OiJndGZ3X21lbnUiO319bWVzc2VuZ2VyX3F1ZXVlfHM6MTQ4OiJPOjEyOiJNZXNzYWdlUXVldWUiOjM6e3M6MzE6IgBNZXNzYWdlUXVldWUAbUN1cnJlbnRSZXF1ZXN0SWQiO2k6MTI3O3M6Mjg6IgBNZXNzYWdlUXVldWUAbU5leHRSZXF1ZXN0SWQiO2k6MTI4O3M6MjM6IgBNZXNzYWdlUXVldWUAbU1lc3NhZ2VzIjthOjA6e319IjtzdGFydF9rZXl8aToxMjM1NDY4NjkxO211bHRfa2V5fGk6NDg4OTc0OTQ4O2FkZF9rZXl8aToxOTIyNjk0NDI5O2lzX2xvZ2dlZF9pbnxiOjE7dXNlcm5hbWV8czo1OiJhZG1pbiI7c2FsdHxpOjcwNTgzMjA0MTtsb2dpbl9zYWx0fGk6NzA1ODMyMDQxO2Rlc2NyaWJlX2d0ZndfbW9kdWxlfHM6MTU3NDoiW3siRmllbGQiOiJNb2R1bGVJZCIsIlR5cGUiOiJiaWdpbnQoMjApIHVuc2lnbmVkIiwiTnVsbCI6Ik5PIiwiS2V5IjoiUFJJIiwiRGVmYXVsdCI6bnVsbCwiRXh0cmEiOiJhdXRvX2luY3JlbWVudCJ9LHsiRmllbGQiOiJNb2R1bGUiLCJUeXBlIjoidmFyY2hhcigxMDApIiwiTnVsbCI6Ik5PIiwiS2V5IjoiIiwiRGVmYXVsdCI6IiIsIkV4dHJhIjoiIn0seyJGaWVsZCI6IkxhYmVsTW9kdWxlIiwiVHlwZSI6InZhcmNoYXIoMTAwKSIsIk51bGwiOiJOTyIsIktleSI6IiIsIkRlZmF1bHQiOiIiLCJFeHRyYSI6IiJ9LHsiRmllbGQiOiJTdWJNb2R1bGUiLCJUeXBlIjoidmFyY2hhcigxMDApIiwiTnVsbCI6Ik5PIiwiS2V5IjoiIiwiRGVmYXVsdCI6IiIsIkV4dHJhIjoiIn0seyJGaWVsZCI6IkFjdGlvbiIsIlR5cGUiOiJ2YXJjaGFyKDEwMCkiLCJOdWxsIjoiWUVTIiwiS2V5IjoiIiwiRGVmYXVsdCI6InZpZXciLCJFeHRyYSI6IiJ9LHsiRmllbGQiOiJUeXBlIiwiVHlwZSI6InZhcmNoYXIoMTAwKSIsIk51bGwiOiJZRVMiLCJLZXkiOiIiLCJEZWZhdWx0IjoiaHRtbCIsIkV4dHJhIjoiIn0seyJGaWVsZCI6IkRlc2NyaXB0aW9uIiwiVHlwZSI6InRleHQiLCJOdWxsIjoiWUVTIiwiS2V5IjoiIiwiRGVmYXVsdCI6bnVsbCwiRXh0cmEiOiIifSx7IkZpZWxkIjoiQWNjZXNzIiwiVHlwZSI6ImVudW0oJ0FsbCcsJ0V4Y2x1c2l2ZScpIiwiTnVsbCI6Ik5PIiwiS2V5IjoiIiwiRGVmYXVsdCI6IkV4Y2x1c2l2ZSIsIkV4dHJhIjoiIn0seyJGaWVsZCI6IlNob3ciLCJUeXBlIjoiZW51bSgnWWVzJywnTm8nKSIsIk51bGwiOiJZRVMiLCJLZXkiOiIiLCJEZWZhdWx0IjoiTm8iLCJFeHRyYSI6IiJ9LHsiRmllbGQiOiJJY29uUGF0aCIsIlR5cGUiOiJ2YXJjaGFyKDI1NSkiLCJOdWxsIjoiWUVTIiwiS2V5IjoiIiwiRGVmYXVsdCI6bnVsbCwiRXh0cmEiOiIifSx7IkZpZWxkIjoiTWVudUlkIiwiVHlwZSI6ImludCg2KSIsIk51bGwiOiJZRVMiLCJLZXkiOiJNVUwiLCJEZWZhdWx0IjpudWxsLCJFeHRyYSI6IiJ9LHsiRmllbGQiOiJBcHBsaWNhdGlvbklkIiwiVHlwZSI6ImJpZ2ludCgyMCkiLCJOdWxsIjoiWUVTIiwiS2V5IjoiTVVMIiwiRGVmYXVsdCI6bnVsbCwiRXh0cmEiOiIifSx7IkZpZWxkIjoiTW9kdWxlUGF0aCIsIlR5cGUiOiJ2YXJjaGFyKDI1NSkiLCJOdWxsIjoiWUVTIiwiS2V5IjoiIiwiRGVmYXVsdCI6bnVsbCwiRXh0cmEiOiIifSx7IkZpZWxkIjoiQWtzaUlkIiwiVHlwZSI6InNtYWxsaW50KDYpIiwiTnVsbCI6IllFUyIsIktleSI6Ik1VTCIsIkRlZmF1bHQiOm51bGwsIkV4dHJhIjoiIn0seyJGaWVsZCI6IkxhYmVsQWtzaSIsIlR5cGUiOiJ2YXJjaGFyKDUwKSIsIk51bGwiOiJZRVMiLCJLZXkiOiIiLCJEZWZhdWx0IjpudWxsLCJFeHRyYSI6IiJ9LHsiRmllbGQiOiJIaW50IiwiVHlwZSI6InZhcmNoYXIoMTAwKSIsIk51bGwiOiJZRVMiLCJLZXkiOiIiLCJEZWZhdWx0IjpudWxsLCJFeHRyYSI6IiJ9LHsiRmllbGQiOiJOZWVkU3NsIiwiVHlwZSI6ImVudW0oJ1llcycsJ05vJykiLCJOdWxsIjoiWUVTIiwiS2V5IjoiIiwiRGVmYXVsdCI6bnVsbCwiRXh0cmEiOiIifV0iO2FrdGl2ZV91c2VyX2dyb3VwX2lkfHM6MjoiNjMiO2FjY2Vzc19tb2R1bGV8YTozOntzOjExOiJtb2R1bGVDb3VudCI7czo0OiIiMzUiIjtzOjY6Im1vZHVsZSI7czo3NTU6InsibG9naW5fZGVmYXVsdGxvZ2ludmlld2h0bWwyMDAiOiIwIiwibG9naW5fZGVmYXVsdGxvZ2luZG9odG1sMjAwIjoiNzU5IiwiaG9tZWhvbWV2aWV3aHRtbDIwMCI6IjAiLCJtZW51bWVudXZpZXdodG1sMjAwIjoiMCIsInRlc3RUZXN0Vmlld2h0bWwyMDAiOiIwIiwiZ3Rmd19tb2R1bGVndGZ3TW9kdWxldmlld2h0bWwyMDAiOiIwIiwiZ3Rmd19tb2R1bGVndGZ3U3ViTW9kdWxldmlld2h0bWwyMDAiOiIwIiwiY29tYm9ib3hjb21ib2JveHZpZXdodG1sMjAwIjoiMCIsImd0ZndfZ3JvdXBHcm91cFZpZXdodG1sMjAwIjoiMCIsImd0ZndfZ3JvdXBpbnB1dEdyb3Vwdmlld2h0bWwyMDAiOiIwIiwiZ3Rmd19ncm91cHVwZGF0ZUdyb3VwZG9qc29uMjAwIjoiMCIsImd0ZndfZ3JvdXBncm91cHZpZXdodG1sMjAwIjoiMCIsInRlc3R0aW55bWNldmlld2h0bWwyMDAiOiIwIiwidGVzdHBkZnhUd292aWV3cGRmeDIwMCI6IjAiLCJ0ZXN0cGRmeFRocmVldmlld3BkZngyMDAiOiIwIiwidGVzdHBkZnhGb3Vydmlld3BkZngyMDAiOiIxODA2IiwidGVzdHBkZnhGaXZldmlld3BkZngyMDAiOiIwIiwidGVzdHBkZng2NXZpZXdwZGZ4MjAwIjoiMCIsInRlc3RwZGZ4MzN2aWV3cGRmeDIwMCI6IjAiLCJ0ZXN0cGRmeHZpZXdwZGZ4MjAwIjoiMTgwMSIsInRlc3RwZGZ4MnZpZXdwZGZ4MjAwIjoiMCIsInRlc3RwZGZ4M3ZpZXdwZGZ4MjAwIjoiMCIsInRlc3RwZGZ4NHZpZXdwZGZ4MjAwIjoiMCIsInRlc3RwZGZ4NXZpZXdwZGZ4MjAwIjoiMTgwNyJ9IjtzOjQ6InVzZXIiO3M6NzoiImFkbWluIiI7fQ==','2014-06-23 08:06:52'),('g0hh93e505327gd9sdj42ios14','dGFibGVfZ3Rmd19jb25maWdfYXZhaWxhYmxlfGE6MTp7aTowO2E6MTp7czozNToiVGFibGVzX2luX2d0ZndfcHVibGljIChndGZ3X2NvbmZpZykiO3M6MTE6Imd0ZndfY29uZmlnIjt9fWNoZWNrX2d0ZndfbWVudV90YWJsZXxhOjE6e2k6MDthOjE6e3M6MzM6IlRhYmxlc19pbl9ndGZ3X3B1YmxpYyAoZ3Rmd19tZW51KSI7czo5OiJndGZ3X21lbnUiO319bWVzc2VuZ2VyX3F1ZXVlfHM6MTQ0OiJPOjEyOiJNZXNzYWdlUXVldWUiOjM6e3M6MzE6IgBNZXNzYWdlUXVldWUAbUN1cnJlbnRSZXF1ZXN0SWQiO2k6ODtzOjI4OiIATWVzc2FnZVF1ZXVlAG1OZXh0UmVxdWVzdElkIjtpOjk7czoyMzoiAE1lc3NhZ2VRdWV1ZQBtTWVzc2FnZXMiO2E6MDp7fX0iO3N0YXJ0X2tleXxpOjIwNzc1NzI3MTU7bXVsdF9rZXl8aToxNzkwOTEyMzE3O2FkZF9rZXl8aTo2MDAxMzIxODQ7aXNfbG9nZ2VkX2lufGI6MTt1c2VybmFtZXxzOjU6ImFkbWluIjtzYWx0fGk6MzgxNTA1NjQ7bG9naW5fc2FsdHxpOjM4MTUwNTY0O2Rlc2NyaWJlX2d0ZndfbW9kdWxlfHM6MTU3NDoiW3siRmllbGQiOiJNb2R1bGVJZCIsIlR5cGUiOiJiaWdpbnQoMjApIHVuc2lnbmVkIiwiTnVsbCI6Ik5PIiwiS2V5IjoiUFJJIiwiRGVmYXVsdCI6bnVsbCwiRXh0cmEiOiJhdXRvX2luY3JlbWVudCJ9LHsiRmllbGQiOiJNb2R1bGUiLCJUeXBlIjoidmFyY2hhcigxMDApIiwiTnVsbCI6Ik5PIiwiS2V5IjoiIiwiRGVmYXVsdCI6IiIsIkV4dHJhIjoiIn0seyJGaWVsZCI6IkxhYmVsTW9kdWxlIiwiVHlwZSI6InZhcmNoYXIoMTAwKSIsIk51bGwiOiJOTyIsIktleSI6IiIsIkRlZmF1bHQiOiIiLCJFeHRyYSI6IiJ9LHsiRmllbGQiOiJTdWJNb2R1bGUiLCJUeXBlIjoidmFyY2hhcigxMDApIiwiTnVsbCI6Ik5PIiwiS2V5IjoiIiwiRGVmYXVsdCI6IiIsIkV4dHJhIjoiIn0seyJGaWVsZCI6IkFjdGlvbiIsIlR5cGUiOiJ2YXJjaGFyKDEwMCkiLCJOdWxsIjoiWUVTIiwiS2V5IjoiIiwiRGVmYXVsdCI6InZpZXciLCJFeHRyYSI6IiJ9LHsiRmllbGQiOiJUeXBlIiwiVHlwZSI6InZhcmNoYXIoMTAwKSIsIk51bGwiOiJZRVMiLCJLZXkiOiIiLCJEZWZhdWx0IjoiaHRtbCIsIkV4dHJhIjoiIn0seyJGaWVsZCI6IkRlc2NyaXB0aW9uIiwiVHlwZSI6InRleHQiLCJOdWxsIjoiWUVTIiwiS2V5IjoiIiwiRGVmYXVsdCI6bnVsbCwiRXh0cmEiOiIifSx7IkZpZWxkIjoiQWNjZXNzIiwiVHlwZSI6ImVudW0oJ0FsbCcsJ0V4Y2x1c2l2ZScpIiwiTnVsbCI6Ik5PIiwiS2V5IjoiIiwiRGVmYXVsdCI6IkV4Y2x1c2l2ZSIsIkV4dHJhIjoiIn0seyJGaWVsZCI6IlNob3ciLCJUeXBlIjoiZW51bSgnWWVzJywnTm8nKSIsIk51bGwiOiJZRVMiLCJLZXkiOiIiLCJEZWZhdWx0IjoiTm8iLCJFeHRyYSI6IiJ9LHsiRmllbGQiOiJJY29uUGF0aCIsIlR5cGUiOiJ2YXJjaGFyKDI1NSkiLCJOdWxsIjoiWUVTIiwiS2V5IjoiIiwiRGVmYXVsdCI6bnVsbCwiRXh0cmEiOiIifSx7IkZpZWxkIjoiTWVudUlkIiwiVHlwZSI6ImludCg2KSIsIk51bGwiOiJZRVMiLCJLZXkiOiJNVUwiLCJEZWZhdWx0IjpudWxsLCJFeHRyYSI6IiJ9LHsiRmllbGQiOiJBcHBsaWNhdGlvbklkIiwiVHlwZSI6ImJpZ2ludCgyMCkiLCJOdWxsIjoiWUVTIiwiS2V5IjoiTVVMIiwiRGVmYXVsdCI6bnVsbCwiRXh0cmEiOiIifSx7IkZpZWxkIjoiTW9kdWxlUGF0aCIsIlR5cGUiOiJ2YXJjaGFyKDI1NSkiLCJOdWxsIjoiWUVTIiwiS2V5IjoiIiwiRGVmYXVsdCI6bnVsbCwiRXh0cmEiOiIifSx7IkZpZWxkIjoiQWtzaUlkIiwiVHlwZSI6InNtYWxsaW50KDYpIiwiTnVsbCI6IllFUyIsIktleSI6Ik1VTCIsIkRlZmF1bHQiOm51bGwsIkV4dHJhIjoiIn0seyJGaWVsZCI6IkxhYmVsQWtzaSIsIlR5cGUiOiJ2YXJjaGFyKDUwKSIsIk51bGwiOiJZRVMiLCJLZXkiOiIiLCJEZWZhdWx0IjpudWxsLCJFeHRyYSI6IiJ9LHsiRmllbGQiOiJIaW50IiwiVHlwZSI6InZhcmNoYXIoMTAwKSIsIk51bGwiOiJZRVMiLCJLZXkiOiIiLCJEZWZhdWx0IjpudWxsLCJFeHRyYSI6IiJ9LHsiRmllbGQiOiJOZWVkU3NsIiwiVHlwZSI6ImVudW0oJ1llcycsJ05vJykiLCJOdWxsIjoiWUVTIiwiS2V5IjoiIiwiRGVmYXVsdCI6bnVsbCwiRXh0cmEiOiIifV0iO2FrdGl2ZV91c2VyX2dyb3VwX2lkfHM6MjoiNjMiO2FjY2Vzc19tb2R1bGV8YTozOntzOjExOiJtb2R1bGVDb3VudCI7czo0OiIiMzUiIjtzOjY6Im1vZHVsZSI7czoxODc6InsibG9naW5fZGVmYXVsdGxvZ2ludmlld2h0bWwyMDAiOiI3NjIiLCJsb2dpbl9kZWZhdWx0bG9naW5kb2h0bWwyMDAiOiI3NTkiLCJob21laG9tZXZpZXdodG1sMjAwIjoiNzU3IiwibWVudW1lbnV2aWV3aHRtbDIwMCI6Ijc2MyIsInRlc3RUZXN0Vmlld2h0bWwyMDAiOiIxNzkyIiwidGVzdHBkZng0dmlld3BkZngyMDAiOiIwIn0iO3M6NDoidXNlciI7czo3OiIiYWRtaW4iIjt9','2014-06-24 02:11:45'),('gj3vat2tmo1v7uqged3gfrl6k7','dGFibGVfZ3Rmd19jb25maWdfYXZhaWxhYmxlfGE6MTp7aTowO2E6MTp7czozNToiVGFibGVzX2luX2d0ZndfcHVibGljIChndGZ3X2NvbmZpZykiO3M6MTE6Imd0ZndfY29uZmlnIjt9fWNoZWNrX2d0ZndfbWVudV90YWJsZXxhOjE6e2k6MDthOjE6e3M6MzM6IlRhYmxlc19pbl9ndGZ3X3B1YmxpYyAoZ3Rmd19tZW51KSI7czo5OiJndGZ3X21lbnUiO319bWVzc2VuZ2VyX3F1ZXVlfHM6MTQ0OiJPOjEyOiJNZXNzYWdlUXVldWUiOjM6e3M6MzE6IgBNZXNzYWdlUXVldWUAbUN1cnJlbnRSZXF1ZXN0SWQiO2k6MTtzOjI4OiIATWVzc2FnZVF1ZXVlAG1OZXh0UmVxdWVzdElkIjtpOjI7czoyMzoiAE1lc3NhZ2VRdWV1ZQBtTWVzc2FnZXMiO2E6MDp7fX0iO3N0YXJ0X2tleXxpOjI1NTA3MzI5MjttdWx0X2tleXxpOjEyNDYxNTE2ODk7YWRkX2tleXxpOjE3MTI1MjA1NDE7aXNfbG9nZ2VkX2lufGI6MDt1c2VybmFtZXxzOjY6Im5vYm9keSI7YWNjZXNzX21vZHVsZXxhOjI6e3M6NjoibW9kdWxlIjtzOjMxOiJ7InRlc3RwZGZ4NXZpZXdwZGZ4MjAwIjoiMTgwNyJ9IjtzOjQ6InVzZXIiO3M6ODoiIm5vYm9keSIiO30=','2014-06-24 06:13:48'),('fgtm25dm3cqgh4047s2ifeen62','dGFibGVfZ3Rmd19jb25maWdfYXZhaWxhYmxlfGE6MTp7aTowO2E6MTp7czo0MDoiVGFibGVzX2luX21hZ2FuZ19ndHByb2plY3QgKGd0ZndfY29uZmlnKSI7czoxMToiZ3Rmd19jb25maWciO319Y2hlY2tfZ3Rmd19tZW51X3RhYmxlfGE6MTp7aTowO2E6MTp7czozODoiVGFibGVzX2luX21hZ2FuZ19ndHByb2plY3QgKGd0ZndfbWVudSkiO3M6OToiZ3Rmd19tZW51Ijt9fW1lc3Nlbmdlcl9xdWV1ZXxzOjI1MjoiTzoxMjoiTWVzc2FnZVF1ZXVlIjozOntzOjMxOiIATWVzc2FnZVF1ZXVlAG1DdXJyZW50UmVxdWVzdElkIjtpOjQyO3M6Mjg6IgBNZXNzYWdlUXVldWUAbU5leHRSZXF1ZXN0SWQiO2k6NDM7czoyMzoiAE1lc3NhZ2VRdWV1ZQBtTWVzc2FnZXMiO2E6MTp7czo5MjoiL2hvbWUvbWFnYW5nL3B1YmxpY19odG1sL3Byb2plY3RBQ1MvZGV2ZWwvbW9kdWxlL2d0ZndfdXNlci9yZXNwb25zZS9WaWV3VXNlci5odG1sLmNsYXNzLnBocF8iO2E6MDp7fX19IjtzdGFydF9rZXl8aToxODI2OTQyMzkwO211bHRfa2V5fGk6NjU2MTMzNjA0O2FkZF9rZXl8aTo1NTE0NjYyOTU7aXNfbG9nZ2VkX2lufGI6MTt1c2VybmFtZXxzOjU6ImFkbWluIjtzYWx0fGk6NDcwNTIzNDIzO2xvZ2luX3NhbHR8aTo0NzA1MjM0MjM7ZGVzY3JpYmVfZ3Rmd19tb2R1bGV8czoxNjY5OiJbeyJGaWVsZCI6Ik1vZHVsZUlkIiwiVHlwZSI6ImJpZ2ludCgyMCkgdW5zaWduZWQiLCJOdWxsIjoiTk8iLCJLZXkiOiJQUkkiLCJEZWZhdWx0IjpudWxsLCJFeHRyYSI6ImF1dG9faW5jcmVtZW50In0seyJGaWVsZCI6Ik1vZHVsZU5pY2siLCJUeXBlIjoidmFyY2hhcigyMCkiLCJOdWxsIjoiWUVTIiwiS2V5IjoiVU5JIiwiRGVmYXVsdCI6bnVsbCwiRXh0cmEiOiIifSx7IkZpZWxkIjoiTW9kdWxlIiwiVHlwZSI6InZhcmNoYXIoMTAwKSIsIk51bGwiOiJOTyIsIktleSI6IiIsIkRlZmF1bHQiOiIiLCJFeHRyYSI6IiJ9LHsiRmllbGQiOiJMYWJlbE1vZHVsZSIsIlR5cGUiOiJ2YXJjaGFyKDEwMCkiLCJOdWxsIjoiTk8iLCJLZXkiOiIiLCJEZWZhdWx0IjoiIiwiRXh0cmEiOiIifSx7IkZpZWxkIjoiU3ViTW9kdWxlIiwiVHlwZSI6InZhcmNoYXIoMTAwKSIsIk51bGwiOiJOTyIsIktleSI6IiIsIkRlZmF1bHQiOiIiLCJFeHRyYSI6IiJ9LHsiRmllbGQiOiJBY3Rpb24iLCJUeXBlIjoidmFyY2hhcigxMDApIiwiTnVsbCI6IllFUyIsIktleSI6IiIsIkRlZmF1bHQiOiJ2aWV3IiwiRXh0cmEiOiIifSx7IkZpZWxkIjoiVHlwZSIsIlR5cGUiOiJ2YXJjaGFyKDEwMCkiLCJOdWxsIjoiWUVTIiwiS2V5IjoiIiwiRGVmYXVsdCI6Imh0bWwiLCJFeHRyYSI6IiJ9LHsiRmllbGQiOiJEZXNjcmlwdGlvbiIsIlR5cGUiOiJ0ZXh0IiwiTnVsbCI6IllFUyIsIktleSI6IiIsIkRlZmF1bHQiOm51bGwsIkV4dHJhIjoiIn0seyJGaWVsZCI6IkFjY2VzcyIsIlR5cGUiOiJlbnVtKCdBbGwnLCdFeGNsdXNpdmUnKSIsIk51bGwiOiJOTyIsIktleSI6IiIsIkRlZmF1bHQiOiJFeGNsdXNpdmUiLCJFeHRyYSI6IiJ9LHsiRmllbGQiOiJTaG93IiwiVHlwZSI6ImVudW0oJ1llcycsJ05vJykiLCJOdWxsIjoiWUVTIiwiS2V5IjoiIiwiRGVmYXVsdCI6Ik5vIiwiRXh0cmEiOiIifSx7IkZpZWxkIjoiSWNvblBhdGgiLCJUeXBlIjoidmFyY2hhcigyNTUpIiwiTnVsbCI6IllFUyIsIktleSI6IiIsIkRlZmF1bHQiOm51bGwsIkV4dHJhIjoiIn0seyJGaWVsZCI6Ik1lbnVJZCIsIlR5cGUiOiJpbnQoNikiLCJOdWxsIjoiWUVTIiwiS2V5IjoiTVVMIiwiRGVmYXVsdCI6bnVsbCwiRXh0cmEiOiIifSx7IkZpZWxkIjoiQXBwbGljYXRpb25JZCIsIlR5cGUiOiJiaWdpbnQoMjApIiwiTnVsbCI6IllFUyIsIktleSI6Ik1VTCIsIkRlZmF1bHQiOm51bGwsIkV4dHJhIjoiIn0seyJGaWVsZCI6Ik1vZHVsZVBhdGgiLCJUeXBlIjoidmFyY2hhcigyNTUpIiwiTnVsbCI6IllFUyIsIktleSI6IiIsIkRlZmF1bHQiOm51bGwsIkV4dHJhIjoiIn0seyJGaWVsZCI6IkFrc2lJZCIsIlR5cGUiOiJzbWFsbGludCg2KSIsIk51bGwiOiJZRVMiLCJLZXkiOiJNVUwiLCJEZWZhdWx0IjpudWxsLCJFeHRyYSI6IiJ9LHsiRmllbGQiOiJMYWJlbEFrc2kiLCJUeXBlIjoidmFyY2hhcig1MCkiLCJOdWxsIjoiWUVTIiwiS2V5IjoiIiwiRGVmYXVsdCI6bnVsbCwiRXh0cmEiOiIifSx7IkZpZWxkIjoiSGludCIsIlR5cGUiOiJ2YXJjaGFyKDEwMCkiLCJOdWxsIjoiWUVTIiwiS2V5IjoiIiwiRGVmYXVsdCI6bnVsbCwiRXh0cmEiOiIifSx7IkZpZWxkIjoiTmVlZFNzbCIsIlR5cGUiOiJlbnVtKCdZZXMnLCdObycpIiwiTnVsbCI6IllFUyIsIktleSI6IiIsIkRlZmF1bHQiOm51bGwsIkV4dHJhIjoiIn1dIjtha3RpdmVfdXNlcl9ncm91cF9pZHxzOjI6IjYzIjthY2Nlc3NfbW9kdWxlfGE6Mzp7czoxMToibW9kdWxlQ291bnQiO3M6NToiIjEwNSIiO3M6NjoibW9kdWxlIjtzOjkxMToieyJsb2dpbl9kZWZhdWx0bG9naW52aWV3aHRtbDIwMCI6IjAiLCJsb2dpbl9kZWZhdWx0bG9naW5kb2h0bWwyMDAiOiIwIiwiaG9tZWhvbWV2aWV3aHRtbDIwMCI6IjAiLCJtZW51bWVudXZpZXdodG1sMjAwIjoiMCIsIm1hbmFrb19jb250YWN0Q29udGFjdFZpZXdodG1sMjAwIjoiMCIsImNvbWJvYm94MmNvbWJvYm94MnZpZXdodG1sMjAwIjoiMCIsIm1hbmFrb19wcm9qZWN0UHJvamVjdFZpZXdodG1sMjAwIjoiMCIsImd0ZndfZ3JvdXBHcm91cFZpZXdodG1sMjAwIjoiMCIsImd0ZndfZ3JvdXBpbnB1dEdyb3Vwdmlld2h0bWwyMDAiOiIwIiwiY29tYm9ib3hjb21ib2JveHZpZXdodG1sMjAwIjoiMCIsImd0ZndfZ3JvdXB1cGRhdGVHcm91cGRvanNvbjIwMCI6IjAiLCJndGZ3X2dyb3VwZ3JvdXB2aWV3aHRtbDIwMCI6IjAiLCJtYW5ha29fcHJvamVjdGFrdGlmMlByb2plY3RBa3RpZjJWaWV3aHRtbDIwMCI6IjAiLCJtYW5ha29fcHJvamVjdGFrdGlmMVByb2plY3RBa3RpZjFWaWV3aHRtbDIwMCI6IjAiLCJtYW5ha29fZ2ZvcmdlR2ZvcmdlVmlld2h0bWwyMDAiOiIxODYzIiwibWFuYWtvX2Jpc25pc0Jpc25pc1ZpZXdodG1sMjAwIjoiMTg0NCIsIm1hbmFrb19wb3Npc2lQb3Npc2lWaWV3aHRtbDIwMCI6IjE4OTAiLCJtYW5ha29fY29udGFjdF9maWVsZENvbnRhY3RGaWVsZFZpZXdodG1sMjAwIjoiMTg5NyIsIm1hbmFrb19jbGllbnRDbGllbnRWaWV3aHRtbDIwMCI6IjE4NTQiLCJtYW5ha29fcGVyc29uYWxQZXJzb25hbFZpZXdodG1sMjAwIjoiMTg3MiIsImd0ZndfbWVudU1lbnVWaWV3aHRtbDIwMCI6IjE3OTMiLCJwYWdpbmdwYWdpbmd2aWV3aHRtbDIwMCI6IjAiLCJndGZ3X3VzZXJVc2VyVmlld2h0bWwyMDAiOiIxNzkwIiwiZ3Rmd19tb2R1bGVndGZ3TW9kdWxldmlld2h0bWwyMDAiOiIxMTMyIn0iO3M6NDoidXNlciI7czo3OiIiYWRtaW4iIjt9','2015-12-16 07:03:04');
/*!40000 ALTER TABLE `gtfw_session_table` ENABLE KEYS */;
UNLOCK TABLES;

--
-- Table structure for table `gtfw_unit`
--

DROP TABLE IF EXISTS `gtfw_unit`;
/*!40101 SET @saved_cs_client     = @@character_set_client */;
/*!40101 SET character_set_client = utf8 */;
CREATE TABLE `gtfw_unit` (
  `UnitId` bigint(20) NOT NULL AUTO_INCREMENT,
  `UnitName` varchar(255) DEFAULT NULL,
  `Description` text,
  PRIMARY KEY (`UnitId`),
  UNIQUE KEY `uk_UnitName` (`UnitName`)
) ENGINE=InnoDB AUTO_INCREMENT=3 DEFAULT CHARSET=latin1;
/*!40101 SET character_set_client = @saved_cs_client */;

--
-- Dumping data for table `gtfw_unit`
--

LOCK TABLES `gtfw_unit` WRITE;
/*!40000 ALTER TABLE `gtfw_unit` DISABLE KEYS */;
INSERT INTO `gtfw_unit` VALUES (1,'Pusat',''),(2,'Administrasi Aplikasi',NULL);
/*!40000 ALTER TABLE `gtfw_unit` ENABLE KEYS */;
UNLOCK TABLES;

--
-- Table structure for table `gtfw_unit_app_satuan_kerja`
--

DROP TABLE IF EXISTS `gtfw_unit_app_satuan_kerja`;
/*!40101 SET @saved_cs_client     = @@character_set_client */;
/*!40101 SET character_set_client = utf8 */;
CREATE TABLE `gtfw_unit_app_satuan_kerja` (
  `uasUnitappId` bigint(20) DEFAULT NULL,
  `uasSatkerId` bigint(20) DEFAULT NULL,
  KEY `FK_gtfw_unit_app_satuan_kerja1` (`uasUnitappId`),
  KEY `FK_gtfw_unit_app_satuan_kerja2` (`uasSatkerId`)
) ENGINE=InnoDB DEFAULT CHARSET=latin1;
/*!40101 SET character_set_client = @saved_cs_client */;

--
-- Dumping data for table `gtfw_unit_app_satuan_kerja`
--

LOCK TABLES `gtfw_unit_app_satuan_kerja` WRITE;
/*!40000 ALTER TABLE `gtfw_unit_app_satuan_kerja` DISABLE KEYS */;
/*!40000 ALTER TABLE `gtfw_unit_app_satuan_kerja` ENABLE KEYS */;
UNLOCK TABLES;

--
-- Table structure for table `gtfw_unit_application`
--

DROP TABLE IF EXISTS `gtfw_unit_application`;
/*!40101 SET @saved_cs_client     = @@character_set_client */;
/*!40101 SET character_set_client = utf8 */;
CREATE TABLE `gtfw_unit_application` (
  `unitappId` bigint(20) NOT NULL AUTO_INCREMENT,
  `unitappUnitId` bigint(20) DEFAULT NULL,
  `unitappApplicationId` bigint(20) DEFAULT NULL,
  PRIMARY KEY (`unitappId`),
  KEY `FK_gtfw_unit_application_unit` (`unitappUnitId`),
  KEY `FK_gtfw_unit_application_app` (`unitappApplicationId`),
  CONSTRAINT `gtfw_unit_application_ibfk_1` FOREIGN KEY (`unitappUnitId`) REFERENCES `gtfw_unit` (`UnitId`) ON DELETE CASCADE ON UPDATE CASCADE,
  CONSTRAINT `gtfw_unit_application_ibfk_2` FOREIGN KEY (`unitappApplicationId`) REFERENCES `gtfw_application` (`ApplicationId`) ON DELETE CASCADE ON UPDATE CASCADE
) ENGINE=InnoDB AUTO_INCREMENT=7 DEFAULT CHARSET=latin1;
/*!40101 SET character_set_client = @saved_cs_client */;

--
-- Dumping data for table `gtfw_unit_application`
--

LOCK TABLES `gtfw_unit_application` WRITE;
/*!40000 ALTER TABLE `gtfw_unit_application` DISABLE KEYS */;
INSERT INTO `gtfw_unit_application` VALUES (1,1,500),(2,2,401),(3,1,100),(4,1,300),(5,1,200),(6,2,300);
/*!40000 ALTER TABLE `gtfw_unit_application` ENABLE KEYS */;
UNLOCK TABLES;

--
-- Table structure for table `gtfw_user`
--

DROP TABLE IF EXISTS `gtfw_user`;
/*!40101 SET @saved_cs_client     = @@character_set_client */;
/*!40101 SET character_set_client = utf8 */;
CREATE TABLE `gtfw_user` (
  `UserId` bigint(20) NOT NULL AUTO_INCREMENT,
  `RealName` varchar(100) NOT NULL DEFAULT '',
  `UserName` varchar(16) NOT NULL DEFAULT '',
  `Password` varchar(32) NOT NULL DEFAULT '',
  `Description` text,
  `NoPassword` enum('Yes','No') NOT NULL DEFAULT 'No',
  `Active` enum('Yes','No') NOT NULL DEFAULT 'No',
  `ForceLogout` enum('Yes','No') NOT NULL DEFAULT 'No',
  `ActiveUntil` date DEFAULT '9999-12-31',
  PRIMARY KEY (`UserId`),
  UNIQUE KEY `uk_UserName` (`UserName`)
) ENGINE=InnoDB AUTO_INCREMENT=97 DEFAULT CHARSET=latin1;
/*!40101 SET character_set_client = @saved_cs_client */;

--
-- Dumping data for table `gtfw_user`
--

LOCK TABLES `gtfw_user` WRITE;
/*!40000 ALTER TABLE `gtfw_user` DISABLE KEYS */;
INSERT INTO `gtfw_user` VALUES (1,'nobody','nobody','','nobody','Yes','No','No','9999-12-31'),(42,'Admin aplikasi','admin','ad1fc1c4bfb4609879b17d9086793f48','User admin aplikasi','No','Yes','No','2015-12-01'),(43,'Operator Aplikasi','opera','21232f297a57a5a743894a0e4a801fc3','User Operator main','No','No','No','9999-12-31'),(44,'Kusuma Winanti','antie','7c8628ef79c93db43a1a33debeca3748','','No','No','No','9999-12-31'),(45,'Mhd. Rizki Candra','rizki.candra','daed6ec547a88a5780ace966202b206e','Application Support AMS','No','Yes','No','9999-12-31'),(46,'Monica Agustami Kristy','monica','ff0d813dd5d2f64dd372c6c4b6aed086','Applicatin Support AMS','No','Yes','No','9999-12-31'),(47,'Dyah Fajar Nur Rohmah','dyah','cca5e6f5e711f3b462ca5cbb13d14c57','Lead, Application Support RMS 1','No','Yes','No','9999-12-31'),(48,'Entry Hotel','inputhotel','0236ec7137de1dd4c2e682596843adf2','Utk input data data hotel','No','Yes','No','9999-12-31'),(49,'Ria','ria','d42a9ad09e9778b177d409f5716ac621','','No','No','No','9999-12-31'),(50,'Entry Kontak','kontak','4cb1a7f683adbb1bb614f4b05acf6140','Input data kontak person','No','Yes','No','9999-12-31'),(52,'Magang Stembayo Kontak','stembayokontak','c8c27d36c26416d9110a9431157892e4','Magang SMKN 2 Depok yang bertugas input kontak','No','No','No','9999-12-31'),(53,'Viby Putri Rinanti','viby','fba3514598db69e4574865743bf8a816','Application Support RMS 2','No','Yes','No','9999-12-31'),(54,'Ajengmas Restia Kumara','ajengmas','b47888ace8f0985fb4d00a5c981c119e','Application Support AMS','No','Yes','No','9999-12-31'),(55,'Alvista Riviera','alvista.riviera','0ae9867037cf3ca00b2d2b8d7169344b','Application Support AMS','No','Yes','No','9999-12-31'),(56,'Diannita Kartikasari','diannita','be153c335e8e57569d1cb1a99d03df8e','Application Support AMS','No','Yes','No','9999-12-31'),(57,'Dian Utari','utari','62a6cfff6b0ba700dfb0e93b1c2560bf','Application Support RMS 2','No','Yes','No','9999-12-31'),(58,'Anggi Ayu Meidamara','anggi','4a283e1f5eb8628c8631718fe87f5917','Application Support RMS 1','No','Yes','No','9999-12-31'),(59,'','pengguna','8b097b8a86f9d6a991357d40d3d58634','','No','No','No','9999-12-31'),(60,'','pengguna2','cda313c58b0f9144031ac66212abb154','','No','No','No','9999-12-31'),(61,'Rosalia Erminia Nugrahani','Rosa','cdaa9e38b6a2af66eb4e1958f23f0aaf','Asisten Manajer Project','No','Yes','No','9999-12-31'),(62,'Sri Wahyuni','lan2.yuni','d4c16de257ef0cbb883a87529827f681','User untuk sys Admin','No','Yes','No','9999-12-31'),(63,'Entry Data kontak 1','Kontak1','4cb1a7f683adbb1bb614f4b05acf6140','','No','Yes','No','9999-12-31'),(64,'Entry Data kontak 2','Kontak2','4cb1a7f683adbb1bb614f4b05acf6140','','No','Yes','No','9999-12-31'),(65,'Triana Ari Wardhani','Triana','a8aa8ab91288e2869ece96ce57cd2e5d','','No','Yes','No','9999-12-31'),(66,'Urip','urip','277f208aae3f17230b2e12ca6e0d16d1','','No','Yes','No','9999-12-31'),(67,'Input Data User','inputuser','66a57d3afeb36f9f355eeea17afcef9a','','No','Yes','No','9999-12-31'),(68,'Awaludin Zakaria','awal','7066120b58cd7b4d007f18320fae17ff','','No','Yes','No','9999-12-31'),(69,'Yoga Asmara','asmara','77ffbbd56d9f94be98653fe1f3530a9a','','No','Yes','No','9999-12-31'),(70,'MUHAMMAD RABIUL AKHIRIN','roby','c5c5a17bbf5d31171d022fb123416d1a','','No','Yes','No','9999-12-31'),(71,'Etta Widi Aristyawan','ettawidi','2729802a27386fa223797e260a3b4dd8','','No','Yes','No','9999-12-31'),(72,'Febri Nur Rohman','febri.nur','c845a862037445d1f1b6b2e194abd685','','No','Yes','No','9999-12-31'),(73,'Galih Udin Syambudhi','syambudhi','1307dc6d2d64da1dcaa512ee742aab9b','','No','Yes','No','9999-12-31'),(74,'Tri Anggoro Kasih','tri.anggoro','d35c6b9514cf6318b13ef646033e46e1','','No','Yes','No','9999-12-31'),(75,'Ebedia Hilda Am','hilda','ad31b478525413f0b1b1d8bf0aebeb7c','','No','Yes','No','9999-12-31'),(76,'Sundari','sundari','0718e783915d466ca808f8e9aea2cfd0','','No','Yes','No','9999-12-31'),(77,'Ahmad Luthfi Abdurrasyid','ahmad.luthfi','4f30e2c7cc8d4a12c71170a5ef9daf6e','','No','Yes','No','9999-12-31'),(78,'Reflan Nuari','reflan','14f4dc851a95dae0e0a87e200b3c32b2','','No','Yes','No','9999-12-31'),(79,'Hengky Alvinsius','hengky','6b2d784b73375b5e15fb7461fc42c397','','No','Yes','No','9999-12-31'),(80,'Noor Hadi','noor.hadi','f175a6da67db41002d5ec46d406bc1d0','','No','Yes','No','9999-12-31'),(81,'Rochmad Widianto','rochmad','ebecf868c14c5f88146da2608a1feed2','','No','Yes','No','9999-12-31'),(82,'Waskito Zamani','waskito','00e28f63191b2d31e1d8a66787c72110','','No','Yes','No','9999-12-31'),(83,'fadlurrahman','fadlurrahman','9eff6b3c3a670de93fcafc19bfbd704a','','No','Yes','No','9999-12-31'),(84,'Suhendra Juniar Azhari','suhendra','46bb32621a172eac8fdae7acb3932764','','No','Yes','No','9999-12-31'),(85,'Bagas Triaji','bagas','ee776a18253721efe8a62e4abd29dc47','','No','Yes','No','9999-12-31'),(86,'Aninda Astuti','aninda.astuti','3c255264fb1267c5fef541cd01842a74','','No','Yes','No','9999-12-31'),(87,'Wahyu Bimo Sukarno','bimo','c72444a1b9678e55273d5d5f315a6c0e','','No','Yes','No','9999-12-31'),(88,'Dyan Galih Nugroho Wicaksi','galih','027dc74f0bbf09a61a36ec7f0d9e08ca','','No','Yes','No','9999-12-31'),(89,'Arif Cahya Baskara','arif.cahya','6108a3cff27b58577fc7bab3cb2fcc1a','','No','Yes','No','9999-12-31'),(90,'Sri Wahyuni','acs_intern1','dae9cf4fa6368de43398c6b297b40db7','','No','Yes','No','9999-12-31'),(91,'Arif Rahayu Fitriawan','arif.rahayu','02d504a557a169f53634372ea0659eae','','No','Yes','No','9999-12-31'),(92,'Aninda Nugraheni','aninda','cf20d7c302b08cb0d8bb5fe35b36634b','','No','Yes','No','9999-12-31'),(93,'Fenti Tri Lestari','fenti','aa99c3aaaddf1cb10efe5232d51170e4','','No','Yes','No','9999-12-31'),(94,'Dela Damayanti Albertya','dela','4e4a3b45c22f1be8f65067b617722ad6','','No','Yes','No','9999-12-31'),(95,'nanang','nanang','616594dfa7969baca16f60548117c7f2','','No','Yes','No','9999-12-31'),(96,'Input Client','inputclient','045a46ac5aea49f75cef0dccf53dd3b7','User untuk Entry data Client','No','Yes','No','9999-12-31');
/*!40000 ALTER TABLE `gtfw_user` ENABLE KEYS */;
UNLOCK TABLES;

--
-- Table structure for table `gtfw_user_def_group`
--

DROP TABLE IF EXISTS `gtfw_user_def_group`;
/*!40101 SET @saved_cs_client     = @@character_set_client */;
/*!40101 SET character_set_client = utf8 */;
CREATE TABLE `gtfw_user_def_group` (
  `UserId` bigint(20) NOT NULL DEFAULT '0',
  `GroupId` bigint(20) NOT NULL DEFAULT '0',
  `ApplicationId` bigint(20) NOT NULL DEFAULT '0',
  PRIMARY KEY (`UserId`,`GroupId`,`ApplicationId`),
  KEY `fk_gtfw_user_def_group_GroupId` (`GroupId`),
  KEY `fk_gtfw_user_def_group_ApplicationId` (`ApplicationId`)
) ENGINE=InnoDB DEFAULT CHARSET=latin1;
/*!40101 SET character_set_client = @saved_cs_client */;

--
-- Dumping data for table `gtfw_user_def_group`
--

LOCK TABLES `gtfw_user_def_group` WRITE;
/*!40000 ALTER TABLE `gtfw_user_def_group` DISABLE KEYS */;
INSERT INTO `gtfw_user_def_group` VALUES (1,1,100),(42,63,200),(61,63,200),(95,63,200),(48,64,200),(68,64,200),(69,64,200),(70,64,200),(71,64,200),(72,64,200),(73,64,200),(74,64,200),(75,64,200),(76,64,200),(77,64,200),(78,64,200),(79,64,200),(80,64,200),(81,64,200),(82,64,200),(83,64,200),(84,64,200),(85,64,200),(86,64,200),(87,64,200),(88,64,200),(89,64,200),(90,64,200),(91,64,200),(92,64,200),(93,64,200),(94,64,200),(51,66,200),(45,67,200),(46,67,200),(54,67,200),(55,67,200),(56,67,200),(66,67,200),(47,68,200),(58,68,200),(65,68,200),(53,69,200),(57,69,200),(43,70,200),(44,70,200),(49,70,200),(52,70,200),(59,70,200),(60,70,200),(67,70,200),(50,71,200),(63,71,200),(64,71,200),(62,73,200),(96,74,200);
/*!40000 ALTER TABLE `gtfw_user_def_group` ENABLE KEYS */;
UNLOCK TABLES;

--
-- Table structure for table `gtfw_user_fav_menu`
--

DROP TABLE IF EXISTS `gtfw_user_fav_menu`;
/*!40101 SET @saved_cs_client     = @@character_set_client */;
/*!40101 SET character_set_client = utf8 */;
CREATE TABLE `gtfw_user_fav_menu` (
  `UserId` bigint(20) NOT NULL DEFAULT '0',
  `GroupId` bigint(20) NOT NULL DEFAULT '0',
  `MenuId` bigint(20) unsigned NOT NULL DEFAULT '0',
  PRIMARY KEY (`UserId`,`GroupId`,`MenuId`),
  KEY `fk_gtfw_user_fav_menu_MenuId` (`MenuId`)
) ENGINE=InnoDB DEFAULT CHARSET=latin1;
/*!40101 SET character_set_client = @saved_cs_client */;

--
-- Dumping data for table `gtfw_user_fav_menu`
--

LOCK TABLES `gtfw_user_fav_menu` WRITE;
/*!40000 ALTER TABLE `gtfw_user_fav_menu` DISABLE KEYS */;
/*!40000 ALTER TABLE `gtfw_user_fav_menu` ENABLE KEYS */;
UNLOCK TABLES;

--
-- Table structure for table `gtfw_user_group`
--

DROP TABLE IF EXISTS `gtfw_user_group`;
/*!40101 SET @saved_cs_client     = @@character_set_client */;
/*!40101 SET character_set_client = utf8 */;
CREATE TABLE `gtfw_user_group` (
  `UserId` bigint(20) NOT NULL DEFAULT '0',
  `GroupId` bigint(20) NOT NULL DEFAULT '0',
  PRIMARY KEY (`UserId`,`GroupId`),
  KEY `fk_gtfw_user_group_app_GroupId` (`GroupId`)
) ENGINE=InnoDB DEFAULT CHARSET=latin1;
/*!40101 SET character_set_client = @saved_cs_client */;

--
-- Dumping data for table `gtfw_user_group`
--

LOCK TABLES `gtfw_user_group` WRITE;
/*!40000 ALTER TABLE `gtfw_user_group` DISABLE KEYS */;
INSERT INTO `gtfw_user_group` VALUES (1,1),(42,63),(61,63),(95,63),(48,64),(68,64),(69,64),(70,64),(71,64),(72,64),(73,64),(74,64),(75,64),(76,64),(77,64),(78,64),(79,64),(80,64),(81,64),(82,64),(83,64),(84,64),(85,64),(86,64),(87,64),(88,64),(89,64),(90,64),(91,64),(92,64),(93,64),(94,64),(51,66),(45,67),(46,67),(54,67),(55,67),(56,67),(66,67),(47,68),(58,68),(65,68),(53,69),(57,69),(43,70),(44,70),(49,70),(52,70),(59,70),(60,70),(67,70),(50,71),(63,71),(64,71),(62,73),(96,74);
/*!40000 ALTER TABLE `gtfw_user_group` ENABLE KEYS */;
UNLOCK TABLES;

--
-- Table structure for table `project_app`
--

DROP TABLE IF EXISTS `project_app`;
/*!40101 SET @saved_cs_client     = @@character_set_client */;
/*!40101 SET character_set_client = utf8 */;
CREATE TABLE `project_app` (
  `appId` bigint(20) unsigned NOT NULL AUTO_INCREMENT,
  `appProductId` bigint(20) unsigned NOT NULL,
  `appVarianId` bigint(20) unsigned NOT NULL,
  `appName` varchar(200) NOT NULL,
  `appNick` varchar(100) NOT NULL,
  `appDirInstall` varchar(100) DEFAULT NULL,
  `appPathDev` varchar(255) DEFAULT NULL,
  `appPathDocRepo` varchar(255) DEFAULT NULL,
  `appPathDocFile` varchar(255) DEFAULT NULL,
  `appUpdateTimestamp` timestamp NULL DEFAULT NULL,
  `appUpdateUserId` bigint(20) DEFAULT NULL,
  PRIMARY KEY (`appId`),
  UNIQUE KEY `UNIQUE NICK` (`appNick`),
  KEY `appProductId` (`appProductId`),
  KEY `appVarianId` (`appVarianId`),
  CONSTRAINT `project_app_ibfk_1` FOREIGN KEY (`appProductId`) REFERENCES `project_app_product` (`productId`) ON DELETE NO ACTION ON UPDATE CASCADE,
  CONSTRAINT `project_app_ibfk_2` FOREIGN KEY (`appVarianId`) REFERENCES `project_app_varian` (`varianId`) ON DELETE NO ACTION ON UPDATE CASCADE
) ENGINE=InnoDB AUTO_INCREMENT=52 DEFAULT CHARSET=latin1;
/*!40101 SET character_set_client = @saved_cs_client */;

--
-- Dumping data for table `project_app`
--

LOCK TABLES `project_app` WRITE;
/*!40000 ALTER TABLE `project_app` DISABLE KEYS */;
INSERT INTO `project_app` VALUES (13,4,9,'gtAdmisi','gtadmisi','gtadmisi','academicademo/trunk/ecampuz/ecampuz_gt/gtadmisi','Doc_Pro\\gtAdmisi','\\\\192.168.254.204\\02_acs_Shared\\_Produk\\gtAdmisi',NULL,NULL),(14,5,10,'gtRegistrasi','gtreg','gtregistrasi','academicademo/trunk/ecampuz/ecampuz_gt/gtregistrasi','Doc_Pro\\gtRegistrasi','\\\\192.168.254.204\\02_acs_Shared\\_Produk\\gtRegistrasi',NULL,NULL),(15,6,11,'gtPembayaran','gtpem','gtpembayaran','','Doc_Pro\\gtFinansiPembayaran','\\\\192.168.254.204\\02_acs_Shared\\_Produk\\gtPembayaran',NULL,NULL),(16,7,12,'gtAkademik BO','gtakdbo','gtakademik','academicademo/trunk/ecampuz/ecampuz_gt/gtakademik','Doc_Pro\\gtAkademik','\\\\192.168.254.204\\02_acs_Shared\\_Produk\\gtAkademik',NULL,NULL),(17,7,12,'gtAkademik Portal','gtakdfo','gtakademik_portal','academicademo/trunk/ecampuz/ecampuz_gt/gtakademik_portal','Doc_Pro\\gtAkademik','\\\\192.168.254.204\\02_acs_Shared\\_Produk\\gtAkademik',NULL,NULL),(18,7,12,'gtAkademik Poltek BO','gtakdpoltekbo','gtakademik','','Doc_Pro\\gtAkademik','',NULL,NULL),(19,7,12,'gtAkademik Poltek Portal','gtakdpoltekfo','gtakademik_portal','','Doc_Pro\\gtAkademik','',NULL,NULL),(20,7,12,'gtAkademik Kedinasan BO','gtakdtarunabo','gtakademik','','Doc_Pro\\gtAkademik','',NULL,NULL),(21,7,12,'gtAkademik Kedinasan Portal','gtakdtarunafo','gtakademik_portal','','Doc_Pro\\gtAkademik','',NULL,NULL),(22,7,12,'gtAkademik Kbk BO','gtakdkbkbo','gtakademik','','','',NULL,NULL),(23,7,12,'gtAkademik Kbk Portal','gtakdkbkfo','gtakademik_portal','','','',NULL,NULL),(24,9,13,'gtDilat BO','gtdiklatbo','gtdiklat','','','',NULL,NULL),(25,9,13,'gtDilat Portal','gtdiklatfo','gtdiklat_portal','','','',NULL,NULL),(26,8,14,'gtAlumniKarir BO','gtalkabo','gtalumnikarir','','','','2016-01-04 06:02:41',42),(27,10,15,'gtAset','gtaset','','','','',NULL,NULL),(28,11,16,'gtAnggaran','gtangg','','','','',NULL,NULL),(29,12,16,'gtKeuangan','gtkeu','','','','',NULL,NULL),(30,13,16,'gtAkuntansi','gtakun','gtakuntansi','gtfin_akun/trunk','','','2016-01-04 05:52:06',42),(31,14,17,'gtSdm BO','gtsdmbo','gtsdm','gtsdm_devel','','','2016-01-04 05:59:49',42),(32,15,18,'gtPustaka','gtpusbo','gtpustaka','','','','2016-01-04 06:16:46',42),(33,16,19,'gtBeasiswa','gtbea','gtbeasiswa','','','','2016-01-04 06:18:15',42),(34,17,20,'gtRiset BO','gtrisetbo','gtbeasiswa','','','','2016-01-04 06:21:19',42),(35,18,21,'gtBI','gtbi','gtbi','gtdss_devel/trunk/gtBI','','','2016-01-04 06:25:12',42),(36,8,14,'gtAlumniKarir Portal','gtalkafo','','','','',NULL,NULL),(37,14,17,'gtSdm Portal','gtsdmfo','gtsdm_portal','gtsdm_devel','','',NULL,NULL),(38,15,18,'gtPustaka Portal','gtpusfo','gtpustaka_portal','','','',NULL,NULL),(39,16,19,'gtBeasiswa Portal','gtbeafo','gtbeasiswa_portal','','','',NULL,NULL),(40,17,20,'gtRiset Portal','gtrisetfo','gtriset_portal','','','',NULL,NULL),(41,19,22,'gtPlo','gtplo','gtplo','gtplo/gtplo_v2','','','2016-01-04 06:29:23',42),(42,21,24,'gtBintar','gtbintar','','','','',NULL,NULL),(43,22,25,'gtWeb','gtweb','','','','',NULL,NULL),(44,23,26,'mCampus','mcampus','','','','',NULL,NULL),(45,20,23,'gtPlagiarismTest','gtpla','','','','',NULL,NULL),(46,8,14,'gtAlumnikarir','gtAlka','','','','',NULL,NULL),(48,17,20,'gtJurnal Portal','gtJurnalFO','','','','','2016-03-07 04:28:40',42),(49,24,27,'gtKerjasama','gtKerjasama','','','','',NULL,NULL),(50,23,26,'mCampus BO','mCampusbo','','','','',NULL,NULL),(51,14,29,'gtJurnal','gtJurnal','','','','',NULL,NULL);
/*!40000 ALTER TABLE `project_app` ENABLE KEYS */;
UNLOCK TABLES;

--
-- Table structure for table `project_app_login`
--

DROP TABLE IF EXISTS `project_app_login`;
/*!40101 SET @saved_cs_client     = @@character_set_client */;
/*!40101 SET character_set_client = utf8 */;
CREATE TABLE `project_app_login` (
  `loginId` bigint(20) unsigned NOT NULL AUTO_INCREMENT,
  `loginClientId` bigint(20) unsigned NOT NULL,
  `loginServer` enum('acs.gt.net Testing','acs.gt.net Client','Client Devel','Client Produksi') NOT NULL,
  `loginAppId` bigint(20) unsigned NOT NULL,
  `loginUrl` varchar(255) NOT NULL,
  `loginLoginroleId` bigint(20) unsigned NOT NULL,
  `loginUser` varchar(20) NOT NULL,
  `loginPswd` varchar(20) DEFAULT NULL,
  `loginNote` varchar(255) DEFAULT NULL,
  `loginUpdateTimestamp` timestamp NULL DEFAULT NULL,
  `loginUpdateUserId` bigint(20) DEFAULT NULL,
  PRIMARY KEY (`loginId`),
  KEY `loginLoginroleId` (`loginLoginroleId`),
  KEY `loginClientId` (`loginClientId`),
  KEY `loginAppId` (`loginAppId`),
  CONSTRAINT `project_app_login_ibfk_1` FOREIGN KEY (`loginLoginroleId`) REFERENCES `project_app_ref_loginrole` (`loginroleId`),
  CONSTRAINT `project_app_login_ibfk_2` FOREIGN KEY (`loginClientId`) REFERENCES `project_client` (`clientId`),
  CONSTRAINT `project_app_login_ibfk_3` FOREIGN KEY (`loginAppId`) REFERENCES `project_app` (`appId`)
) ENGINE=InnoDB AUTO_INCREMENT=130 DEFAULT CHARSET=latin1;
/*!40101 SET character_set_client = @saved_cs_client */;

--
-- Dumping data for table `project_app_login`
--

LOCK TABLES `project_app_login` WRITE;
/*!40000 ALTER TABLE `project_app_login` DISABLE KEYS */;
INSERT INTO `project_app_login` VALUES (11,15,'Client Devel',29,'http://aplikasi.uinsu.ac.id/devel/gtfinansi_nonblu/',10,'keuangan','keuangan','',NULL,NULL),(12,15,'Client Devel',15,'http://aplikasi.uinsu.ac.id/devel/gtpembayaran/',10,'uinsu','datacenter','',NULL,NULL),(13,14,'Client Devel',34,'http://119.2.44.122/gtriset/',9,'operatorriset','admin','','2016-01-04 08:23:58',53),(14,14,'acs.gt.net Testing',31,'http://192.168.254.228:81/poltekkessolo/testing/gtsdm/',9,'adminriset','admin','',NULL,NULL),(15,15,'Client Devel',14,'http://aplikasi.uinsu.ac.id/devel/gtregistrasi/',9,'uinsu','datacenter','',NULL,NULL),(18,57,'acs.gt.net Testing',33,'http://acs.gamatechno.net:81/uin_sgd/testing/gtbeasiswa/',9,'pusat','admin_pusat','admin di gtbeasiswa terdiri dari admin pusat dan admin unit, admin unit adalah kemahasiswaaan fakultas yang mengatur prodi prodi yang ada di bawahnya',NULL,NULL),(19,57,'acs.gt.net Testing',35,'http://acs.gamatechno.net:81/uin_sgd/testing/gtbi/',9,'admin','admin','',NULL,NULL),(20,57,'Client Produksi',33,'http://simak.uinsgd.ac.id/gtbeasiswa/',9,'pusat','admin_pusat','',NULL,NULL),(21,57,'Client Produksi',35,'http://simak.uinsgd.ac.id/gtbi',9,'admin','admin','',NULL,NULL),(22,61,'Client Produksi',34,'http://simlp2m.unnes.ac.id/',10,'adminriset','admin','SSH :\r\n	     ssh -l akademika -D8000 -C \r\n\r\n103.23.100.202\r\n	     akademika | akademikaUNNES2020\r\n\r\n	DB  :\r\n	     host     : 103.23.100.203\r\n	     user     : gtriset\r\n	     pass     : gtrisetPASS\r\n	     port      : 3306',NULL,NULL),(23,41,'Client Produksi',31,'118.97.8.126',9,'admin_sdm','admin','SSH :\r\n	     ssh -l root -D8000 -C 118.97.8.126\r\n	     root | timoho317\r\n\r\n	DB 4 :\r\n	     host : localhost\r\n	     user : root\r\n	     pass : timoho317\r\n	     port : 4122\r\n\r\n	DB 5 :\r\n	     host : localhost\r\n	     user : root\r\n	     pass : timoho317\r\n	     p',NULL,NULL),(24,52,'Client Produksi',31,'simpeg.pnj.ac.id',9,'admin_sdm','admin','SSH :\r\n	     ssh -l simpeg -D8000 -C \r\n\r\nsimpeg.pnj.ac.id\r\n	     simpeg | pnj2013\r\n\r\n	DB  :\r\n	     host : localhost\r\n	     user : simpeg\r\n	     pass : pnj2013\r\n	     port : 3306',NULL,NULL),(25,62,'Client Produksi',33,'118.97.25.9',9,'pusat','bea.pusat','local         : \r\n\r\nhttp://10.10.70.3/gtBeasiswa/\r\n\r\n	SSH :\r\n	     ssh -l gt -D8000 -C 118.97.25.9\r\n	     gt | gt@polines\r\n\r\n	DB  :\r\n	     host     : localhost\r\n	     user     : beasiswa\r\n	     pass     : beasiswaPASS\r\n	     port     : 3306',NULL,NULL),(26,63,'Client Produksi',31,'222.124.193.178:81/gtSdm/',9,'admin_sdm','admin','SSH :\r\n	     Super User : web - minangkabau\r\n	     User       : akademika - akademikaGT2020\r\n\r\n	     akademika@222.124.193.178 -p 6622\r\n\r\n	DB  :\r\n	     host     : localhost\r\n	     user     : gtpustaka\r\n	     pass     : gtpustakaPASS\r\n	     port      : 330',NULL,NULL),(27,38,'Client Produksi',31,'http://kepegawaian.polnep.ac.id/new/bo',9,'admin_sdm','admin','',NULL,NULL),(28,38,'Client Produksi',37,'http://kepegawaian.polnep.ac.id/new/',13,'0001078602','0001078602','Pegawai bisa menggunakan NIP atau NIK untuk melakukan Login pada aplikasi portal gtSDM',NULL,NULL),(29,38,'Client Produksi',33,'http://beasiswa.polnep.ac.id/',9,'pusat','admin_pusat','SSH :\r\n	     ssh -l root -D8000 -C 222.124.219.201\r\n	     root | master10','2016-02-01 04:20:49',57),(30,38,'Client Produksi',39,'http://portal.polnep.ac.id/',11,'3200916040','746766','Mahasiswa bisa menggunakan NIM untuk login pada portal akademik',NULL,NULL),(31,29,'Client Produksi',33,'119.252.162.133',9,'pusat','admin_pusat','SERVER [UNIJOYO-GTBEASISWA]\r\n	     10.1.2.10\r\n	     gtbeasiswa | gtbeasiswaPASS\r\n	     3306\r\n	          Use tunneling :\r\n	          119.252.162.133\r\n	          gt\r\n	          22\r\n	          unijoyo2012',NULL,NULL),(32,7,'Client Produksi',35,'http://dss.unlam.ac.id/',9,'admin','admin','ip public     : 222.124.151.138:12321\r\n	     local           :\r\n	     user          : dss\r\n	     pass          : dss3264\r\n\r\n	     GRANT ALL ON gtdss_warehouse.* TO gtdss@222.124.151.138 IDENTIFIED BY \'gtdssPASS\'\r\n\r\n	     user | pass      : taufik | gt2020',NULL,NULL),(33,33,'Client Produksi',16,'http://akademik.perbanas.id/',9,'ajeng','12345','',NULL,NULL),(34,33,'Client Produksi',14,'http://registrasi.perbanas.id/',9,'admingt','adminGT2016','',NULL,NULL),(35,33,'Client Produksi',15,'http://pembayaran.perbanas.id/',9,'admingt','admingt','',NULL,NULL),(36,18,'Client Produksi',16,'http://sitra.staincurup.ac.id/',9,'dhika','dhika','','2016-02-04 02:08:02',54),(37,18,'Client Produksi',14,'http://registrasi.staincurup.ac.id/',9,'dhika','dhika','',NULL,NULL),(38,3,'Client Produksi',15,'http://spp.unimal.ac.id/',9,'admingt','adminGT2016','',NULL,NULL),(39,17,'Client Produksi',15,'http://pay.unidha.ac.id/',9,'admin','adminGT2016','',NULL,NULL),(40,57,'Client Produksi',16,'http://simak.uinsgd.ac.id/gtakademik/',9,'admingt','adminGT2016','',NULL,NULL),(41,50,'Client Produksi',16,'http://akperdharmahusada.ecampuz.com/gtakademik/',10,'root','ff3c94d2','','2016-02-03 09:24:02',42),(42,50,'Client Produksi',17,'http://akperdharmahusada.ecampuz.com/gtakademik_portal/',10,'admin','fbc05fd6','',NULL,NULL),(43,50,'Client Produksi',14,'http://akperdharmahusada.ecampuz.com/gtregistrasi/',10,'admin','a96442c5','',NULL,NULL),(44,50,'Client Produksi',15,'http://akperdharmahusada.ecampuz.com/gtpembayaran/',10,'admin','79f89a8f','',NULL,NULL),(45,3,'Client Produksi',16,'http://sia.unimal.ac.id/',9,'dhika','dhika','',NULL,NULL),(46,3,'Client Produksi',22,'http://kbk.unimal.ac.id/',9,'lady','lady','',NULL,NULL),(47,17,'Client Produksi',14,'http://reg.unidha.ac.id/',9,'admingt','adminGT2016','',NULL,NULL),(48,17,'Client Produksi',16,'http://akd.unidha.ac.id/',9,'unidha','unidha1','',NULL,NULL),(49,17,'Client Produksi',17,'http://sim.unidha.ac.id/',9,'unidha','unidha','',NULL,NULL),(50,65,'Client Produksi',16,'http://dkvmsd.ecampuz.com/gtakademik/',10,'root','3b571b8f','',NULL,NULL),(51,65,'Client Produksi',14,'http://dkvmsd.ecampuz.com/gtregistrasi/',10,'admin','61f060ac','',NULL,NULL),(52,65,'Client Produksi',15,'http://dkvmsd.ecampuz.com/gtpembayaran/',10,'admin','071193da','',NULL,NULL),(53,19,'acs.gt.net Testing',27,'http://acs.gamatechno.net:84/uin_walisongo/testing/gtaset21/',9,'admingt','adminGT2020','',NULL,NULL),(54,19,'Client Produksi',27,'http://blu.walisongo.ac.id/bo/',9,'admingt','adminGT2020','',NULL,NULL),(55,19,'Client Produksi',43,'web.walisongo.ac.id/administrator/',9,'admingt','admingt','',NULL,NULL),(56,19,'acs.gt.net Testing',43,'http://acs.gamatechno.net:84/uin_walisongo/testing/gtwebsite/',9,'admingt','admingt','',NULL,NULL),(57,19,'Client Produksi',45,'http://plagiarsm.walisongo.ac.id/',9,'admin','admin123','',NULL,NULL),(58,19,'Client Produksi',45,'http://plagiarsm.walisongo.ac.id/',13,'dosen','dosen123','',NULL,NULL),(59,19,'Client Produksi',45,'http://plagiarsm.walisongo.ac.id',11,'mahasiswa','mahasiswa','',NULL,NULL),(60,4,'Client Produksi',29,'http://203.189.89.185/gtfinansi_keuangan/',9,'admingt','terserah','','2016-02-05 03:32:02',58),(61,4,'Client Devel',29,'http://203.189.89.185/devel/gtfinansi_keuangan/',9,'admingt','terserah','',NULL,NULL),(62,4,'acs.gt.net Testing',29,'http://acs.gamatechno.net:84/stem_cepu/testing/gtfinansi_keuangan/',9,'admingt','terserah','','2016-02-05 09:19:02',58),(63,4,'acs.gt.net Client',29,'http://acs.gamatechno.net:84/stem_cepu/client/gtfinansi_keuangan/',9,'admingt','terserah','',NULL,NULL),(64,4,'acs.gt.net Testing',28,'http://acs.gamatechno.net:84/stem_cepu/testing/gtfinansi_anggaran',9,'admingt','admingt','','2016-02-05 03:35:16',58),(65,4,'acs.gt.net Client',28,'http://acs.gamatechno.net:84/stem_cepu/client/gtfinansi_anggaran',9,'admingt','admingt','',NULL,NULL),(66,4,'Client Devel',28,'http://203.189.89.185/devel/gtFinansiAnggaran/',9,'admingt','admingt','',NULL,NULL),(67,4,'Client Produksi',28,'http://203.189.89.185/gtFinansiAnggaran/',9,'admingt','admingt','',NULL,NULL),(68,68,'Client Produksi',44,'http://mcampus.gamatechno.com/mac/',9,'admin','adminGT2020','selain admin bisa menggunakan user sbb :\r\n1. eva | evaGT sbg operator\r\n2. imam | imamGT sbg operator',NULL,NULL),(69,1,'acs.gt.net Testing',44,'http://192.168.254.203/~didi/mcampus_routers/',9,'admin','admin','','2016-02-05 07:05:27',42),(70,67,'acs.gt.net Testing',16,'http://192.168.254.228:81/stan/testing/gtakademik/',9,'admingt','admingt','superuser',NULL,NULL),(71,67,'acs.gt.net Testing',15,'http://192.168.254.228:81/stan/testing/gtpembayaran/',9,'admingt','admingt','superuser',NULL,NULL),(72,67,'acs.gt.net Testing',14,'http://192.168.254.228:81/stan/testing/gtregistrasi/',9,'admin','admin','superuser',NULL,NULL),(75,15,'Client Devel',16,'http://aplikasi.uinsu.ac.id/devel/gtakademik/',9,'uinsu','datacenter','superuser',NULL,NULL),(76,15,'Client Produksi',16,'http://sia.uinsu.ac.id/',9,'eky','eky','superuser',NULL,NULL),(77,15,'Client Produksi',15,'http://pembayaran.uinsu.ac.id/',9,'eky','eky','admin',NULL,NULL),(78,15,'Client Produksi',14,'http://registrasi.uinsu.ac.id/',9,'eky','eky','admin',NULL,NULL),(79,15,'acs.gt.net Testing',16,'http://192.168.254.228:81/uinsu/testing/gtakademik/',9,'siabo','siabo','superuser',NULL,NULL),(80,15,'acs.gt.net Testing',14,'http://192.168.254.228:81/uinsu/testing/gtregistrasi/',9,'admin','admin','admin',NULL,NULL),(81,15,'acs.gt.net Testing',15,'http://192.168.254.228:81/uinsu/testing/gtpembayaran/',9,'admingt','admingt','admin',NULL,NULL),(82,33,'Client Produksi',28,'http://139.255.43.228/gtfinansi/',9,'admingt','admingt','',NULL,NULL),(83,33,'Client Devel',28,'http://139.255.43.228/dev/gtfinansi/',9,'admingt','admingt','',NULL,NULL),(84,33,'acs.gt.net Testing',28,'http://acs.gamatechno.net:84/perbanas/testing/gtfinansi_anggaran/',9,'admingt','admingt','',NULL,NULL),(85,15,'Client Devel',28,'http://aplikasi.uinsu.ac.id/devel/gtfinansi_anggaran/',9,'admingt','admingt','',NULL,NULL),(86,15,'Client Produksi',28,'http://anggaran.uinsu.ac.id/',9,'admingt','admingt','',NULL,NULL),(87,15,'acs.gt.net Testing',28,'http://acs.gamatechno.net:84/uinsu/testing/gtfinansi_anggaran',9,'admingt','admingt','',NULL,NULL),(88,51,'Client Produksi',16,'http://stiebbank.ecampuz.com/gtakademik/',10,'root','69c1af79','',NULL,NULL),(89,51,'Client Produksi',14,'http://stiebbank.ecampuz.com/gtregistrasi/',10,'admin','88d98288','',NULL,NULL),(90,51,'Client Produksi',15,'http://stiebbank.ecampuz.com/gtpembayaran/',10,'admin','37b5e82c','',NULL,NULL),(91,71,'Client Produksi',16,'http://stieykpn.ecampuz.com/gtakademik/',10,'root','7f098a2b','',NULL,NULL),(92,71,'Client Produksi',14,'http://stieykpn.ecampuz.com/gtregistrasi/',10,'admin','1e62ae5f','',NULL,NULL),(93,71,'Client Produksi',15,'http://stieykpn.ecampuz.com/gtpembayaran/',10,'admin','5c3f328c','',NULL,NULL),(94,40,'Client Produksi',16,'http://stikesmukla.ecampuz.com/gtakademik/',10,'root','f64f93f1','Untuk management user',NULL,NULL),(95,40,'Client Produksi',16,'http://stikesmukla.ecampuz.com/gtakademik/',10,'admin','464a1158','Dapat mengakses semua menu',NULL,NULL),(96,40,'Client Produksi',17,'http://stikesmukla.ecampuz.com/gtakademik_portal/',10,'admin','edb50691','posting pengumuman dan management user',NULL,NULL),(97,40,'Client Produksi',14,'http://stikesmukla.ecampuz.com/gtregistrasi/',10,'admin','8c8e959f','',NULL,NULL),(98,40,'Client Produksi',15,'http://stikesmukla.ecampuz.com/gtpembayaran/',10,'admin','7179a935','',NULL,NULL),(99,66,'Client Produksi',16,'http://stikeswirahusada.ecampuz.com/gtakademik/',10,'admin','admin','',NULL,NULL),(100,66,'Client Produksi',16,'http://stikeswirahusada.ecampuz.com/gtakademik/',10,'root','root','untuk setting modul',NULL,NULL),(101,66,'Client Produksi',14,'http://stikeswirahusada.ecampuz.com/gtregistrasi',10,'admin','admin','',NULL,NULL),(102,66,'Client Produksi',15,'http://stikeswirahusada.ecampuz.com/gtpembayaran/',10,'admin','admin','',NULL,NULL),(103,73,'Client Produksi',16,'http://sttkd.ecampuz.com/gtakademik/',10,'root','239aa179','',NULL,NULL),(104,73,'Client Produksi',14,'http://sttkd.ecampuz.com/gtregistrasi/',10,'admin','25efe783','',NULL,NULL),(105,73,'Client Produksi',15,'http://sttkd.ecampuz.com/gtpembayaran/',10,'admin','49368d19','',NULL,NULL),(106,19,'Client Produksi',49,'http://kerjasama.walisongo.ac.id/public/user/login',9,'admin','password','',NULL,NULL),(107,15,'Client Produksi',27,'http://aset.uinsu.ac.id',9,'admingt','adminGT2020','',NULL,NULL),(108,15,'Client Devel',27,'http://aplikasi.uinsu.ac.id/devel/gtAset21/',9,'admingt','adminGT2020','',NULL,NULL),(109,15,'acs.gt.net Testing',27,'http://acs.gamatechno.net:84/uinsu/testing/gtaset21/',9,'admingt','adminGT2020','',NULL,NULL),(110,15,'Client Produksi',41,'http://plo.uinsu.ac.id',9,'admin','admin','',NULL,NULL),(111,15,'Client Devel',41,'http://aplikasi.uinsu.ac.id/devel/gtPlo',9,'admin','admin','',NULL,NULL),(112,15,'acs.gt.net Testing',41,'http://acs.gamatechno.net:84/uinsu/testing/gtplo2',9,'admin','admin','',NULL,NULL),(113,34,'Client Produksi',27,'https://aset.unsrat.ac.id',9,'admin','admin','',NULL,NULL),(114,34,'acs.gt.net Testing',27,'http://acs.gamatechno.net:84/unsrat/testing/gtAset',9,'admin','admin','',NULL,NULL),(115,34,'acs.gt.net Testing',28,'http://acs.gamatechno.net:84/unsrat/testing/gtfinansi_anggaran_b',9,'admingt','admingt','',NULL,NULL),(116,34,'acs.gt.net Testing',29,'http://acs.gamatechno.net:84/unsrat/testing/gtfinansi_keuangan',9,'gtadmin','gtadmin','',NULL,NULL),(117,37,'Client Produksi',29,'http://keuangan.unri.ac.id',9,'admingt','admingt','',NULL,NULL),(118,37,'acs.gt.net Testing',29,'http://acs.gamatechno.net:84/unri/testing/gtfinansi_keuangan',9,'admingt','admingt','',NULL,NULL),(119,37,'Client Produksi',28,'http://perencanaan.unri.ac.id',9,'admingt','admingt','',NULL,NULL),(120,37,'acs.gt.net Client',28,'http://acs.gamatechno.net:84/unri/client/gtfinansi_anggaran_sik',9,'admingt','admingt','',NULL,NULL),(121,37,'acs.gt.net Testing',28,'http://acs.gamatechno.net:84/unri/testing/gtfinansi_anggaran_sik',9,'admingt','admingt','',NULL,NULL),(122,37,'Client Produksi',27,'http://simaset.unri.ac.id',9,'admingt','adminGT2020','',NULL,NULL),(123,37,'acs.gt.net Testing',27,'http://acs.gamatechno.net:84/unri/testing/gtaset21',9,'admingt','adminGT2020','',NULL,NULL),(124,20,'acs.gt.net Testing',35,'http://bpsdmp.acs.gamatechno.com',9,'dbstudent','studentdb_pusat','',NULL,NULL),(125,16,'acs.gt.net Testing',34,'http://acs.gamatechno.net:81/ust/testing/gtriset/',9,'adminriset','admin','ini adalah user account untuk administrator atau admin root',NULL,NULL),(126,16,'acs.gt.net Testing',34,'http://acs.gamatechno.net:81/ust/testing/gtriset/',10,'operatorriset','admin','User Pass Account tersebut digunakan oleh operator yang mengelola penelitian dan pengabdian masyarakat',NULL,NULL),(127,16,'Client Produksi',34,'http://202.162.34.194/gtriset/',9,'adminriset','admin','Login BO jurnal [jurnal] ==> http://202.162.34.194/gtriset_jurnal/\r\nUser: adminjurnal\r\nPass: admin',NULL,NULL),(128,16,'Client Produksi',40,'http://202.162.34.194/gtriset_portal/',9,'operatorriset','admin','',NULL,NULL),(129,16,'acs.gt.net Testing',51,'http://acs.gamatechno.net:81/ust/testing/gtriset/',10,'adminjurnal','admin','Account digunakan oleh pengelola jurnal',NULL,NULL);
/*!40000 ALTER TABLE `project_app_login` ENABLE KEYS */;
UNLOCK TABLES;

--
-- Table structure for table `project_app_product`
--

DROP TABLE IF EXISTS `project_app_product`;
/*!40101 SET @saved_cs_client     = @@character_set_client */;
/*!40101 SET character_set_client = utf8 */;
CREATE TABLE `project_app_product` (
  `productId` bigint(20) unsigned NOT NULL AUTO_INCREMENT,
  `productName` varchar(100) NOT NULL,
  `productNick` varchar(50) NOT NULL,
  `productInitial` varchar(5) NOT NULL,
  `productLogoIcon` varchar(255) DEFAULT NULL,
  `productLogoType` varchar(255) DEFAULT NULL,
  `productLogoFull` varchar(255) DEFAULT NULL,
  `productUpdateTimestamp` timestamp NULL DEFAULT NULL,
  `productUpdateUserId` bigint(20) DEFAULT NULL,
  PRIMARY KEY (`productId`)
) ENGINE=InnoDB AUTO_INCREMENT=25 DEFAULT CHARSET=latin1;
/*!40101 SET character_set_client = @saved_cs_client */;

--
-- Dumping data for table `project_app_product`
--

LOCK TABLES `project_app_product` WRITE;
/*!40000 ALTER TABLE `project_app_product` DISABLE KEYS */;
INSERT INTO `project_app_product` VALUES (4,'gtAdmisi','gtadmisi','ad','\\\\192.168.254.204\\01_acs_Public\\manako\\image\\aplikasi_produk\\gtadmisi.png','\\\\192.168.254.204\\01_acs_Public\\manako\\image\\aplikasi_produk\\gtadmisi.png','\\\\192.168.254.204\\01_acs_Public\\manako\\image\\aplikasi_produk\\gtadmisi.png',NULL,NULL),(5,'gtRegistrasi','gtreg','reg','','','',NULL,NULL),(6,'gtPembayaran','gtpem','fin','','','',NULL,NULL),(7,'gtAkademik','gtakd','ak','','','','2015-12-17 06:49:10',42),(8,'gtAlumniKarir','gtalka','al','','','',NULL,NULL),(9,'gtDiklat','gtdiklat','di','','','',NULL,NULL),(10,'gtAset','gtaset','as','','','',NULL,NULL),(11,'gtAnggaran','gtangg','fin','','','',NULL,NULL),(12,'gtKeuangan','gtkeu','fin','','','',NULL,NULL),(13,'gtAkuntansi','gtakt','fin','','','',NULL,NULL),(14,'gtSdm','gtsdm','sdm','','','',NULL,NULL),(15,'gtPustaka','gtpus','pus','','','',NULL,NULL),(16,'gtBeasiswa','gtbea','be','','','',NULL,NULL),(17,'gtRiset','gtriset','ris','','','',NULL,NULL),(18,'gtBI','gtbi','dss','','','',NULL,NULL),(19,'gtPlo','gtplo','plo','','','',NULL,NULL),(20,'gtPlagiarismTest','gtpla','pla','','','',NULL,NULL),(21,'gtBintar','gtbintar','bin','','','',NULL,NULL),(22,'gtWebsite','gtweb','web','','','',NULL,NULL),(23,'mCampus','mcampus','mcam','','','',NULL,NULL),(24,'gtKerjasama','gtKerjasama','gtKS','','','',NULL,NULL);
/*!40000 ALTER TABLE `project_app_product` ENABLE KEYS */;
UNLOCK TABLES;

--
-- Table structure for table `project_app_ref_loginrole`
--

DROP TABLE IF EXISTS `project_app_ref_loginrole`;
/*!40101 SET @saved_cs_client     = @@character_set_client */;
/*!40101 SET character_set_client = utf8 */;
CREATE TABLE `project_app_ref_loginrole` (
  `loginroleId` bigint(20) unsigned NOT NULL AUTO_INCREMENT,
  `loginroleName` varchar(100) NOT NULL,
  `loginroleUpdateTimestamp` timestamp NOT NULL DEFAULT CURRENT_TIMESTAMP ON UPDATE CURRENT_TIMESTAMP,
  `loginroleUpdateUserId` bigint(20) DEFAULT NULL,
  PRIMARY KEY (`loginroleId`)
) ENGINE=InnoDB AUTO_INCREMENT=14 DEFAULT CHARSET=latin1;
/*!40101 SET character_set_client = @saved_cs_client */;

--
-- Dumping data for table `project_app_ref_loginrole`
--

LOCK TABLES `project_app_ref_loginrole` WRITE;
/*!40000 ALTER TABLE `project_app_ref_loginrole` DISABLE KEYS */;
INSERT INTO `project_app_ref_loginrole` VALUES (9,'admin','2015-12-29 02:47:48',NULL),(10,'operator','2016-01-04 03:26:01',NULL),(11,'mahasiswa','2016-01-04 03:26:11',NULL),(12,'pendaftar','2016-01-04 06:32:55',NULL),(13,'pegawai','2016-02-01 04:10:40',57);
/*!40000 ALTER TABLE `project_app_ref_loginrole` ENABLE KEYS */;
UNLOCK TABLES;

--
-- Table structure for table `project_app_ref_reqsoft`
--

DROP TABLE IF EXISTS `project_app_ref_reqsoft`;
/*!40101 SET @saved_cs_client     = @@character_set_client */;
/*!40101 SET character_set_client = utf8 */;
CREATE TABLE `project_app_ref_reqsoft` (
  `reqsoftId` bigint(20) unsigned NOT NULL AUTO_INCREMENT,
  `reqsoftNick` varchar(20) NOT NULL,
  `reqsoftDesc` varchar(100) DEFAULT NULL,
  `reqsoftUpdateTimestamp` timestamp NULL DEFAULT NULL,
  `reqsoftUpdateUserId` bigint(20) DEFAULT NULL,
  PRIMARY KEY (`reqsoftId`),
  UNIQUE KEY `reqsoftNick` (`reqsoftNick`)
) ENGINE=InnoDB AUTO_INCREMENT=10 DEFAULT CHARSET=latin1;
/*!40101 SET character_set_client = @saved_cs_client */;

--
-- Dumping data for table `project_app_ref_reqsoft`
--

LOCK TABLES `project_app_ref_reqsoft` WRITE;
/*!40000 ALTER TABLE `project_app_ref_reqsoft` DISABLE KEYS */;
INSERT INTO `project_app_ref_reqsoft` VALUES (6,'Apache','Apache',NULL,NULL),(7,'PHP','PHP',NULL,NULL),(8,'MySQL','MySQL',NULL,NULL),(9,'Gtfw','Gamatechno Framework',NULL,NULL);
/*!40000 ALTER TABLE `project_app_ref_reqsoft` ENABLE KEYS */;
UNLOCK TABLES;

--
-- Table structure for table `project_app_req`
--

DROP TABLE IF EXISTS `project_app_req`;
/*!40101 SET @saved_cs_client     = @@character_set_client */;
/*!40101 SET character_set_client = utf8 */;
CREATE TABLE `project_app_req` (
  `reqId` bigint(20) unsigned NOT NULL AUTO_INCREMENT,
  `reqAppId` bigint(20) unsigned NOT NULL,
  `reqReqsoftId` bigint(20) unsigned NOT NULL,
  `reqOperandi` enum('<','=','>','<=','>=') NOT NULL,
  `reqValue` varchar(20) NOT NULL,
  `reqUpdateTimestamp` timestamp NULL DEFAULT NULL,
  `reqUpdateUserId` bigint(20) DEFAULT NULL,
  PRIMARY KEY (`reqId`),
  KEY `reqAppId` (`reqAppId`),
  KEY `reqReqsoftId` (`reqReqsoftId`),
  CONSTRAINT `project_app_req_ibfk_1` FOREIGN KEY (`reqAppId`) REFERENCES `project_app` (`appId`),
  CONSTRAINT `project_app_req_ibfk_2` FOREIGN KEY (`reqReqsoftId`) REFERENCES `project_app_ref_reqsoft` (`reqsoftId`)
) ENGINE=InnoDB AUTO_INCREMENT=8 DEFAULT CHARSET=latin1;
/*!40101 SET character_set_client = @saved_cs_client */;

--
-- Dumping data for table `project_app_req`
--

LOCK TABLES `project_app_req` WRITE;
/*!40000 ALTER TABLE `project_app_req` DISABLE KEYS */;
INSERT INTO `project_app_req` VALUES (4,13,9,'>=','3.2',NULL,NULL),(5,13,7,'=','5.2 s.d 5.4',NULL,NULL),(6,16,7,'=','5.2. s.d. 5.4',NULL,NULL),(7,14,9,'=','5.2. s.d. 5.4',NULL,NULL);
/*!40000 ALTER TABLE `project_app_req` ENABLE KEYS */;
UNLOCK TABLES;

--
-- Table structure for table `project_app_varian`
--

DROP TABLE IF EXISTS `project_app_varian`;
/*!40101 SET @saved_cs_client     = @@character_set_client */;
/*!40101 SET character_set_client = utf8 */;
CREATE TABLE `project_app_varian` (
  `varianId` bigint(20) unsigned NOT NULL AUTO_INCREMENT,
  `varianName` varchar(100) NOT NULL,
  `varianNick` varchar(50) NOT NULL,
  `varianInitial` varchar(5) NOT NULL,
  `varianLogoIcon` varchar(255) DEFAULT NULL,
  `varianLogoType` varchar(255) DEFAULT NULL,
  `varianLogoFull` varchar(255) DEFAULT NULL,
  `varianUpdateTimestamp` timestamp NULL DEFAULT NULL,
  `varianUpdateUserId` bigint(20) DEFAULT NULL,
  PRIMARY KEY (`varianId`)
) ENGINE=InnoDB AUTO_INCREMENT=31 DEFAULT CHARSET=latin1;
/*!40101 SET character_set_client = @saved_cs_client */;

--
-- Dumping data for table `project_app_varian`
--

LOCK TABLES `project_app_varian` WRITE;
/*!40000 ALTER TABLE `project_app_varian` DISABLE KEYS */;
INSERT INTO `project_app_varian` VALUES (9,'gtAdmisi','gtadmisi','ad','','','',NULL,NULL),(10,'gtRegistrasi','gtreg','reg','','','',NULL,NULL),(11,'gtPembayaran','gtpem','pem','','','',NULL,NULL),(12,'gtAkademik','gtakd','ak','','','',NULL,NULL),(13,'gtDiklat','gtdiklat','di','','','',NULL,NULL),(14,'gtAlumniKarir','gtalka','al','','','','2016-01-04 03:55:02',53),(15,'gtAset','gtaset','as','','','',NULL,NULL),(16,'gtFinansi','gtfin','fin','','','','2016-01-04 03:56:38',53),(17,'gtSdm','gtsdm','sdm','','','',NULL,NULL),(18,'gtPustaka','gtpus','pus','','','',NULL,NULL),(19,'gtBeasiswa','gtbea','be','','','',NULL,NULL),(20,'gtRiset','gtriset','ris','','','',NULL,NULL),(21,'gtBI','gtbi','dss','','','',NULL,NULL),(22,'gtPlo','gtplo','plo','','','',NULL,NULL),(23,'gtPlagiarismTest','gtpla','pla','','','',NULL,NULL),(24,'gtBintar','gtbintar','bin','','','',NULL,NULL),(25,'gtWeb','gtweb','web','','','',NULL,NULL),(26,'mCampus','mcampus','mcam','','','',NULL,NULL),(27,'gtKerjasama','gtKerjasama','gtKS','','','',NULL,NULL),(28,'gtSkp','gtSkp','gtSkp','','','',NULL,NULL),(29,'gtJurnal','gtJurnal','gtJur','','','',NULL,NULL),(30,'gtPresensi','gtPresensi','gtPre','','','',NULL,NULL);
/*!40000 ALTER TABLE `project_app_varian` ENABLE KEYS */;
UNLOCK TABLES;

--
-- Table structure for table `project_client`
--

DROP TABLE IF EXISTS `project_client`;
/*!40101 SET @saved_cs_client     = @@character_set_client */;
/*!40101 SET character_set_client = utf8 */;
CREATE TABLE `project_client` (
  `clientId` bigint(20) unsigned NOT NULL AUTO_INCREMENT,
  `clientClientCatId` bigint(20) unsigned NOT NULL,
  `clientNick` varchar(20) NOT NULL,
  `clientName` varchar(200) NOT NULL,
  `clientKotaKode` bigint(20) NOT NULL,
  `clientStatus` binary(1) NOT NULL DEFAULT '1' COMMENT '1=Aktif, 0=Non-Aktif',
  `clientUpdateTimestamp` timestamp NULL DEFAULT NULL,
  `clientUpdateUserId` bigint(20) DEFAULT NULL,
  PRIMARY KEY (`clientId`),
  UNIQUE KEY `pt_nick` (`clientNick`),
  KEY `clientClientCatId` (`clientClientCatId`),
  KEY `clientKotaKode` (`clientKotaKode`),
  CONSTRAINT `project_client_ibfk_1` FOREIGN KEY (`clientKotaKode`) REFERENCES `pub_ref_kota` (`kotaKode`) ON DELETE NO ACTION
) ENGINE=InnoDB AUTO_INCREMENT=93 DEFAULT CHARSET=latin1;
/*!40101 SET character_set_client = @saved_cs_client */;

--
-- Dumping data for table `project_client`
--

LOCK TABLES `project_client` WRITE;
/*!40000 ALTER TABLE `project_client` DISABLE KEYS */;
INSERT INTO `project_client` VALUES (1,1,'Gamatechno','PT Gamatechno Indonesia',340380,'1','2016-02-05 07:04:01',61),(2,2,'STIP','Sekolah Tinggi Ilmu Pelayaran',340380,'1','2015-11-03 05:02:09',42),(3,2,'Unimal','Universitas Malikussaleh',110400,'1','2015-11-09 01:58:09',42),(4,2,'StemCepu','STEM Akamigas',340380,'1','2015-11-09 01:49:15',42),(5,2,'IainJambi','IAIN Sulthan Thaha Saifuddin Jambi',340380,'1','2015-11-09 01:53:07',42),(7,2,'Unlam','Universitas Lambung Mangkurat',340380,'1','2015-11-09 01:58:58',42),(10,2,'ATK','Politeknik ATK',340380,'1','2015-11-18 01:58:59',42),(11,2,'STTPLN','Sekolah Tinggi Teknik PLN',340380,'1','2015-09-10 08:09:38',0),(12,1,'Masagi','PT Jamparing Masagi',340380,'1','2015-09-10 08:16:27',0),(13,2,'Unja','Universitas Jambi',340380,'1','2015-11-09 01:58:35',42),(14,2,'PoltekkesSolo','Politeknik Kesehatan Surakarta',340380,'1',NULL,NULL),(15,2,'UIN SU','UIN Sumatera Utara',340380,'1',NULL,NULL),(16,2,'UST','Universitas Sarjanawiyata Tamansiswa',340380,'1',NULL,NULL),(17,2,'unidha','Universitas Dharma Andalas Padang',340380,'1',NULL,NULL),(18,2,'STAIN Curup','Sekolah Tinggi Agama Islam Negeri Curup',340380,'1','2015-11-09 01:53:52',42),(19,2,'uin_walisongo','UIN Walisongo',330375,'1','2016-01-05 07:40:37',42),(20,2,'Bpsdmp','BPSDMP',310114,'1','2015-09-17 06:35:25',42),(21,1,'BNI','Bank Negara Indonesia',340380,'1',NULL,NULL),(22,1,'Bukopin','Bank Bukopin',340380,'1',NULL,NULL),(23,1,'BMRI','Bank Mandiri',340380,'1',NULL,NULL),(24,1,'BBTN','Bank Tabungan Negara',340380,'1',NULL,NULL),(25,1,'BBRI','Bank Rakyat Indonesia',340380,'1',NULL,NULL),(26,1,'BRIS','Bank BRI Syariah',340380,'1','2015-11-03 04:55:56',42),(27,2,'PU','Universitas Potensi Utama',120420,'1','2015-11-09 01:55:30',42),(28,2,'UIB','Universitas Internasional Batam',100616,'1',NULL,NULL),(29,2,'UNIJOYO','UNIJOYO',350209,'1','2016-02-01 04:26:39',57),(30,2,'STSI','Sekolah Tinggi Sampoerna Internasional',310111,'1',NULL,NULL),(32,2,'UMG','UMG Myanmar',990357,'1',NULL,NULL),(33,2,'Perbanas','STIE Perbanas',310111,'1',NULL,NULL),(34,2,'Unsrat','Universitas Sam Ratulangi',710295,'1','2015-11-10 02:57:22',42),(35,2,'USBI','Universitas Siswa Bangsa Internasional',310111,'1','2015-11-09 01:56:18',42),(36,2,'UGM','Universitas Gadjah Mada',340179,'1','2015-11-09 01:50:35',42),(37,2,'UNRI','Universitas Riau',140439,'1','2015-11-09 07:23:55',42),(38,2,'Polnep','Politeknik Negeri Pontianak',610467,'1','2015-11-11 06:57:18',42),(39,2,'Polimdo','Politeknik Negeri Manado',710295,'1',NULL,NULL),(40,2,'STIKES Mukla','STIKES Muhammadiyah Klaten',330150,'1',NULL,NULL),(41,2,'APMD','Sekolah Tinggi Pembangunan Masyarakat Desa',340380,'1','2016-01-28 07:35:45',57),(42,1,'Telkom','PT. Telkom Medan',120420,'1','2015-11-19 04:03:57',42),(43,2,'ITM','Institut Teknologi Medan',120420,'1','2016-01-20 08:55:44',42),(44,2,'Poltekkes Yogyakarta','Politeknik Kesehatan Yogyakarta',340179,'1',NULL,NULL),(45,2,'UBK','Universitas Bung Karno',310114,'1',NULL,NULL),(46,1,'Nagari','Bank Nagari',130430,'1',NULL,NULL),(47,2,'Akfar Al Fatah','Akademi Farmasi Al Fatah Bengkulu',170581,'1',NULL,NULL),(48,2,'Paramadina','Universitas Paramadina',310111,'1',NULL,NULL),(49,2,'PIP','Politeknik Ilmu Pelayaran',330162,'1',NULL,NULL),(50,2,'Dharma Husada','Akademi Keperawatan Dharma Husada',350382,'1',NULL,NULL),(51,2,'stiebbank','STIE BBANK',340179,'1','2015-11-25 06:56:20',52),(52,2,'PNJ','Politeknik Negeri Jakarta',320365,'1',NULL,NULL),(53,2,'IAIN Ar-Raniry','Institute Agama Islam Negeri AR- Raniry',110397,'1',NULL,NULL),(54,2,'ISI','Institut Seni Indonesia Yogyakarta',340177,'1','2016-01-20 08:57:07',42),(55,2,'MBS Yogyakarta','Muhammadiyah Boarding School Yogyakarta',340179,'1',NULL,NULL),(56,2,'unsri','Universitas Sriwijaya',160455,'1',NULL,NULL),(57,2,'uinsgd','Uin Sunan Gunung Djati',320120,'1',NULL,NULL),(58,2,'uinsuska','UIN Sultan Syarif Kasim',100617,'1',NULL,NULL),(59,2,'PPM Manajemen','Sekolah Tinggi PPM Manajemen',310114,'1',NULL,NULL),(60,2,'UNIPA','Universitas Negeri Papua',860354,'1',NULL,NULL),(61,2,'UNNES','Universitas Negeri Semarang',330375,'1','2016-01-28 07:35:49',42),(62,2,'POLINES','Politeknik Negeri Semarang',330375,'1',NULL,NULL),(63,2,'Politani','Politani payakumbuh',130435,'1',NULL,NULL),(65,2,'DKVMSD','Akademi Seni Rupa dan Desain MSD',340380,'1',NULL,NULL),(66,2,'stikeswirahusada','Sekolah Tinggi Ilmu Kesehatan Wira Husada',340380,'1','2016-02-03 09:42:59',62),(67,2,'stan','Sekolah Tinggi Akuntansi Negara',310114,'1',NULL,NULL),(68,2,'mCampus','mCampus',340380,'1','2016-02-05 07:01:26',61),(69,2,'mCampus devel','mCampus devel',340380,'1',NULL,NULL),(70,2,'UMMU','Universitas Muhammadiyah Maluku Utara',840347,'1',NULL,NULL),(71,2,'STIE YKPN','Sekolah Tinggi Ilmu Ekonomi Yayasan Keluarga Pahlawan Negara',340179,'1','2016-02-12 08:54:39',42),(72,2,'STIKES WIRAHUSADA','Sekolah Tinggi Kesehatan Wira Husada',340380,'1',NULL,NULL),(73,2,'STTKD','Sekolah Tinggi Teknologi Kedirgantaraan',340380,'1',NULL,NULL),(74,2,'Universitas Pertamin','Universitas Pertamina',310111,'1',NULL,NULL),(75,1,'CGK','CGK - Bandara Soekarno Hatta',310116,'1',NULL,NULL),(76,1,'BanPt','BAN PT',310114,'1',NULL,NULL),(77,1,'HLP','HLP - Bandara Halim',310113,'1',NULL,NULL),(78,1,'PtgiJkt','PT Gamatechno Indonesia Jakarta',310111,'1',NULL,NULL),(79,2,'UMC','Universitas Muria Kudus',330159,'1',NULL,NULL),(80,2,'Unikom','Universitas Komputer Indonesia',320672,'2',NULL,NULL),(81,2,'UT','Universitas Terbuka',310114,'1',NULL,NULL),(82,2,'undova','Universitas Cordova',520536,'1',NULL,NULL),(83,2,'UNTAR','UNIVERSITAS TARUMANAGARA',310115,'1',NULL,NULL),(84,2,'STIPAR','Sekolah Tinggi Pariwisata',510227,'1',NULL,NULL),(85,2,'Poltekes Surakarta','Poltekes Surakarta',330373,'1',NULL,NULL),(86,2,'STTD','Sekolah Tinggi Transportasi Darat',320132,'1',NULL,NULL),(87,2,'STMIK Utama','STMIK potensi Utama Medan',120420,'1',NULL,NULL),(88,2,'UNHAS','Universitas Hasanudin Makasar',730326,'1',NULL,NULL),(89,2,'UINSU','UIN Sumatra Utara',120420,'1',NULL,NULL),(90,2,'UNIKA','Universitas Musii Charitas Palembang',160455,'1',NULL,NULL),(91,2,'UNJ','Universitas Negeri Jakarta',310113,'1',NULL,NULL),(92,2,'UNTIRTA','Universitas Ageng Tirtayasa',300584,'1',NULL,NULL);
/*!40000 ALTER TABLE `project_client` ENABLE KEYS */;
UNLOCK TABLES;

--
-- Table structure for table `project_client_gforge`
--

DROP TABLE IF EXISTS `project_client_gforge`;
/*!40101 SET @saved_cs_client     = @@character_set_client */;
/*!40101 SET character_set_client = utf8 */;
CREATE TABLE `project_client_gforge` (
  `clientGforgeClientId` bigint(20) unsigned NOT NULL,
  `clientGforgeGforgeId` bigint(20) unsigned NOT NULL,
  KEY `account_id` (`clientGforgeClientId`),
  KEY `gforge_id` (`clientGforgeGforgeId`)
) ENGINE=InnoDB DEFAULT CHARSET=latin1;
/*!40101 SET character_set_client = @saved_cs_client */;

--
-- Dumping data for table `project_client_gforge`
--

LOCK TABLES `project_client_gforge` WRITE;
/*!40000 ALTER TABLE `project_client_gforge` DISABLE KEYS */;
INSERT INTO `project_client_gforge` VALUES (11,12),(14,9),(15,10),(16,1),(17,14),(20,15),(30,18),(2,2),(32,17),(33,5),(4,11),(36,19),(5,6),(18,20),(27,21),(3,4),(13,23),(7,8),(37,24),(34,22),(34,25),(34,26),(38,27),(38,28),(39,29),(40,30),(10,32),(42,33),(45,34),(56,41),(56,42),(57,50),(58,13),(19,3),(43,46),(54,47),(59,61),(60,49),(41,31),(61,62),(29,16),(67,39),(67,36),(71,63),(72,64),(73,65),(74,66);
/*!40000 ALTER TABLE `project_client_gforge` ENABLE KEYS */;
UNLOCK TABLES;

--
-- Table structure for table `project_contact`
--

DROP TABLE IF EXISTS `project_contact`;
/*!40101 SET @saved_cs_client     = @@character_set_client */;
/*!40101 SET character_set_client = utf8 */;
CREATE TABLE `project_contact` (
  `contactId` bigint(20) unsigned NOT NULL AUTO_INCREMENT,
  `contactNameFirst` varchar(20) DEFAULT NULL,
  `contactNameLast` varchar(20) DEFAULT NULL,
  `contactMail` varchar(50) DEFAULT NULL,
  `contactMobile` varchar(15) DEFAULT NULL,
  `contactClientNick` varchar(20) NOT NULL,
  `contactPosisiCode` varchar(8) NOT NULL,
  `contactPosisiDet` varchar(50) DEFAULT NULL,
  `contactUpdateTimestamp` timestamp NULL DEFAULT NULL,
  `contactUpdateUserId` bigint(20) DEFAULT NULL,
  PRIMARY KEY (`contactId`),
  KEY `project_contact_ibfk_3` (`contactClientNick`),
  KEY `project_contact_ibfk_2` (`contactPosisiCode`),
  CONSTRAINT `project_contact_ibfk_2` FOREIGN KEY (`contactPosisiCode`) REFERENCES `project_ref_posisi` (`posisiCode`) ON DELETE CASCADE ON UPDATE CASCADE,
  CONSTRAINT `project_contact_ibfk_3` FOREIGN KEY (`contactClientNick`) REFERENCES `project_client` (`clientNick`) ON DELETE CASCADE ON UPDATE CASCADE
) ENGINE=InnoDB AUTO_INCREMENT=510 DEFAULT CHARSET=latin1;
/*!40101 SET character_set_client = @saved_cs_client */;

--
-- Dumping data for table `project_contact`
--

LOCK TABLES `project_contact` WRITE;
/*!40000 ALTER TABLE `project_contact` DISABLE KEYS */;
INSERT INTO `project_contact` VALUES (6,'Dhatu','Kartiyasa','dhatu@ustjogja.ac.id dhatukartiyasa@gmail.com','081227669222','UST','ict','ICT','2015-09-14 06:50:23',42),(7,'Eko','Riyanto','eko.riyanto@ustjogja.ac.id','085643401990','UST','ict','Akademik','2015-09-14 06:04:15',42),(8,'Simon','Pulung','simonpulung@gmail.com','081578284374','UST','ict','ICT Konsultasn','2015-09-14 06:04:23',42),(9,'Nanang','Nanang','','085600974005','UST','ict','ICT','2015-09-14 06:04:19',42),(11,'Dwi','Supaluwar','dwisupaluwar@gmail.com','081360963114','UIN SU','opr','Staf TU','2015-09-15 06:20:01',49),(12,'Muhammad Akhir','Nasution','emakhirnasution@gmail.com','081361176555','UIN SU','opr','Staf BMN','2015-09-15 06:27:19',49),(13,'Uddin Efendi','Hrp','','08240865636','UIN SU','opr','Staf RT','2015-09-15 06:29:01',49),(14,'Alminsar','Spd','alminsars@gmail.com','081362022627','UIN SU','opr','Staf TU','2015-09-15 04:38:27',49),(15,'Hadi','Sapriantono','','082362322630','UIN SU','opr','Staf TU','2015-09-15 06:21:46',49),(16,'Mks Yusuf','Ramadhan','myrmulg@gmail.com','082163639053','UIN SU','opr','Staf','2015-09-15 06:26:38',49),(19,'Dra. Hj. Mardiah','','mardiah11@gmail.com','081362294918','UIN SU','opr','Staf LP2M','2015-09-15 06:19:22',49),(20,'Hildayati','Raudah','hildayati_aq@yahoo.com','08126447168','UIN SU','ict','Pokja IT','2015-09-15 06:26:01',49),(21,'Drs. Abdullah','Snara','abdullahsnara@yahoo.com','081375705565','UIN SU','opr','Kasubbag TU LP2M','2015-09-15 06:19:37',49),(22,'Hasyimsyah','Nasution','hasyimsyah@yahoo.com','085360103658','UIN SU','opr','Ketua LP2M','2015-09-15 06:25:39',49),(23,'Rustam','','utam_p@yahoo.com','08126450034','UIN SU','opr','Kepala Puslit','2015-09-15 06:32:20',49),(24,'Nurasiah','','inurasih@yahoo.com','081210727871','UIN SU','opr','Kapus Gender','2015-09-15 06:33:53',49),(25,'Neliwati','','neliwatisobari@gmail.com','085211336155','UIN SU','opr','Staf Peneliti','2015-09-15 06:33:14',49),(26,'Fatimah','Zuhrah','fatimahzuhrah@yahoo.com','081396409011','UIN SU','opr','Peneliti','2015-09-15 06:20:48',49),(27,'Parluhutan','Srg','parluregar@gmail.com','08126416702','UIN SU','admn','Sekretaris','2015-09-15 06:34:07',49),(28,'Syahruddin','Siregar','syahrudin_iainsu@yahoo.co.id','082276817383','UIN SU','opr','Kabag Perencanaan','2015-09-15 06:29:34',49),(29,'Bambang','Lesmono','bambanglesmono80@gmail.com','082161074780','UIN SU','opr','Staf Keuangan','2015-09-15 06:18:21',49),(30,'Tisna','Handayani','tisna_handayani@yahoo.com','081376796881','UIN SU','opr','Staf Kepegawaian','2015-09-15 06:29:17',49),(32,'Yusman','','jayus66@yahoo.co.id','08126417237','UIN SU','supr','Kasubbag Ortalo','2015-09-15 06:27:48',49),(33,'Asniwati','SH','watiasni06@gmail.com','081362068046','UIN SU','supr','Kasubbag Hukum/OrganisasiKepegawaianHukum BiroAvak','2015-09-15 04:38:38',49),(34,'Jaenuddin','','jaests@yahoo.com','','UIN SU','opr','Staf',NULL,NULL),(36,'Dedi','Junaidi','dedijunaidi801@yahoo.com','081260807644','UIN SU','opr','Pengolah Data Mutasi','2015-09-15 06:18:55',49),(37,'Nurul','Ilmi','safaro718@yahoo.com','081329095863','UIN SU','ict','Analis Produk Hkm Bag. OKH','2015-09-15 06:34:22',49),(40,'Afdalia Akmal','S, Mn','afdalia_akmal@yahoo.com','081363186625','unidha','opr','Kepala Tata Usaha (KTU)','2015-09-15 04:50:19',49),(41,'Febriyanti','','yanti_deyan@yahoo.com','085263032317','unidha','opr','Ka. Ur. Adm. Akademik','2015-09-15 06:21:05',49),(42,'David','Maulana','legendofajoy@gmail.com','085271123343','unidha','opr','ICT','2015-09-15 06:18:41',49),(43,'Mohammad','Abdilla','m.abdilla@yahoo.co.id','081319908465','unidha','opr','E Journal','2015-09-15 06:26:57',49),(44,'Yesi','Elsandra','yesi.elsandra@gmail.com','081374364862','unidha','opr','Ketua LP2M','2015-09-15 06:28:30',49),(45,'Nia','Aprilia','n.aprilia91@yahoo.com','082284640707','unidha','opr','E Journal (LP2M)','2015-09-15 06:33:31',49),(46,'Salfutri','Murni','murnisalfutri@ymail.com','085375729110','unidha','opr','LP2M','2015-09-15 06:30:00',49),(47,'Yunita','Valentina','valentin36@ymail.com','081263091312','unidha','opr','Sekretaris LP2M','2015-09-15 06:28:02',49),(48,'Renita','Astri','astrid_aja@yahoo.com','08126635387','unidha','opr','ICT','2015-09-15 06:35:00',49),(49,'Yanti Yusman','M. Kom','yanti_yusman@yahoo.co.id','081374111224','unidha','opr','Dosen','2015-09-15 06:28:47',49),(50,'Ingra','Sovita','ingra75@yahoo.com','08197560704','unidha','opr','Dosen/FE','2015-09-15 06:26:18',49),(51,'Alfitri','','dknfisip@gmail.com','08126604530','unidha','opr','Kaprodi I. Kom','2015-09-15 06:17:49',49),(52,'Faradika','','faradika88@gmail.com','0811221787','unidha','ict','ICT','2015-11-09 03:08:49',52),(53,'Fiko','Farlis','fiko_mqq@yahoo.co.id','08126619280','unidha','opr','Sekretaris Prodi S1 Manajemen','2015-09-15 06:21:27',49),(54,'Zulfahmi','','da.syam@gmail.com','085320666854','unidha','opr','Dosen','2015-09-15 06:27:33',49),(55,'Yofina','Mulyati','yofina_mulyati@yahoo.com','08197560704','unidha','opr','Wakil Dekan','2015-09-15 06:28:17',49),(56,'Febrina','Kurnita','','','unidha','opr','',NULL,NULL),(57,'Marlina','','','','unidha','opr','',NULL,NULL),(58,'Weddelia','','','','unidha','opr','',NULL,NULL),(59,'Putri','Anggraini','','','unidha','opr','',NULL,NULL),(60,'Susan','Febriani','','','unidha','opr','',NULL,NULL),(61,'Midawati','','','','unidha','opr','',NULL,NULL),(62,'Doli Tri','Ardika','','','unidha','opr','',NULL,NULL),(63,'Maya','Aulia','','','unidha','opr','',NULL,NULL),(64,'Masruri','','','','unidha','opr','',NULL,NULL),(65,'Etariani','','','','unidha','opr','','2015-09-15 06:13:10',49),(66,'Afitri','Hidayani','','','unidha','opr','',NULL,NULL),(67,'Ratnawati','Raflis','','','unidha','opr','',NULL,NULL),(68,'Rita Srihasnita','RC','','','unidha','opr','',NULL,NULL),(69,'Mery','Zuliyanti','meryzy@gmail.com','081363315531','STAIN Curup','opr','Staf Keuangan',NULL,NULL),(70,'Linda','Elvianti','lindanoviantis74@yahoo.com','085273685304','STAIN Curup','opr','Kasubbag Akademik',NULL,NULL),(71,'Jenuar','Efendi','ejenuar@yahoo.com','081273752322','STAIN Curup','opr','Staf Akademik',NULL,NULL),(72,'Eva Susianti','SE','evasusianti47@rocketmail.com','081367937271','STAIN Curup','opr','Bendahara PNBP',NULL,NULL),(73,'Nanda Junika','A. Md','nandajunika2606@gmail.com','085609039026','STAIN Curup','opr','Staf Akademik',NULL,NULL),(74,'Indarti','A. Md','iindarti11@yahoo.com','085269998113','STAIN Curup','opr','Staf Akademik',NULL,NULL),(75,'Lesma','Yulistini','lesmayulistini@gmail.com','085368413790','STAIN Curup','opr','Staf Akademik',NULL,NULL),(76,'Rita','Hartati','ritahartati@gmail.com','085279345556','STAIN Curup','opr','Staf Akademik',NULL,NULL),(77,'Andora Wulandari','S. Pd. i','whoelhane@yahoo.co.id','085766900084','STAIN Curup','opr','Staf Akademik',NULL,NULL),(78,'Afriyanto','','bajubarubuatku@gmail.com','','STAIN Curup','opr','Akademik',NULL,NULL),(79,'Wulan Suci','S. Pd. i','shuci_angkiong@yahoo.com','087819717324','STAIN Curup','opr','Staf PBA',NULL,NULL),(80,'Elfina Rifqi','S. Pd. i','elfina.rifqi@yahoo.com','085267178531','STAIN Curup','opr','Staf PAI',NULL,NULL),(81,'Daniel','S','dnield2r@gmail.com','085384828111','STAIN Curup','opr','Ataf KPI',NULL,NULL),(82,'Indarti','','iin_darty@yahoo.com','0823','STAIN Curup','opr','Staf EPI/PS',NULL,NULL),(83,'Paidi','Gusmuliana','paidigusmuliana@gmail.com','081378957494','STAIN Curup','opr','Staf PBI',NULL,NULL),(84,'Noprizal','','rizallempus@gmail.com','085263561007','STAIN Curup','opr','Kaprodi PS',NULL,NULL),(85,'Dwi','Sulastyawati','dwisulastyawati@yahoo.co.id','081373825873','STAIN Curup','opr','Ka. Lab. Bank Syariah',NULL,NULL),(86,'Bakti','Komalasari','baktikomalasari@gmail.com','082178662178','STAIN Curup','opr','Sekjur Dakwah',NULL,NULL),(87,'Sri','Rahmaningsih','srirmpi@gmail.com','081367633690','STAIN Curup','opr','Kaprodi MPI','2015-09-15 07:28:37',49),(88,'Susilawati','','susilawatistaincurup@yahoo.com','085378484486','STAIN Curup','opr','Kaprodi PGMI',NULL,NULL),(89,'Jenny','Fransiska','afenjenny@yahoo.com','085758356664','STAIN Curup','opr','Staf PGMI',NULL,NULL),(90,'Deli','Susanti','dely.susanti1987@gmail.com','085669566042','STAIN Curup','opr','',NULL,NULL),(91,'Dicky','','','','STAIN Curup','opr','',NULL,NULL),(92,'Asri','Karolina','','','STAIN Curup','opr','',NULL,NULL),(93,'Muh.','Slamet','muh.slamet@rocketmail.com','08112727149','uin_walisongo','opr','Kasubbag Data dan SIA',NULL,NULL),(94,'Ahmad','Fathoni','tonista_1991@yahoo.co.id','08156564726','uin_walisongo','opr','Akademik',NULL,NULL),(95,'Maya Rini','H','maya@walisongo.ac.id','081326055559','uin_walisongo','opr','ISDB/Pokja IT',NULL,NULL),(96,'Akhmad Purdianto','S. Kom','aan_amkpwt@yahoo.com','085227115148','uin_walisongo','opr','Pengembang Pegawai/OKH',NULL,NULL),(97,'Miswan','','','','uin_walisongo','opr','',NULL,NULL),(98,'Lukmanul','Hakim','','','uin_walisongo','opr','',NULL,NULL),(99,'Andre','Maulana','','','uin_walisongo','opr','',NULL,NULL),(100,'Wahyu Aji','S','','','uin_walisongo','opr','',NULL,NULL),(101,'Ahmad Iyubul','Haromain','','','uin_walisongo','opr','',NULL,NULL),(102,'M.','Munif','','','uin_walisongo','opr','',NULL,NULL),(103,'Unit TIK','BPSDMP','it.bpsdmp@gmail.com','','Bpsdmp','ict','ICT',NULL,NULL),(104,'Pancar','Viliyanto','pancar_viliyanto@dephub.go.id','085780219998','Bpsdmp','ict','ICT','2015-09-17 03:56:05',42),(105,'Panuju','Panuju','panuju@dephub.go.id','','Bpsdmp','ict','ICT',NULL,NULL),(106,'Teguh','Setiadi','','081210312464','Bpsdmp','ict','',NULL,NULL),(107,'Agung','Wahyudi','','081389234678','Bpsdmp','ict','',NULL,NULL),(108,'Zulfikar','T','','08161414373','Bpsdmp','ict','',NULL,NULL),(109,'Riyantoro','Djati','','08561441095','Bpsdmp','ict','',NULL,NULL),(110,'Rian','Permata Putra','','08562250959','Bpsdmp','ict','',NULL,NULL),(111,'Agung','Andriyanto','','08562553193','Bpsdmp','ict','',NULL,NULL),(112,'Ryan','Elsalvat','','08568141981','Bpsdmp','ict','',NULL,NULL),(113,'Agus','Sembodo','sembodo87@gmail.com','085693613085','Bpsdmp','ict','',NULL,NULL),(114,'Oden','Andena Utama','','081285318574','BNI','ict','H2H P2H',NULL,NULL),(115,'Ojay','BNI','','08118407755','BNI','ict','H2H P2H',NULL,NULL),(116,'BNI1','BNI1','','081285318574','BNI','ict','',NULL,NULL),(117,'BNI2','BNI2','','08561552525','BNI','ict','',NULL,NULL),(118,'Septian','Fakhrudin Arianto','tian@bukopin.co.id','08562223300','Bukopin','ict','IT Service Delivery','2015-09-17 06:34:15',42),(119,'Febrina','Sri Wahyuni','rina@bukopin.co.id, febrina.sw@gmail.com','','Bukopin','ict','H2H P2H',NULL,NULL),(120,'Arie','Rizal','arie.rizal@brisyariah.co.id','','BRIS','ict','H2H P2H',NULL,NULL),(121,'Luqman','Nurrachmat','luqman.nurrachmat@brisyariah.co.id','','BRIS','ict','Funding & Banking Services Group',NULL,NULL),(122,'AdminMhs','Akademik','admmhs.potensiutama@gmail.com','','PU','opr','Operator Akademik','2015-09-18 09:01:39',42),(123,'Siti','Qomariyah Ulfa','','082112175989','Bukopin','ict','H2H P2H',NULL,NULL),(124,'Angky','W','','082117885085','Bukopin','ict','H2H P2H',NULL,NULL),(125,'Fida','BNI','','081229030545','BNI','ict','Pejabat H2H P2H',NULL,NULL),(126,'Arias','Tanti Hapsari','AriasATH','0818696874','Bukopin','ict','Xlink echannel',NULL,NULL),(127,'Syaeful','Anas Aklani','syaeful@uib.ac.id','','UIB','ict','ICT',NULL,NULL),(128,'Nafisatul','Hasanah','nafisatul@uib.ac.id','','UIB','ict','',NULL,NULL),(129,'Teddy','Jurnali','teddy@uib.ac.id','','UIB','ict','',NULL,NULL),(130,'Ronny','Juwono','ronny@uib.ac.id','','UIB','ict','',NULL,NULL),(131,'Chidji','UIB','chidji@uib.ac.id','','UIB','ict','',NULL,NULL),(133,'Abdul','Rohman','abdrohman687@ymail.com','085380175814','STAIN Curup','opr','Ka. Prodi PAI',NULL,NULL),(134,'Hariya','Toni','hariyatoni79@gmail.com','085379991575','STAIN Curup','opr','Ka. Prodi KPI',NULL,NULL),(135,'Renita','Astri, S.Kom, M.Sc.','atrid_aja@yahoo.com','08126635387','unidha','ict','Dosen Tetap',NULL,NULL),(136,'Oktasari','Yulinda','oktasariychaniago@yahoo.co.id','085379892012','STAIN Curup','opr','BKI',NULL,NULL),(137,'Akhmad','Purdianto','aan_amkpwt@yahoo.com','085227115148','uin_walisongo','opr','pengembang pegawai',NULL,NULL),(138,'Sri','Arriani','Sri.Afrizani87@yahoo.co.id','085383250128','STAIN Curup','opr','KPI',NULL,NULL),(139,'Maya','Aulia','myl_maya@yahoo.com','085376152856','unidha','opr','Adm Akademik','2015-11-09 02:25:34',52),(140,'Sulaiman','','Ssulai@yahoo.com','085769956005','STAIN Curup','opr','Staf Akademik',NULL,NULL),(141,'Kamilson','','kamilson249@yahoo.co.id','0853788883536','STAIN Curup','opr','Sta Prodi IQT',NULL,NULL),(142,'Jamalludin','Rahmat','rahmatjamalludin@yahoo.co.id','081374113641','STAIN Curup','opr','Pascasarjana','2015-11-06 04:22:39',52),(143,'Nafrial','','ydnafri@yahoo.com','081256611814','STAIN Curup','opr','',NULL,NULL),(144,'Sapta','Anugrah','saptaanuhraha@rocketmail.com','085368654321','STAIN Curup','opr','TIPO',NULL,NULL),(145,'Febriyanti, SE, Ak.','','yanti_deyan@yahoo.com','085263032317','unidha','supr','Ka.Ur Adm. Akademik FEB-UNIDHA','2015-11-09 02:54:32',52),(146,'Restu','Oktari Ningsih','restuoktari25@gmail.com','085380181333','STAIN Curup','opr','TIPO',NULL,NULL),(147,'Akhmad Purdianto,','S.Kom','aan_amkpwt@yahoo.com','085227115148','uin_walisongo','opr','Pengembang Pegawai/OKH',NULL,NULL),(148,'Febrina','Kurnita, A.Md','febrina90_fk@yahoo.com','085263327893','unidha','opr','Adm Akademik',NULL,NULL),(149,'Muh. Slamet, S.Kom','','muh.slamet@rocketmail.com','08112727149','uin_walisongo','supr','Kasubag Data dan SIA',NULL,NULL),(150,'Dwi','Sulastyawati','dwisulastyawati@yaoo.co.id','081373825873','STAIN Curup','opr','Ka. lab. bank syariah',NULL,NULL),(151,'Ahmad Fathoni','','tonista_ig@yahoo.co.id','08156564726','uin_walisongo','opr','Akademik',NULL,NULL),(152,'David','Maulana, A.Md.','davidmaulana10k@gmail.com','082389215587','unidha','ict','Anggota ICT','2015-11-09 02:31:39',52),(153,'Afitri','Hidayani, A.Md.','afitrihidayani@yahoo.co.id','081374567072','unidha','opr','Adm. Kemahasiswaan',NULL,NULL),(154,'Lukman','A','asha.lukman#gmail.com','081173202054','STAIN Curup','opr','Ketua Jurusan Tarbiyah','2015-11-06 04:36:21',52),(155,'Muh. Irfan','Mahardika','ivanblues_21@yahoo.co.id','085381676333','STAIN Curup','opr','Jurusan Tarbiyah',NULL,NULL),(156,'Nia Aprilia','Sari, SE','n.aprilia91@yahoo.com','082284640707','unidha','admn','Sekretaris Rektor',NULL,NULL),(157,'Suprianto','','ryan@yahoo.com','081274852518','STAIN Curup','opr','',NULL,NULL),(158,'Rizal','Effendi','zaldycha@gmail.com','085273645710','STAIN Curup','opr','Akademik',NULL,NULL),(159,'Afdalia','Akmal, S.Mn','afdalia_akmal@yahoo.com','081363186625','unidha','supr','KTU','2015-11-09 02:37:08',52),(160,'Maya Rini','','mayaewalisongo.ac.id','081326055559','uin_walisongo','opr','ISDB / Pokja IT',NULL,NULL),(161,'Fauzan','','','081368984525','STAIN Curup','opr','Staf Jurusan Dakwah',NULL,NULL),(162,'Susan','Febriani','ucan.salsa@yahoo.com','082389327300','unidha','opr','Adm Akademik',NULL,NULL),(163,'Mukmin','Al Faruq','','085273034516','STAIN Curup','opr','Staf Prodi KPI',NULL,NULL),(164,'Tentiyo','Suharto','tentiyosuharto@gmail.com','08218612177','STAIN Curup','opr','Staf Jurusan Syariah & Ekonomi Islam',NULL,NULL),(165,'Ratnawati','Raflis','ratnawatiraflis21@gmail.com','085263877465','unidha','supr','Ka Prodi S1 Akt','2015-11-09 02:42:11',52),(166,'Rita','Srihasnita RC','ritasrihasnitarc@gmail.com','081378146444','unidha','supr','Ka Prodi D3 Mgt','2015-11-09 02:43:04',52),(167,'Zike','Martha','zikemartha17@gmail.com','082170074554','unidha','opr','Dosen Prodi Ilmu Komunikasi','2015-11-09 02:47:22',52),(168,'Rahman El Junusi','','rahmaneljunusi@yahoo.co.id','081326185355','uin_walisongo','supr','Pusat Bisnis','2015-11-06 06:47:04',52),(169,'Lu\'luatil Mufidah','','lulu.mufidah@gmail.com','08564109910','uin_walisongo','opr','pegawai keuangan dan akuntansi',NULL,NULL),(170,'Munif. SAg','','muniftamrin546@gmail.com','08170586230','uin_walisongo','supr','kasubbag RT',NULL,NULL),(171,'Agus','Wahyudi','awahyudi@esdin.go.id','081390941213','StemCepu','opr','Unit Kominfo',NULL,NULL),(172,'Lukman Hakim','','lukmandemak@gmail.com','085228102465','uin_walisongo','supr','Pusat Pengembangan Bisnis','2015-11-06 08:34:19',52),(173,'Bernadin MAria','Noenoek Februati','bernadin_purwanto@ahoo.com','08122734384','StemCepu','opr','Akademik',NULL,NULL),(174,'Dra. Enny','Arita, MM, Ak','enny_arita@yahoo.com','08126616232','unidha','supr','Ka Prodi D3 Akti','2015-11-09 02:49:42',52),(175,'M. Munif','','muniftamrin546@gmail.com','08170586230','uin_walisongo','supr','kasubbag RT',NULL,NULL),(176,'Dr. Dahlil','Marjon, SH.,MH','marjon_dahlil@yahoo.co.id','08126766048','unidha','supr','Ka Prodi Ilmu Hukum','2015-11-09 02:51:43',52),(177,'Misusan','','misusan@gmail.com','085865586963','uin_walisongo','opr','Kepala Perpus UIN Walisongo',NULL,NULL),(178,'Pujiati','','pujiatistem@yahoo.co.id','088122855751','StemCepu','opr','Sie Evaluasi',NULL,NULL),(179,'Astrie','Kusuma D','astriekusumadewi@gmail.com','08121525289','StemCepu','opr','Akademik',NULL,NULL),(180,'Maya RH','','maya@walisongo.ac.id','081326055559','uin_walisongo','opr','FDK',NULL,NULL),(181,'M. Nurul Mukin','','frans.andra.boys872gmail.com','085226205585','uin_walisongo','supr','PTPD UIN Walisongo',NULL,NULL),(182,'Manik','Wulan','manikwulan68@gmail.com','085290949718','StemCepu','opr','',NULL,NULL),(183,'Abdul Hakim','','hakim_ibndjafar@yahoo.co.id','081326879193','uin_walisongo','supr','Kasubag Kerjasama',NULL,NULL),(184,'Masruri','','lubangjapang@yahoo.co.id','08126629600','unidha','opr','Tim EPSBED',NULL,NULL),(185,'H. Muntoha Sdg. MM','','muntohamm@ymail.com','081325779231','uin_walisongo','supr','Kabag Kerjasama dan Kelembagaan',NULL,NULL),(186,'Nur Cahyo','','nur.cahyo@walisongo.ac.id','085327601602','uin_walisongo','opr','Dosen',NULL,NULL),(187,'Agil Luthfan','','agilluthfan@gmail.com','0817241945','uin_walisongo','opr','LP2M',NULL,NULL),(188,'Budi','Sulistyo Nugroho','nbudi.nugroho@gmail.com','08112703359','StemCepu','opr','Akamigas',NULL,NULL),(189,'Dr. Yesi','Elsandra','yesi.elsandra@gmail.com','081374364862','unidha','opr','Ketua LPPM',NULL,NULL),(190,'Mohammad','Abdilla, ST, M.S.M.','m.abdilla@yahoo.co.id','081319908465','unidha','opr','Penanggung Jawab Jurnal Ekonomi dan Bisnis',NULL,NULL),(191,'Ahmad Syifaul Anam','','syifaulanam@gmail.com','081326089460','uin_walisongo','supr','FS UIN',NULL,NULL),(192,'Sahidin','','said.sokidin@gmail.com','081326089460','uin_walisongo','supr','WDI FS',NULL,NULL),(193,'Sirojuddin Nur','','munircang@yahoo.com','085290776169','uin_walisongo','supr','Kasubag Humas',NULL,NULL),(194,'Wiwiek','Prihandini','wiwiek@perbanasinstitute.ac.id','0811800228','Perbanas','opr','Warek PSD',NULL,NULL),(195,'Akhmad Fauzin','','akhmad_fauzin@walisongo.ac.id','081325059239','uin_walisongo','opr','Kemahasiswaan dan Alumni',NULL,NULL),(196,'Ikhsanuddin Kusumadi','','ichsanu66@gmail.com','082324590679','uin_walisongo','supr','Kasubbag Data dan Informasi bagian Perencanaan',NULL,NULL),(197,'Martoyo','','Martoyo@perbanasinstitute.ac.id','081210201479','Perbanas','opr','Kabag KAA&Mark',NULL,NULL),(198,'Ahmad Fathoni','','tonisto_ig@yahoo.co.id','08156564726','uin_walisongo','opr','Staf Akademik',NULL,NULL),(199,'Budiyanto','','budiyanto@perbanasinstitute.ac.id','081286291873','Perbanas','supr','Sistem Info',NULL,NULL),(200,'Harif','Ismail','harif.ismail@perbanasinstitute.ac.id','081319008395','Perbanas','supr','Kabag Jaringan dan Layanan Pengguna','2015-11-06 07:28:15',52),(201,'Siti Nurfaizah','','noenk_ms@yahoo.co.id','081390836868','uin_walisongo','supr','Kabag Akademik dan Kemahasiswaan',NULL,NULL),(202,'Friss','Handayani','eci.handayani@perbanasinstitute.ac.id','0818663603','Perbanas','opr','Staf PTI',NULL,NULL),(203,'Putri','Anggraini','bontetga@gmail.com','085263007523','unidha','ict','ICT','2015-11-06 07:45:36',52),(204,'Togu','Tambunan','TobuTambunan67@gmail.com','081310601243','Perbanas','supr','Kasubag Keuangan',NULL,NULL),(205,'Ujang','Hidayat','uanghidayat@perbanasinstitute.ac.id','08121809531','Perbanas','supr','Kasubag Layanan Non Akademi',NULL,NULL),(206,'Yanti','Yusman','yantiyusman@gmail.com','081374111224','unidha','ict','','2015-11-06 07:43:05',52),(207,'Yofina','Mulyati','yofina_mulyati@yahoo.com','08126616192','unidha','opr','Wakil Dekan',NULL,NULL),(208,'Ghulan','','ghulanaoe@gmail.com','08582227115892','uin_walisongo','opr','Petugas Jimak Keuangan',NULL,NULL),(209,'Budi, M.M.T','','budianad3@gmail.com','081264900283','UIN SU','opr','Staf Subag Adm TU',NULL,NULL),(210,'Ismail SAg','','','081260200074','UIN SU','supr','Kasubbag AKM FTR',NULL,NULL),(211,'M. Alqusyairi Munir','','oreym@ymail.com','082165190319','UIN SU','opr','Staf AKM FITK',NULL,NULL),(212,'Mhd. Daahrin SM, St','','mdahrinsm@gmail.com','081362278905','UIN SU','opr','staf Akd FDK',NULL,NULL),(213,'Darwan Saudi','','darwansaudi@gmail.com','08216188033','UIN SU','opr','Staf Akm PDS',NULL,NULL),(214,'Sardinan. SAg','','dinan@uinsu.ac.id','081370208348','UIN SU','supr','kabag AKM',NULL,NULL),(215,'Muhammad Nsa','','nst_ammar@yahoo.com','08126504475','UIN SU','opr','Staf Akademik',NULL,NULL),(216,'Nova','Mantiri','novamantiri@gmail.com','0821954479702','Unsrat','opr','Pembantu Pimpinan LPPM',NULL,NULL),(217,'Muhammad Dahrusm,SS','','nmdahrinsm@gmail.com','081362278905','UIN SU','opr','staf Akd FDK',NULL,NULL),(218,'Asriani','','febinastp@gmail.com','081362113029','UIN SU','opr','kasubbag Akd',NULL,NULL),(219,'Moladin Lubis','','moladinlubis67@gmail.com','081397406015','UIN SU','opr','Staf Akademik',NULL,NULL),(220,'Meity','Pijoh','meytipijoh@yahoo.com','081244104701','Unsrat','opr','Pengelola/Pembantu Pimpinan',NULL,NULL),(221,'Mario','Karinda','reyshelo@yahoo.co.id','085298144505','Unsrat','opr','Pembantu Pimpinan Fatek',NULL,NULL),(222,'Safaruddin Lubis','','faruini@yahoo.co.id','085370705156','UIN SU','opr','Staf Akademik FEBI',NULL,NULL),(223,'Maya','Mandey','mayamandey@ymail.com','085298485333','Unsrat','opr','',NULL,NULL),(224,'Budi, SBAT.M.BAT','','budiama83@gmail.com','081264900283','UIN SU','opr','staf Ak Kemahasiswaan Alumni Fak Ushuhddin',NULL,NULL),(226,'Senduk','Maki H.','makisenduk@gmail.com','081244387335','Unsrat','opr','PPABP FIB',NULL,NULL),(227,'Steven','Ratag','stevenratag@ymail,com','081244545448','Unsrat','opr','Pelaksana/UPT Perpustakaan',NULL,NULL),(228,'Deky','Taaluruga','taaluruga@yahoo.com','08124437186','Unsrat','opr','Pembantu Pimpinan UPT Perpustakaan',NULL,NULL),(229,'Olha','Rondo','','085240711775','Unsrat','opr','Pembantu Pimpinan FPIK',NULL,NULL),(230,'Poula','B','Poula_123@yahoo.com','085341620651','Unsrat','opr','',NULL,NULL),(231,'Marlina','Syahbudin','hasting_jls@yahoo.com','082188250049','Unsrat','opr','Pembantu Pimpinan BAPSI',NULL,NULL),(232,'Noortje F.','Sembung','','08124457266','Unsrat','opr','Pembantu Pimpinan UPT Bahasa',NULL,NULL),(233,'Kidam SGR','','','081265105127','UIN SU','opr','FU',NULL,NULL),(234,'Titin Ariati','','titi_ariati@yahoo.com','085359980998','UIN SU','opr','FU',NULL,NULL),(235,'Valentino','Jostein','vjostein@yahoo.com','08124464733','Unsrat','supr','Kasub Akuntansi dan Pelaporan',NULL,NULL),(236,'M. Ridwan','','mridwanku@gmail.com','081375239220','UIN SU','supr','Penanggung Jawab Pokja IT',NULL,NULL),(237,'Servi','S. Sumendap','stevisumendap@gmail.com','081244000123','Unsrat','supr','Kasubag Tenaga Pendidik',NULL,NULL),(238,'William','Pangemanan','eq_hon@yahoo.com','082188013918','Unsrat','opr','Kabag Kepegawaian',NULL,NULL),(239,'Zuhrinal M. Nawawi','','renal.nawawi@gmail.com','08126406624','UIN SU','opr','Pokja IT',NULL,NULL),(240,'Jeneke','N. Mandei','mandaijaneke@yahoo.co.id','081356875775','Unsrat','supr','Kasubag Tenaga Kependidikan',NULL,NULL),(241,'Din Supahwan','','dinsupahwan18@gmail.com','081360963112','UIN SU','opr','staf TU',NULL,NULL),(242,'Jelti','Runtu','jeltiruntu@ymail.com','085240718816','Unsrat','opr','Staf Subbag Tenaga Kependidikan',NULL,NULL),(243,'Hadi Sapriantono','','','085362322630','UIN SU','opr','staf TU',NULL,NULL),(244,'Noula Mumek','','noulamumek@yahoo.co.id','085240402829','Unsrat','opr','Staf Subbag Tenaga Pendidik','2015-11-09 03:35:55',52),(245,'Alminsar. SPdi','','alminsars@gmail.com','081362022672','UIN SU','opr','staf TU',NULL,NULL),(246,'Dra. Retno Sayekti,','M. US','retnosayekti69@gmail.com','0813662406667','UIN SU','supr','Kepala Pusat Perpustakaan UIN .SU',NULL,NULL),(247,'Triana Santi, S.Ag,','MM','triana_ac@yahoo.com','085296199067','UIN SU','opr','Staff Pusat Perpustakaan UIN.SU (Perpustakaan)',NULL,NULL),(248,'Hidayati Raudah','Hts, S.Sos','dildayati_aa@yahoo.com','08126447168','UIN SU','opr','Staff Pusat Perpustakaan UIN.SU (Perpustakaan)',NULL,NULL),(249,'Misdar Piliang','S.Sos','piliangmisdar@yahoo.co.id','085270750210','UIN SU','opr','Staff Pusat Perpustakaan UIN.SU (Perpustakaan)',NULL,NULL),(250,'Imran Benawi, BA','','','081362161259','UIN SU','opr','Staff Pusat Perpustakaan UIN.SU (Perpustakaan)',NULL,NULL),(251,'Drs. H. Sapil, M.Pd','','kharuddin.sapil@gmail.com','082165109004','UIN SU','opr','Staff Pusat Perpustakaan UIN.SU (Perpustakaan)',NULL,NULL),(252,'Lailan Azizah','','rlailanazizah@yahoo.com','081262009048','UIN SU','opr','Staff Pusat Perpustakaan UIN.SU (Perpustakaan)',NULL,NULL),(253,'Vonne','Wuwug','vonnewuwug@ymail.com','081340241515','Unsrat','supr','Kabag Akademik','2015-11-09 03:38:59',52),(254,'Tonny','B. Monislah','','085256699551','Unsrat','supr','Kasubag Ak',NULL,NULL),(255,'Muammar Nst','','nst.ammar@yahoo.com','08126504475','UIN SU','opr','Staf Akademik Biro',NULL,NULL),(256,'Inelma','Antau','Ema_Antau@yahoo.com','081244559970','Unsrat','supr','Kasubbag Registrasi dan Sbhshk','2015-11-09 03:40:33',52),(257,'Masrah','','masrah@gmail.com','82370777369','UIN SU','opr','Akd FS',NULL,NULL),(258,'Tonyda','Sigar','tonydasigar_fi@yahoo.com','082192689991','Unsrat','supr','Kasubag Non PNAP',NULL,NULL),(259,'Suleha Piliang','','suleha.piliang@gmail.com','085276838983','UIN SU','opr','AKD FDK',NULL,NULL),(260,'Arthur J.M.','Pesoth','apesoth@yahoo.com','085240349074','Unsrat','opr','Staf Sub Bagian Data dan Informasi',NULL,NULL),(261,'Jemmy','Regar','','081340025463','Unsrat','opr','Staf Sub Bagian Data dan Informasi',NULL,NULL),(262,'Billi','Sanggor','doank_billy@yahoo.com','085240807676','Unsrat','opr','Staf Sub Bagian Data dan Informasi',NULL,NULL),(263,'Cherli','Mambu','cherlimambu_yahoo.com','082395949082','Unsrat','opr','Staf Sub Bagian Data dan Informasi',NULL,NULL),(264,'Ilyas Harahap','','gompar86@gmail.com','081287304567','UIN SU','supr','kasubbag BMN',NULL,NULL),(265,'Sus','Kalisis','sus_kalisis@yahoo.co.id','085240777090','Unsrat','supr','Kasubbag Data dan Informasi',NULL,NULL),(266,'Muhammad Akhir Nst','','emakhirnasution@gmail.com','081361176555','UIN SU','opr','staf BMN',NULL,NULL),(267,'Beny Irwansyah','','wahidinfagod@yahoo.co.id','085361615046','UIN SU','opr','Staf BMN',NULL,NULL),(268,'Munawir','','awien83@ymail.com','081263414238','UIN SU','opr','staf BMN',NULL,NULL),(269,'Suzana','Ratag','ratagsuzan@gmail.com','085343500722','Unsrat','opr','Pembantu Pimpinan/FIB','2015-11-09 03:29:21',52),(270,'Mhd. Yusuf Rawadhan','','myrmuzg@gmail.com','081263414238','UIN SU','opr','staf BMN',NULL,NULL),(271,'Ahmad Bulyan Nst','','ahmadbulyan@yahoo.com','085277634783','UIN SU','supr','Prodi Perbandingan Agama',NULL,NULL),(272,'Musriyawati','J. Runti','jeltiruntu@ymail.com','085240718816','Unsrat','opr','Fungsional UM',NULL,NULL),(273,'Herry','Poluan','herrypoluan@gmail.com','085240000076','Unsrat','opr','fungsional Umum',NULL,NULL),(274,'Syamsul Amri','','syamsulamrie72gar@gmail.com','081397042357','UIN SU','opr','Operator PDDT Prodi Ilmu Quran dan transfer',NULL,NULL),(275,'Nasrullah','','nasrullahmalay@yahoo.co.id','085247234617','UIN SU','opr','Prodi FPI (Ushuluddin)',NULL,NULL),(276,'Hera Herviana','','shakilasyifa@gmail.com','08126002550','UIN SU','ict','Fungsional Pranata Komputer/FITK',NULL,NULL),(277,'Nurbaiti','','panjaitan.musimah@gmail.com','0855262176650','UIN SU','opr','Staf Akademik FEBI',NULL,NULL),(278,'Ilham Ilhaqqi','','ilhamilhaqqi@gmail.com','085267940230','UIN SU','opr','Staf Akademik FEBI',NULL,NULL),(279,'Zul Asfi','','','085362725269','UIN SU','opr','Staf Akademik FEBI',NULL,NULL),(280,'Azrai ysb','','','085261408777','UIN SU','opr','BPP Fisk',NULL,NULL),(281,'Popi','Rachmawati','popi.racmawati@usbi.ac.id','08111783737','USBI','opr','HR',NULL,NULL),(282,'Ferawaty','Malau','ferawaty.malau@usi.com','081310080104','USBI','opr','HR',NULL,NULL),(283,'Alfiansyah','','alfiansyah.alfiansyah@usbi.ac.id','081360265866','USBI','opr','ISDCO',NULL,NULL),(284,'Mian','Cahaya','mian_suryani@usbi.ac.id','081310956712','USBI','opr','Admission',NULL,NULL),(285,'Lia','Hadiati','lia.hadiati@usbi.ac.id','088809720971','USBI','opr','Admission',NULL,NULL),(286,'Agustian','P','agustian.p@usbi.ac.id','085810262007','USBI','opr','IT',NULL,NULL),(287,'Sugiartp','','sugiarto@sampoernafoundation.org','085717430967','USBI','ict','',NULL,NULL),(288,'Eko','Sulistyo','eko.suistyo@sampoernafoundation.org','081980100102','USBI','ict','',NULL,NULL),(289,'Dyah','Puspitasari','dyah.puspitasari@usbi.ac.id','','USBI','opr','AR',NULL,NULL),(290,'Media','Ayu','','','USBI','opr','Head of IDSCO',NULL,NULL),(291,'Deddy','K','deddy.kresnoputro@sampoernafoundation.org','0818886202','USBI','opr','HRD',NULL,NULL),(292,'Dairion','','dairion.dairion@usbi.ac.id','081399197839','USBI','opr','FOB','2015-11-06 12:22:32',52),(293,'Angga','Yudistira','angga.yudistira@sampoernafoundation.org','085781223381','USBI','opr','HRD',NULL,NULL),(294,'Lia','Afriliyanti','lia.afriliyanti@sampoernafoundation.org','087771641313','USBI','opr','FA',NULL,NULL),(295,'Mohammad','Zidni','mohammad.zidni@sampoernafoundation.org','','USBI','opr','FA',NULL,NULL),(296,'Diah','Purnamasari','diah.purnamasari@sampoernafoundation.org','081932397023','USBI','opr','FA',NULL,NULL),(297,'F Adhi','Permana','fakhrurrozi.permana@usi.ac.id','08121080926','USBI','opr','Registry',NULL,NULL),(298,'Dewi','Astuti','devi.astuti@sampoernafoundation.org','085780728383','USBI','opr','FA',NULL,NULL),(299,'Rusyiah','Syukur','syukurrusyiah@gmail.com','08129484167','Perbanas','opr','',NULL,NULL),(300,'Sukma','Darmawati','sukma@perbanasinstitute.ac.id','08128483926','Perbanas','supr','Keuangan',NULL,NULL),(301,'Putri','Novita','p_novita@yahoo.com','08111906886','Perbanas','supr','Marketing',NULL,NULL),(302,'Azmar','','azmar@perbanasinstitute.ac.id','08128203826','Perbanas','supr','PMB',NULL,NULL),(303,'Flip','Singadji','fsingadi@gmail.com','0881511578611','Perbanas','supr','Kemahasiswaan',NULL,NULL),(304,'Ketut','Priyatmono','filesipri@yahoo.co.id','085736090828','Perbanas','opr','KaBiro Keu',NULL,NULL),(305,'Kenny','Lubis','kenny.lubis@perbanasinstitute.ac.id','0816825087','Perbanas','opr','Kairo LPTI',NULL,NULL),(306,'Krisandhi','P','sandhi.122388@yahoo.co.id','085610666185','Perbanas','opr','Keuangan\\',NULL,NULL),(307,'Ari','Komalasari','ari_komala@yahoo.com','081808856998','Perbanas','supr','Kabag Angg AKT',NULL,NULL),(308,'Rahmat','Sunandar','sunandarrahmat@gmail.com','082125617563','Perbanas','opr','PTI',NULL,NULL),(309,'Mhd. Dahrin','SM, St','mdahrinsm@gmail.com','081362278905','UIN SU','opr','staff Akd PRS',NULL,NULL),(310,'Hera Hervina','','shakilasyifa@gmail.com','08126002550','UIN SU','ict','Fungsional Pranata Komputer/FITK',NULL,NULL),(311,'Asdi Silalahi','','asdisilalahi@yahoo.com','085268673670','UIN SU','ict','BPB FEBI',NULL,NULL),(312,'Moncot Harahap','','benaharahap@gmail.com','081376325736','UIN SU','ict','BPP Fak Syari\'ah',NULL,NULL),(313,'Syamsul Bakri Sajak','','','081375458191','UIN SU','ict','BPP Fakultas Ushuluddin',NULL,NULL),(314,'Harmansyah','','harman.syahr@gmail.com','081260008787','UIN SU','supr','kabag Keuangan dan Akuntansi',NULL,NULL),(315,'Asmahani Mukhtar','Ghaffar, SE','hanimukhtarghaffar@gmail.com','085233927212','UIN SU','opr','staf LP2M',NULL,NULL),(316,'Hasyimsyah NH','','hasyimsyah@yahoo.com','0815360103658','UIN SU','supr','Ketua LP2M',NULL,NULL),(317,'Pangeran Harahap','','harahappangeran@yahoo.co.id','082160509866','UIN SU','supr','Kapus PPM LP2M',NULL,NULL),(318,'Subhan Dawawi','','subhantaqia@gmail.com','081376525812','UIN SU','supr','kasubbag Kepegawaian',NULL,NULL),(319,'Legiman','','legiman80@yahoo.com','085262408013','UIN SU','supr','OKH',NULL,NULL),(320,'Jaenudin, ST','','jacst3@yahoo.com','082370041216','UIN SU','supr','OKH',NULL,NULL),(321,'Tisna Handayani','','tisna_handayani@yahoo.com','08116041985','UIN SU','supr','OKH',NULL,NULL),(322,'Dedi Junaidi','','dedijunaidi801@yahoo.com','081260807644','UIN SU','supr','OKH',NULL,NULL),(323,'Maruran Siregar','','sipahupnp@gmail.com','081329095863','UIN SU','opr','staf Orlaha','2015-11-09 02:16:26',52),(324,'Nurul Ilmi','','safaroz18@yahoo.com','081329095863','UIN SU','opr','staf Hukum',NULL,NULL),(325,'Rizki','Rima','rrahong@yahoo.com','085364116151','unidha','opr','Tim EPSBED',NULL,NULL),(326,'Alfitri','','dkafisip@gmail.com','08126604530','unidha','supr','Ka Prodi I. Kom',NULL,NULL),(327,'Fiko','Farlis','fiko_mqq@yahoo.co.id','08126619280','unidha','admn','Sekretaris prodi S1 Manajeman','2015-11-09 03:15:07',52),(328,'Rizki','Risman','rratong@yahoo.com','08564116151','unidha','ict','ICT',NULL,NULL),(329,'Dicky','Suwandi','dickys@banknagari.co.id','081266947420','Nagari','opr','IT',NULL,NULL),(330,'afrizon','indra','afrizon_indra@yahoo.com','081363352348','Nagari','opr','IT',NULL,NULL),(331,'Setya Ensi','','setyaensi_nikomah@yahoo.com','081266626468','Akfar Al Fatah','opr','P3M',NULL,NULL),(332,'Herlina','','her_lina85@ymail.com','085267992262','Akfar Al Fatah','opr','Instruktur Lab Kimia','2015-11-25 06:28:23',52),(333,'Marsidi Amin','','marsidiaminpci@gmail.com','081373335446','Akfar Al Fatah','opr','Laboran Kam','2015-11-25 06:27:35',52),(334,'Putra Dwi Cahya','','putra.dwi961@gmail.com','08973353682','Akfar Al Fatah','opr','Ur Kurikulum',NULL,NULL),(335,'Yulestri','','','','Akfar Al Fatah','opr','Pustakawan',NULL,NULL),(336,'Dwi','Kristiyanto','christ.stikesmukla@gmail.com','085726943259','STIKES Mukla','opr','BAAK S1 Ilmu Keperawatan','2015-11-25 06:35:23',52),(337,'Fathnur Sani K','','fatnur_sani@yahoo.co.id','085272802213','Akfar Al Fatah','opr','',NULL,NULL),(338,'Agri','Rochmawati','','085640607973','STIKES Mukla','opr','Humas',NULL,NULL),(339,'Yosi Ermalena','','yosieermalena@gmail.com','085211625908','Akfar Al Fatah','supr','Ka Lab Formasetika','2015-11-25 06:38:36',52),(340,'Farida','Khusnul Khotimah','fkfarida585@gmail.com','085228047481','STIKES Mukla','opr','BAAK D3 Farmasi','2015-11-25 06:35:40',52),(341,'Purwani P. Aji','','purwanip@yahoo.com','082371724227','Akfar Al Fatah','supr','kasubbag Akademik',NULL,NULL),(342,'Marsudi','Widodo','masrudiatk@yahoo.com','085729459773','ATK','supr','Kasubag Adm',NULL,NULL),(343,'Andilala','','andilala@paramadina.ac.id','08159962279','Paramadina','opr','','2015-11-25 07:48:45',52),(344,'Pipit Thony','Diana Saitri','pipitithony@gmail.com','085238501475','STIKES Mukla','opr','BAAK D3 Kebidanan',NULL,NULL),(345,'Lisza Nuarisessa','','lisza.nsa@gmail.com','081373455229','Akfar Al Fatah','supr','Ka Lab Kimia',NULL,NULL),(346,'Sri Juharin','Indriani','','081328308864','ATK','supr','Ka Urusan Kemahasiswaan',NULL,NULL),(347,'Sulistiyani','','Lies_Bima07@gmail.com','08180259990060','STIKES Mukla','opr','Staff',NULL,NULL),(348,'Yuda','Djuanda','yudadj@paramadina.ac.id','08180818285','Paramadina','opr','',NULL,NULL),(349,'Guna','Diono','','085867914085','ATK','opr','Administrasi Akademik',NULL,NULL),(350,'Wayudi','Agus Priyanto','','081328050862','STIKES Mukla','opr','Staf','2015-11-25 06:40:56',52),(351,'Sunggut Asmadi','','','081368132525','Akfar Al Fatah','supr','bag kemahasiswaan','2015-11-25 07:32:08',52),(352,'Luky','Arifin','luky.arifin@paramadina.ac.id','085810099600','Paramadina','opr','',NULL,NULL),(353,'Aris','Subagio','aris.subagio@paramadina.ac.id','081311104867','Paramadina','opr','',NULL,NULL),(354,'Nofian','Eka Prasetya','noopex@gmail.com','085728526783','STIKES Mukla','opr','Staf',NULL,NULL),(355,'Parwanto','','pragata09@gmail.com','085328071662','ATK','opr','Administrasi Kemahasiswaan',NULL,NULL),(356,'Adam','Wiki Yanuarta','wikiarta@gmail.com','085643113484','STIKES Mukla','ict','IT',NULL,NULL),(357,'Sandi Oktalina','','sandioktalina@gmail.com','087714843882','Akfar Al Fatah','opr','Ins Lab Mikrobiologi','2015-11-25 06:48:59',52),(358,'Thariqon','','thariq436@gmail.com','08156746712','STIKES Mukla','opr','BAA D3 Keperawatan',NULL,NULL),(359,'Tri','Haryanto','awaaura@gmail.com','02749360133','ATK','opr','Struktural',NULL,NULL),(360,'Dianto','','','02746943368','ATK','opr','Struktural','2015-11-25 06:53:17',52),(361,'Nopti','','nopti_aat@yahoo.com','085758147278','Akfar Al Fatah','opr','Ur. Keuangan',NULL,NULL),(362,'Halimah','','halimahemail@gmail.com','085292167207','ATK','opr','',NULL,NULL),(363,'Pritha','Kurniasih','pritha.saja@gmail.com','08170541393','PIP','opr','',NULL,NULL),(364,'Gita','Frantika','gita-f@kemenperin.go.id','08172399813','ATK','opr','Struktural',NULL,NULL),(365,'Renita Apriani','','renitaapriani074@gmail.com','08973353682','Akfar Al Fatah','supr','Ins Lab Farmasetika',NULL,NULL),(366,'Dhyaksarani','P','dhyaksaranigosta@yahoo.co.id','085865555173','PIP','opr','',NULL,NULL),(367,'Deluya Lazrianty','','deluyalazrianty@yahoo.com','082221555760','Akfar Al Fatah','opr','staff',NULL,NULL),(368,'Tri','Rahayu','rahayukumuro@gmail.com','085648211123','ATK','opr','Struktural',NULL,NULL),(369,'Nur','Indah','','081578822963','ATK','opr','Struktural',NULL,NULL),(370,'Dian','K. Sari','dksari17@ymail.com','081219668978','PIP','opr','Adm. Akademik',NULL,NULL),(371,'Fala','Putrama','falaputrama@kemenperin.go,id','085640813730','ATK','opr','Struktural',NULL,NULL),(372,'Moh','Alimansur','ali.mansur7@gmail.com','082142206044','Dharma Husada','supr','BAAK',NULL,NULL),(373,'Hiut Indika','','hiutindika8@gmail.com','082280062080','Akfar Al Fatah','opr','UPM',NULL,NULL),(374,'Gina Lestari','','gina_5712@yahoo.com','085267895712','Akfar Al Fatah','supr','Ka Lab Mikrobiologi',NULL,NULL),(375,'Syamsul','Hadi','azik.arka@yahoo.co.id','08122836105','PIP','opr','PPK',NULL,NULL),(376,'Widodo','','widodo_widdy@yahoo.com','081298315478','Dharma Husada','opr','Administrasi Akademik',NULL,NULL),(377,'Okvita','Wahyuni','okvit4@gmail.com','08122893463','PIP','opr','Koord. Sertifikasi',NULL,NULL),(378,'I Nyoman','Alit Arsana','alitarasana86@gmail.com','08121584312','stiebbank','opr','IT',NULL,NULL),(379,'Alfi','Maryati','alvi_5002@yahoo.co.id','081325727341','PIP','opr','',NULL,NULL),(380,'Endah','Wisnu M','indahwisnu2020@gmail.com','081225960006','stiebbank','opr','Pemasaran',NULL,NULL),(381,'Wiwintan','','','085382750705','Akfar Al Fatah','opr','TU',NULL,NULL),(382,'Nono','Suyanto','nonosuyanto@yahoo.com','08122913297','PIP','supr','Kanit TI',NULL,NULL),(383,'Isti','Robiutsaniyah','istirobi09@gmail.com','085725962779','stiebbank','opr','Staf',NULL,NULL),(384,'Mida','Setya Rifi','myda89@gmail.com','085600966500','stiebbank','opr','Akademik',NULL,NULL),(385,'Joko','Prasetyo','jokowibisono31@ymail.com','08529006429','PIP','opr','',NULL,NULL),(386,'Mochammad Ridwan','','','','Akfar Al Fatah','opr','Staf Jurusan LLAJ',NULL,NULL),(387,'Soleh','Agus','centraljavaboy86@gmail.com','085714288695','stiebbank','opr','Adm. BPM',NULL,NULL),(388,'Anisa Mahadita','Candra R','','','Akfar Al Fatah','opr','Staf Jurusan LLAJ',NULL,NULL),(389,'Satyono','Nugroho','satyononugroho@yahoo.com','085212284161','PIP','opr','Teknisi',NULL,NULL),(390,'Veronica','','','','Akfar Al Fatah','opr','Staf Jurusan Transdar',NULL,NULL),(391,'Kristin','Anita','kristin_evanputri@yahoo.co.id','081390530862','PIP','opr','Adm.Akademik',NULL,NULL),(392,'Septiana Nurvita H','','','','Akfar Al Fatah','opr','Staf Jurusan Transdar',NULL,NULL),(393,'Slamet','Riyadi','de_riyadi@yahoo.com','081234599807','PIP','supr','Kasubbag Keuangan',NULL,NULL),(394,'Akhmad Fahrur Rizki','','','','Akfar Al Fatah','opr','Staf Jurusan perkeretaapian',NULL,NULL),(395,'Dayang','Tiocvana','dayang.tiocvana@gmail.com','081229044456','PIP','opr','Bendahara Pengeluaran',NULL,NULL),(396,'Ratih Kusumawardani','','','','Akfar Al Fatah','opr','Staf Akademik',NULL,NULL),(397,'Moejiono','','moejiono72_pip@yahoo.co.id','','PIP','opr','DKKPD',NULL,NULL),(398,'Wisnu Wardana K','','','','Akfar Al Fatah','opr','Staf Akademik',NULL,NULL),(399,'Sam Deli Imanuel','','','','Akfar Al Fatah','opr','Staf Akademik',NULL,NULL),(400,'Marlilin Febrita','','','','Akfar Al Fatah','opr','Staf Akademik',NULL,NULL),(401,'Rianto Ruli P','','','','Akfar Al Fatah','opr','Staf Jurusan perkeretaapian',NULL,NULL),(402,'Densi Selpia','Sapianti S. Far Apt','andhene_pia@gmail.com','081272932017','Akfar Al Fatah','supr','Direktur','2015-11-25 07:26:06',52),(403,'Devi Novia S.','Farm, Apt','devinovia34@yahoo.com','081374357983','Akfar Al Fatah','supr','Pembantu Direktur 1 Bidang Akademik',NULL,NULL),(404,'Aini Susila M.','Far','ainisusila2611@rocketmail.com','085725382264','Akfar Al Fatah','opr','Dosen',NULL,NULL),(405,'Agung Giri Samudra','M. So. Apt','agunggirisamudra@gmail.com','085725382264','Akfar Al Fatah','opr','Dosen',NULL,NULL),(406,'Marsidi Amin.kom','','marsidiaminpci@gmail.com','081373335446','Akfar Al Fatah','opr','Laboran',NULL,NULL),(407,'Sunggut Asmadi','','','081368132525','Akfar Al Fatah','opr','Kemahasiswaan',NULL,NULL),(408,'Nopti','','nopti.bkl@gmail.com','085758147278','Akfar Al Fatah','opr','Ur. Keuangan',NULL,NULL),(409,'Putra D. C.','','putradwicahya@yahoo.co.id','08973353682','Akfar Al Fatah','opr','Ur Akademik',NULL,NULL),(410,'Benny','Niyan','b3nix@yahoo.co.id','0816764001','PNJ','supr','Ka. Pusdatin',NULL,NULL),(411,'Wiwintoro','','','085382750705','Akfar Al Fatah','opr','Tata Usaha',NULL,NULL),(412,'Kartiyah','','','085718199095','PNJ','opr','',NULL,NULL),(413,'Herlina','','siskamelina28@yahoo.com','085718134152','PNJ','opr','Staff Kepegawaian',NULL,NULL),(414,'Dimas Septian','Saputra','dimas.septian.saputra@gmail.com','08989768933','PNJ','opr','Staff Kepegawaian',NULL,NULL),(415,'Kartono','','iqra3284@yahoo.co.id','081311640942','PNJ','opr','Staff Kepegawaian',NULL,NULL),(416,'Fauzi','','','0852272129000','IAIN Ar-Raniry','supr','Kasub Akm Kemahasiswaan',NULL,NULL),(417,'A. Yani','','yani_ragil7@yahoo.com','081210810510','PNJ','opr','Akademik',NULL,NULL),(418,'Suparmangal','','ssyal@yahoo.co.id','085260798255','IAIN Ar-Raniry','supr','Kabag PA','2015-11-25 07:47:28',52),(419,'Danang','Sakti W','danang.sw@pnj.ac.id','02131712320','PNJ','opr','Staff Pusdatin',NULL,NULL),(420,'Maryam','','','085362664623','IAIN Ar-Raniry','supr','Kabag Kemahasiswaan dan Alumni',NULL,NULL),(421,'Darmawati','','','081269334545','IAIN Ar-Raniry','opr','Staf',NULL,NULL),(422,'Muhammad Rais','','','081360646700','IAIN Ar-Raniry','opr','staf',NULL,NULL),(423,'Muhammad Yatim','','muhyat@yahoo.com','081360170835','IAIN Ar-Raniry','supr','kasub Adm Akademik Biro',NULL,NULL),(424,'Jalaluddin','','jalal.udin98@yahoo.co.id','085260319994','IAIN Ar-Raniry','supr','kasubbag Humas dan Informasi',NULL,NULL),(425,'Marzuni Luthfi','','','085288462780','IAIN Ar-Raniry','opr','Staf Humas',NULL,NULL),(426,'Nasrullah','','','081560056042','IAIN Ar-Raniry','opr','Staf Humas',NULL,NULL),(427,'T. Syahrizah','','','081360555526','IAIN Ar-Raniry','supr','Basubbag Kerjasama dan Kelembagaan',NULL,NULL),(428,'Ridha Ilahi','','reendoo.data@gmail.com','081360416698','IAIN Ar-Raniry','opr','Staf/Postek',NULL,NULL),(429,'Tihalimah, S, Pd.I','','tihalimah@gmail.com','085371847838','IAIN Ar-Raniry','opr','staf/Sbu Bagian Kepegawaian',NULL,NULL),(430,'Armidawati','','mida_permai@yahoo.com','081360161777','IAIN Ar-Raniry','supr','Kasubbag Organisasi dan Kepegawaian',NULL,NULL),(431,'Muhammad Hardi','','','0877471208672','IAIN Ar-Raniry','opr','',NULL,NULL),(432,'Subal','','','','IAIN Ar-Raniry','supr','Kabag Kepegawaian',NULL,NULL),(433,'Alimuddin Putra','','','','IAIN Ar-Raniry','opr','staf',NULL,NULL),(434,'Lina Setiawati','','Lina_fsr@yahoo.com','081804267977','ISI','opr','staf sub bag pendidikan FSR ISI YK',NULL,NULL),(435,'Christiana','Sulistyawati','liest_fsp@yahoo.com','081904251919','ISI','opr','staf sub bag pendidikan FSP ISI YK',NULL,NULL),(436,'Haryoko','','insan_fsmr@yahoo.com','081804312747','ISI','opr','staf subag Pendidikan',NULL,NULL),(437,'Nugroho','','hohoisiyk@gmail.com','08121507835','ISI','supr','Puskom',NULL,NULL),(438,'Jufry','Pasiowan','jufry.pasiowan@gmail.com','085211199420','Polimdo','opr','Teknisi UPT PTI',NULL,NULL),(439,'Yusti','Tangalayuk','ytutics@mail.com','081356474424','Polimdo','opr','Pengelola data akademik',NULL,NULL),(440,'Raymond','Walintuisan','ramonwal@gmail.com','081340222849','Polimdo','opr','Pengolah data Pdpt',NULL,NULL),(441,'Nurvina Dwijayanti','','vhin4.4487@gmail.com','081340310560','Polimdo','opr','Staf Tata Usaha',NULL,NULL),(442,'Lukas','Sumendap','lukas30058995@gmail.com','085298241412','Polimdo','opr','Pengolah Data PDPT',NULL,NULL),(443,'Grace','Dumais','gracedumais@yahoo.com','085298531190','Polimdo','opr','Operator Komputer Akademik & Kemahasiswaan',NULL,NULL),(444,'Meiske','Mekel','','085256490952','Polimdo','opr','Staf Administrasi',NULL,NULL),(445,'Elfine','Rumbajan','','081340337998','Polimdo','opr','Staf Administrasi',NULL,NULL),(446,'Agustin','Wenas','','081340188458','Polimdo','opr','Staf Administrasi',NULL,NULL),(447,'Frarisisca','Rori','','081356800974','Polimdo','opr','Staf Keuangan',NULL,NULL),(448,'Junike','Paendong','','085256277123','Polimdo','opr','Staf Keuangan',NULL,NULL),(449,'Desni','Rongkomisu','eningaya@yahoo.co.id','081242862434','Polimdo','opr','Operator SAKPA',NULL,NULL),(450,'Wilma','Walangitan','','085240272892','Polimdo','opr','Staf Perencanaan dan Sistem Informasi',NULL,NULL),(451,'Youla','Liwan','youlaliwan@ymail.com','081356742908','Polimdo','opr','Operator Simak (SAI)',NULL,NULL),(452,'Juliana','Suak','juli_suak@yahoo.co.id','081356728427','Polimdo','opr','Operator Simak (SAI)',NULL,NULL),(453,'Bertje','Sumakul','bertjesumakul@yahoo.com','082197048880','Polimdo','opr','Staf Perencanaan dan Sistem Informasi',NULL,NULL),(454,'Kawlina','Wauran','','081356988689','Polimdo','opr','Staf Perencanaan dan Sistem Informasi',NULL,NULL),(455,'Sherly','Mona','','085298055838','Polimdo','opr','Staf Perencanaan dan Sistem Informasi',NULL,NULL),(456,'Tony','','tonyalalintito@gmail.com','081356328493','Polimdo','opr','',NULL,NULL),(457,'Terina','Karulik','','081240000573','Polimdo','opr','Bendahara Pengeluaran',NULL,NULL),(458,'Jeamne','Purukan','','081356582484','Polimdo','opr','Bendahara Penerimaan',NULL,NULL),(459,'Roni','Wowiling','wowilingromir@gmail.com','082197140055','Polimdo','opr','Perencanaan dan Sistem Informasi',NULL,NULL),(460,'Dientie','Kalangkongan','','081243249308','Polimdo','opr','Staf Keuangan',NULL,NULL),(461,'Fietje','Usoh','','085240435159','Polimdo','opr','Staf PSI',NULL,NULL),(462,'Sehie','Taman','','081356562767','Polimdo','opr','BPP',NULL,NULL),(463,'Ferdinand A.','Oroh SH.','alexanderoroh@gmail.com','081213319555','Polimdo','supr','Kasubag Kepegawaian','2015-11-25 09:33:17',52),(464,'Nexon J.','Porziwouw','','081356646479','Polimdo','opr','Analis Pengembangan Perencanaan Pegawai','2015-11-25 09:34:37',52),(465,'Jenny','Sumakul','','081340692880','Polimdo','opr','SDA','2015-11-25 09:35:05',52),(466,'Emmy O.','Suak, SE','','081340836350','Polimdo','opr','SDA',NULL,NULL),(467,'Andrianus A.','Lumingkewas','','081244155921','Polimdo','opr','Pengadministrasi Umum',NULL,NULL),(468,'Hetty','Lumingkang','hetty_lumingkang@yahoo.com','081340888806','Polimdo','opr','Pengelola Data Kepegawaian','2015-11-25 09:37:13',52),(469,'Nansie','Pongajoliw','nnanshe@gmail.com','082194279852','Polimdo','opr','Pengelola Data Kepegawaian',NULL,NULL),(470,'J Rembet','','','081340355355','Polimdo','supr','Ka TU',NULL,NULL),(471,'Jefrie','Oroh','','082196414554','Polimdo','opr','',NULL,NULL),(472,'David','Turangan','david_turangan@yahoo.coid','08124438673','Polimdo','opr','Operator Persediaan',NULL,NULL),(473,'Yohanis','Rongkomisu','ening_yr@yahoo.co.id','081242862434','Polimdo','opr','Operator SAKPA',NULL,NULL),(474,'Meny','Modaso','','085651079011','Polimdo','opr','',NULL,NULL),(475,'Marthin','Lomboan','','085240477404','Polimdo','opr','TU',NULL,NULL),(476,'Dasri','R.','','081340505885','Polimdo','opr','TU',NULL,NULL),(477,'Tinele','S.','','081356728428','Polimdo','opr','TU',NULL,NULL),(478,'Johnly S.','rORONG','johnly_sonie@yahoo.com','08124437082','Polimdo','supr','Kabag Akademik',NULL,NULL),(479,'Benny','Torau','bennytorau@yahoo.co.id','','Polimdo','opr','Pelaksana',NULL,NULL),(480,'Sophia','Olvie P.','','081356477568','Polimdo','opr','Staf Akademik',NULL,NULL),(481,'Sonie A.','Kapoh','soniekapoh@gmail.com','082190089565','Polimdo','opr','Pengolah Data Tenaga Kependidikan',NULL,NULL),(482,'Eddi','Dosoputranto','eddidos@yahoo.com','081340172441','Polimdo','opr','Dosen',NULL,NULL),(483,'Moody N.','Tumembois','moodynt2@gmail.com','085240022444','Polimdo','opr','Dosen',NULL,NULL),(484,'Donny','Taju','donnyrtaju@gmail.com','0811437522','Polimdo','opr','Ketua Jurusan Sipil',NULL,NULL),(485,'Jeanely','Rangkang','Jeanelyr@yahoo.com','085298544569','Polimdo','opr','Dosen Teknik Sipil',NULL,NULL),(486,'Bambang P.','Widodo','bambangpwidodo@yahoo.com','08124492864','Polimdo','opr','Dosen Teknik Sipil',NULL,NULL),(487,'Deyke J.F.','Mandang','deykemandang22@gmail.com','082291482222','Polimdo','opr','Dosen Teknik Sipil',NULL,NULL),(488,'Novatus','Senduk','novatussend@yahoo.com','08124406365','Polimdo','opr','Dosen Teknik Sipil',NULL,NULL),(489,'Hendri J.','Palar','hendripalar@yahoo.com','081340120211','Polimdo','opr','Dosen Teknik Sipil',NULL,NULL),(490,'Jusuf N.F.','Pantow','jusuf_pantouw@yahoo.com','082191910134','Polimdo','opr','Dosen Teknik Elektro',NULL,NULL),(491,'Olivia','Moningka','oliviamoningka@gmail.com','081340333050','Polimdo','opr','Dosen',NULL,NULL),(492,'Nelson Seleman','Luppa','nelsonselemanluppa@yahoo.com','08139457771','Polimdo','opr','Dosen Teknik Mesin',NULL,NULL),(493,'Meidy P.Y.','Kawulur','mkawulur@yahoo.com','085256560236','Polimdo','opr','Dosen Teknik Mesin',NULL,NULL),(494,'Betsi','Rooroh','roorohbetsi@gmail.com','08124426631','Polimdo','opr','Dosen Teknik Elektro',NULL,NULL),(495,'Djoige','Onisala','djoigeo@gmail.com','08124303162','Polimdo','opr','Dosen Teknik Sipil',NULL,NULL),(496,'Denny B.','Pinasang','dennyboypinasang@yahoo.com','081340642007','Polimdo','opr','Dosen Teknik Sipil',NULL,NULL),(497,'Rilya','Rumbayan','rilya.rumbayan@gmail.com','','Polimdo','opr','Dosen Teknik Sipil',NULL,NULL),(498,'Merci','Hosang','mfhosang@gmail.com','','Polimdo','opr','Dosen Teknik Sipil',NULL,NULL),(499,'Tri','Wicaksono','sonitri@rocketmail.com','087808257351','Polimdo','opr','',NULL,NULL),(500,'Slamet','Sentiko','','','Polimdo','opr','',NULL,NULL),(501,'Ahmad','Efendi D.','damanik8687@gmail.com','087739540001','Polimdo','opr','',NULL,NULL),(502,'Anggi','Ayu M','','','Polimdo','opr','AS Gamatechno',NULL,NULL),(503,'Ayu','Prajitno','ayu.lidya1994@gmail.com','085299559090','Polimdo','opr','Mahasiswa Magang',NULL,NULL),(504,'Felix','Kondoj','felixsak091@gmail.com','085217159750','Polimdo','opr','Sub Bagian Kepegawaian',NULL,NULL),(505,'Heri','Mardiansah','heri.mardiansah@gmail.com','0857295678017','Polimdo','opr','Technical Support',NULL,NULL),(506,'Deni','Sulistiyo','deny_sulistiyo@yahoo.com','085743800862','Polimdo','opr','Technical Support',NULL,NULL),(507,'dwi','unsrifk','','081273886889','unsri','opr','operator akademik',NULL,NULL),(508,'midang','unsrifk','','085268104407','unsri','supp','OB bisa support konsumsi, fotocopy','2016-02-05 06:00:59',61),(509,'yadi','utama','','082175475362','unsri','ict','ICT programmer',NULL,NULL);
/*!40000 ALTER TABLE `project_contact` ENABLE KEYS */;
UNLOCK TABLES;

--
-- Table structure for table `project_contact_det`
--

DROP TABLE IF EXISTS `project_contact_det`;
/*!40101 SET @saved_cs_client     = @@character_set_client */;
/*!40101 SET character_set_client = utf8 */;
CREATE TABLE `project_contact_det` (
  `contactDetContactId` bigint(20) unsigned NOT NULL,
  `contactDetContactFieldCode` varchar(8) NOT NULL,
  `contactDetValue` varchar(50) NOT NULL,
  KEY `contactDetContactId` (`contactDetContactId`),
  KEY `contactDetContactFieldCode` (`contactDetContactFieldCode`),
  CONSTRAINT `project_contact_det_ibfk_1` FOREIGN KEY (`contactDetContactId`) REFERENCES `project_contact` (`contactId`) ON DELETE CASCADE ON UPDATE CASCADE,
  CONSTRAINT `project_contact_det_ibfk_2` FOREIGN KEY (`contactDetContactFieldCode`) REFERENCES `project_ref_contact_field` (`contactFieldCode`) ON DELETE CASCADE ON UPDATE CASCADE
) ENGINE=InnoDB DEFAULT CHARSET=latin1;
/*!40101 SET character_set_client = @saved_cs_client */;

--
-- Dumping data for table `project_contact_det`
--

LOCK TABLES `project_contact_det` WRITE;
/*!40000 ALTER TABLE `project_contact_det` DISABLE KEYS */;
INSERT INTO `project_contact_det` VALUES (7,'WA','085643401990'),(9,'WA','085600974005'),(8,'WA','081578284374'),(6,'WA','081227669222'),(14,'WA','081362022627'),(33,'WA','081362068046'),(40,'WA','081363186625'),(51,'WA','08126604530'),(29,'WA','082161074780'),(42,'WA','085271123343'),(36,'WA','081260807644'),(19,'WA','081362294918'),(21,'WA','081375705565'),(11,'WA','081360963114'),(26,'WA','081396409011'),(41,'WA','085263032317'),(53,'WA','08126619280'),(15,'WA','082362322630'),(22,'WA','085360103658'),(20,'WA','08126447168'),(50,'WA','08197560704'),(16,'WA','082163639053'),(43,'WA','081319908465'),(12,'WA','081361176555'),(54,'WA','085320666854'),(32,'WA','08126417237'),(47,'WA','081263091312'),(55,'WA','08197560704'),(44,'WA','081374364862'),(49,'WA','081374111224'),(13,'WA','08240865636'),(30,'WA','081376796881'),(28,'WA','082276817383'),(46,'WA','085375729110'),(23,'WA','08126450034'),(25,'WA','085211336155'),(45,'WA','082284640707'),(24,'WA','081210727871'),(27,'WA','08126416702'),(37,'WA','081329095863'),(48,'WA','08126635387'),(69,'WA','081363315531'),(70,'WA','085273685304'),(71,'WA','081273752322'),(72,'WA','081367937271'),(73,'WA','085609039026'),(74,'WA','085269998113'),(75,'WA','085368413790'),(76,'WA','085279345556'),(77,'WA','085766900084'),(79,'WA','087819717324'),(80,'WA','085267178531'),(81,'WA','085384828111'),(83,'WA','081378957494'),(84,'WA','085263561007'),(85,'WA','081373825873'),(86,'WA','082178662178'),(87,'WA','081367633690'),(88,'WA','085378484486'),(89,'WA','085758356664'),(90,'WA','085669566042'),(93,'WA','08112727149'),(94,'WA','08156564726'),(95,'WA','081326055559'),(96,'WA','085227115148'),(106,'WA','081210312464'),(107,'WA','081389234678'),(108,'WA','08161414373'),(109,'WA','08561441095'),(110,'WA','08562250959'),(111,'WA','08562553193'),(112,'WA','08568141981'),(113,'WA','085693613085'),(104,'WA','085780219998'),(114,'WA','081285318574'),(115,'WA','08118407755'),(116,'WA','081285318574'),(117,'WA','08561552525'),(118,'WA','08562223300'),(118,'EL','tian.bukopin@yahoo.co.id'),(123,'WA','082112175958'),(124,'WA','082117885085'),(126,'WA','0818696874'),(52,'WA','0811221787'),(371,'TL','088215199728'),(483,'EL','moodynt@yahoo.co.id'),(508,'TL','07114282558'),(508,'TL','081271574321');
/*!40000 ALTER TABLE `project_contact_det` ENABLE KEYS */;
UNLOCK TABLES;

--
-- Table structure for table `project_doc`
--

DROP TABLE IF EXISTS `project_doc`;
/*!40101 SET @saved_cs_client     = @@character_set_client */;
/*!40101 SET character_set_client = utf8 */;
CREATE TABLE `project_doc` (
  `docId` bigint(20) unsigned NOT NULL AUTO_INCREMENT,
  `docAppId` bigint(20) unsigned NOT NULL,
  `docDocJenisId` bigint(20) unsigned NOT NULL,
  `docUrl` varchar(255) NOT NULL,
  `docUpdateTimestamp` timestamp NULL DEFAULT NULL,
  `docUpdateUserId` bigint(20) DEFAULT NULL,
  PRIMARY KEY (`docId`),
  KEY `docDocJenisId` (`docDocJenisId`),
  KEY `docAppId` (`docAppId`),
  CONSTRAINT `project_doc_ibfk_1` FOREIGN KEY (`docDocJenisId`) REFERENCES `project_doc_ref_jenis` (`docJenisId`) ON UPDATE CASCADE,
  CONSTRAINT `project_doc_ibfk_2` FOREIGN KEY (`docAppId`) REFERENCES `project_app` (`appId`) ON UPDATE CASCADE
) ENGINE=InnoDB DEFAULT CHARSET=latin1;
/*!40101 SET character_set_client = @saved_cs_client */;

--
-- Dumping data for table `project_doc`
--

LOCK TABLES `project_doc` WRITE;
/*!40000 ALTER TABLE `project_doc` DISABLE KEYS */;
/*!40000 ALTER TABLE `project_doc` ENABLE KEYS */;
UNLOCK TABLES;

--
-- Table structure for table `project_doc_ref_jenis`
--

DROP TABLE IF EXISTS `project_doc_ref_jenis`;
/*!40101 SET @saved_cs_client     = @@character_set_client */;
/*!40101 SET character_set_client = utf8 */;
CREATE TABLE `project_doc_ref_jenis` (
  `docJenisId` bigint(20) unsigned NOT NULL AUTO_INCREMENT,
  `docJenisNick` varchar(10) NOT NULL,
  `docJenisName` varchar(100) NOT NULL,
  `docJenisUpdateTimestamp` timestamp NULL DEFAULT NULL,
  `docJenisUpdateUserId` bigint(20) DEFAULT NULL,
  PRIMARY KEY (`docJenisId`)
) ENGINE=InnoDB AUTO_INCREMENT=20 DEFAULT CHARSET=latin1;
/*!40101 SET character_set_client = @saved_cs_client */;

--
-- Dumping data for table `project_doc_ref_jenis`
--

LOCK TABLES `project_doc_ref_jenis` WRITE;
/*!40000 ALTER TABLE `project_doc_ref_jenis` DISABLE KEYS */;
INSERT INTO `project_doc_ref_jenis` VALUES (6,'SRS','SRS',NULL,NULL),(7,'DBDD','DBDD',NULL,NULL),(8,'UM','User Manual',NULL,NULL),(9,'HO','Handout',NULL,NULL),(10,'Video','Video Tutorial',NULL,NULL),(11,'Ars','Diagram Arsitektur',NULL,NULL),(12,'Alur','Alur Bispro',NULL,NULL),(13,'AlurApp','Alur Aplikasi',NULL,NULL),(14,'Fitur','Daftar Fitur',NULL,NULL),(15,'Capture','Source Capture Tampilan',NULL,NULL),(16,'Slide','Presentasi',NULL,NULL),(17,'Silabus','Silabus materi pelatihan',NULL,NULL),(18,'UAT','Form UAT',NULL,NULL),(19,'HakAkses','Matriks Hak Akses Menu (default)',NULL,NULL);
/*!40000 ALTER TABLE `project_doc_ref_jenis` ENABLE KEYS */;
UNLOCK TABLES;

--
-- Table structure for table `project_gforge`
--

DROP TABLE IF EXISTS `project_gforge`;
/*!40101 SET @saved_cs_client     = @@character_set_client */;
/*!40101 SET character_set_client = utf8 */;
CREATE TABLE `project_gforge` (
  `gforgeId` bigint(20) unsigned NOT NULL AUTO_INCREMENT,
  `gforgeNickname` varchar(20) NOT NULL,
  `gforgeUpdateTimestamp` timestamp NULL DEFAULT NULL,
  `gforgeUpdateUserId` bigint(20) DEFAULT NULL,
  PRIMARY KEY (`gforgeId`)
) ENGINE=InnoDB AUTO_INCREMENT=67 DEFAULT CHARSET=latin1;
/*!40101 SET character_set_client = @saved_cs_client */;

--
-- Dumping data for table `project_gforge`
--

LOCK TABLES `project_gforge` WRITE;
/*!40000 ALTER TABLE `project_gforge` DISABLE KEYS */;
INSERT INTO `project_gforge` VALUES (1,'ust',NULL,NULL),(2,'stip','2015-09-07 06:56:37',42),(3,'uin_walisongo',NULL,NULL),(4,'unimal2010',NULL,NULL),(5,'stie_perbanas',NULL,NULL),(6,'iain_jambi','2015-09-10 02:17:49',42),(7,'tes',NULL,NULL),(8,'unlam-2010',NULL,NULL),(9,'pmb_poltekkes',NULL,NULL),(10,'uinsu',NULL,NULL),(11,'stem_cepu',NULL,NULL),(12,'sttpln',NULL,NULL),(13,'uinsuska',NULL,NULL),(14,'unidha',NULL,NULL),(15,'bpsdmp',NULL,NULL),(16,'unijoyo2010',NULL,NULL),(17,'umg_myanmar',NULL,NULL),(18,'usbi','2015-11-03 04:54:15',42),(19,'ugm',NULL,NULL),(20,'staincurup',NULL,NULL),(21,'potensiutama',NULL,NULL),(22,'unsrat2012',NULL,NULL),(23,'unja',NULL,NULL),(24,'unri',NULL,NULL),(25,'unsrat',NULL,NULL),(26,'unsrat2011',NULL,NULL),(27,'polnep',NULL,NULL),(28,'polnep_2010',NULL,NULL),(29,'polindo',NULL,NULL),(30,'stikesmuhklaten',NULL,NULL),(31,'apmd',NULL,NULL),(32,'atk_yogyakarta',NULL,NULL),(33,'tellkom_medan','2015-11-19 04:03:38',42),(34,'ubk',NULL,NULL),(35,'bp3ip',NULL,NULL),(36,'stan2011',NULL,NULL),(37,'unpar',NULL,NULL),(38,'2012-polines',NULL,NULL),(39,'stan-ii',NULL,NULL),(40,'ugm_gtfinansi',NULL,NULL),(41,'unsri_gtfinansi',NULL,NULL),(42,'unsri_sia',NULL,NULL),(43,'2014_paramadina',NULL,NULL),(44,'alfatah',NULL,NULL),(45,'arraniry',NULL,NULL),(46,'itm',NULL,NULL),(47,'isi_jogja2011',NULL,NULL),(48,'umc',NULL,NULL),(49,'unipa',NULL,NULL),(50,'uinsgd',NULL,NULL),(51,'untirta',NULL,NULL),(52,'unpab',NULL,NULL),(53,'umksim',NULL,NULL),(54,'ummu',NULL,NULL),(55,'umk-kupang',NULL,NULL),(56,'uniflor',NULL,NULL),(57,'unand2010',NULL,NULL),(58,'unib',NULL,NULL),(59,'alauddin',NULL,NULL),(60,'sttmusi',NULL,NULL),(61,'ppm_manajemen',NULL,NULL),(62,'unnes2012',NULL,NULL),(63,'stieykpn',NULL,NULL),(64,'stikeshusada',NULL,NULL),(65,'sttkd',NULL,NULL),(66,'univ_pertamina',NULL,NULL);
/*!40000 ALTER TABLE `project_gforge` ENABLE KEYS */;
UNLOCK TABLES;

--
-- Table structure for table `project_hotel`
--

DROP TABLE IF EXISTS `project_hotel`;
/*!40101 SET @saved_cs_client     = @@character_set_client */;
/*!40101 SET character_set_client = utf8 */;
CREATE TABLE `project_hotel` (
  `hotelId` bigint(20) unsigned NOT NULL AUTO_INCREMENT,
  `hotelNama` varchar(200) NOT NULL,
  `hotelAlamat` varchar(255) NOT NULL,
  `hotelKodeProv` bigint(20) NOT NULL,
  `hotelPhone` varchar(255) NOT NULL,
  `hotelHarga` varchar(100) NOT NULL,
  `hotelFasilitas` text NOT NULL,
  `hotelKeterangan` text NOT NULL,
  PRIMARY KEY (`hotelId`)
) ENGINE=InnoDB AUTO_INCREMENT=122 DEFAULT CHARSET=latin1;
/*!40101 SET character_set_client = @saved_cs_client */;

--
-- Dumping data for table `project_hotel`
--

LOCK TABLES `project_hotel` WRITE;
/*!40000 ALTER TABLE `project_hotel` DISABLE KEYS */;
INSERT INTO `project_hotel` VALUES (37,'Hotel Royal Asia','Jln. Veteran no. 521 Palembang, Indonesia',160,'(+62-711) 372372 (HUNTING) 362589-362891','480000','Positif:\n* taxi ke kampus: <30rb (tarif minimal taxi 30rb)\n* shuttle bus bandara: tidak ada taxi dr bandara ke hotel: 90rb - 100rb\n* breakfast : kue, salad,  nasi goreng/nasi kuning/nasi lemak, lontong sayur, roti tawar, cereal, bubur, macam2 jus, kopi, teh, air putih, buah\n* air mineral botol: ada\n* dinner: ada kaki lima yg terjangkau dg jalan kaki, kfc di samping hotel\n* pemanas air: ada\n* kopi/teh: ada\n* sikat gigi, sabun: ada\n* handuk: ada\n* sandal: ada\n* listrik: stabil nyala terus\n* mini market: ada indomaret, alfamart yg terjangkau dg jalan kaki (Gete-Yap)\n* food delivery: terjangkau: ph\n* listrik kamar: hidup dengan sebarang kartu \n* shower air panas: ada dan relatif bisa diandalkan (24 jam), ada bath up\n* dinding kamar mandi: solid\n* tv kabel : ada\n\nNegatif:\n* colokan listrik: jauh dg kasur tapi banyak shg gak perlu gantian\n* Wifi nya setiap +- 15menit an harus login lagi\n* wifi : ada tapi per 15 menit an harus login ulang, kuat utk akses aplikasi acs\n\nBlm tau/blm ditanyakan:\n* extra bed\n* kuitansi\n** kaku: hrs sesuai nama yg menginap\n** fleksibel: bisa berikan nama2 yg ingin ditulis di kuitansi (tenaga ahli) alias boleh berbeda dg yg beneran menginap','-'),(38,'Hotel Soechi International','Jalan Cirebon No. 76A, Sumatera Utara 20212, Indonesia',120,'+62 61 4561234','496000 - 528000','The warm rooms and suites feature free Wi-Fi, flat-screen TVs, and tea and coffeemaking facilities. Suites add sitting areas, and upgraded suites include extra TVs. Room service is offered 24/7.\nA breakfast buffet and an airport shuttle are complimentary.','This elegant hotel with old-world features is a 13-minute walk from the Kereta Api Medan train station, 1.3 km from the Great Mosque of Medan and 33 km from Kualanamu International Airport.'),(39,'Hotel Cepu Indah 1','Jl. Diponegoro No. 32, Cepu, Kec. Blora Kota, Jawa Tengah 58312, Indonesia',330,'+62 296 423899','398000','-','-'),(40,'Hotel Menara Lexus [BlackList]','Jl. Sisingamangaraja, Medan, Kota Medan, Sumatera Utara 20218, Indonesia',120,'+62 61 7882777','365000','Positif:\n* air mineral botol: ada\n\nNegatif:\n* breakfast : kurang enak cuma ada mie, nasi sama teh saja. \n\nBlm tau/blm ditanyakan:\n* taxi ke kampus: <30rb (tarif minimal taxi 30rb)\n* shuttle bus bandara: tidak ada taxi dr bandara ke hotel: 90rb - 100rb\n* extra bed\n* kuitansi\n** kaku: hrs sesuai nama yg menginap\n** fleksibel: bisa berikan nama2 yg ingin ditulis di kuitansi (tenaga ahli) alias boleh berbeda dg yg beneran menginap\n* dinner: ada kaki lima yg terjangkau dg jalan kaki, kfc di samping hotel\n* pemanas air: ada\n* kopi/teh: ada\n* sikat gigi, sabun: ada\n* handuk: ada\n* sandal: ada\n* listrik: stabil nyala terus\n* mini market: ada indomaret, alfamart yg terjangkau dg jalan kaki (Gete-Yap)\n* food delivery: terjangkau: ph\n* listrik kamar: hidup dengan sebarang kartu \n* shower air panas: ada dan relatif bisa diandalkan (24 jam), ada bath up\n* dinding kamar mandi: solid\n* tv kabel : ada\n* colokan listrik: jauh dg kasur tapi banyak shg gak perlu gantian\n* Wifi nya setiap +- 15menit an harus login lagi\n* wifi : ada tapi per 15 menit an harus login ulang, kuat utk akses aplikasi acs','* tersedia bar didalam hotel ini dan isinya cuma minuman keras\n* kalau malam banyak pria hidung belang\n* tidak disarankan untuk user perempuan'),(41,'Hotel Madani','JL. Sisingamangaraja/ Amaliun No. 1, Sumatera Utara 20215, Indonesia',120,'+62 61 7358000','430000','-#Positif \n* ke kampus: taxi: 40rb - 70rb \n* wifi: ada dan bisa utk akses aplikasi acs\n* extra bed: bisa \n* breakfast: ada: nasi, roti tawar, susu sereal, buah, jus jeruk , sosis, bubur, nasi goreng\n* air mineral botol: ada \n* pemanas air: ada \n* kopi/teh: ada \n* sikat gigi: ada \n* handuk: ada \n* sandal: ada\n * listrik: kadang mati dan mengandalkan genset\n* minimarket: ada super market disebelah hotel (yuki simpang raya)\n* dinding kamar mandi: solid : \n* taxi bandara jam setengah 4 pagi bisa dijemput #bayar \n* AC : menyala dengan baik \n* lemari : masih bagus \n* Luas kamar : kamar cukup luas (superior)\n* makan malam : dapat pergi ke belakang hotel terdapat food court, atau di mall yuki simpang raya terdapat MCD dan Texas chiken\n* view : Genteng rumah warga\n* Lantai : kamar terletak pada lantai 3 sampai 6\n* sajadah : ada\n\n #Negatif: \n* colokan listrik: hanya ada 1 buah didalam ruangan dan satu lagi di kamar mandi\n* Bantal : jika tidak bersarung terlihat jamur pada bantal tersebut.\n\n#Belum tau/belum ditanyakan: \n* kuitansi: \n** kaku: harus sesuai nama yg menginap \n** fleksibel: cukup berikan nama2 yg ingin ditulis (tenaga ahli)','Secara keseluruhan hotel ini cukup bagus, namun terdapat beberapa kekurangan seperti gedung yang menggunakan arsitektur yang sudah tua..'),(43,'Golden Harvest Hotel','Jl. Kapten Pattimura No.65, Simpang Rimbo, Terminal Baru, Kota Jambi 28292, Indonesia',150,'+62 741 581758','300000 - 400000','Positif :\n* ke kampus: taxi: 35rb - 100rb\n* shuttle bus bandara: ada dan gratis\n* wifi: ada dan bisa utk akses aplikasi acs\n* extra bed: bisa\n* breakfast: ada: nasi, mie, bubur, roti tawar, susu sereal, buah, sari jeruk/jambu\n* air mineral botol: ada\n* dinner: jauh harus naksi\n* colokan listrik: deket dg meja/kasur dan gak perlu gantian\n* pemanas air:	ada\n* kopi/teh: ada\n* sikat gigi: ada\n* handuk: ada\n* sandal: ada\n* listrik: kadang mati dan mengandalkan genset\n* minimarket: ada franchise (alfamart, dll.) yg terjangkau dg jalan kaki (GeTe-Rs Yap?)\n* food delivery:	terjangkau: kfc\n* dinding kamar mandi: solid\n\nNegatif:\n* listrik kamar:	mati jk tidak pakai kartu kamar\n* shower air panas:	tidak ada/hanya sekali mandi trus habis\n\nBelum tau/belum ditanyakan:\n* kuitansi: \n** kaku: harus sesuai nama yg menginap\n** fleksibel: cukup berikan nama2 yg ingin ditulis (tenaga ahli)','* rekomendasi kamar: 104, 204\n* lampu: redup, gak nyaman utk baca\n* shower dan yang di closed: semprotannya lemah, kecuali jam 04 an (mungkin tanki masih full dan lum ada yg pakai)'),(44,'Hotel Whiz Cikini','Jalan Cikini Raya No.6, Daerah Khusus Ibukota Jakarta 10330, Indonesia',310,'+62 21 3909555','445000','-','-'),(45,'Hotel Pop!','Jl. Prof. Dr. Supomo No. 29, Tebet, Daerah Khusus Ibukota Jakarta 12810, Indonesia',310,'+62 21 83784280','428000','-','-'),(46,'Hotel Pose In','Jl. Walter Monginsidi No.125, Surakarta, Jawa Tengah 57571, Indonesia',330,'+62 271 666199','375000','-','-'),(47,'Hotel Karibia Boutique','Jl. Timor Blok J No. I-IV, Sumatera Utara 20231, Indonesia',120,'+62 61 4552933','420000','-','-'),(48,'Amaris Tebet','Jalan Prof Dr Supomo No.33, Tebet Barat, Daerah Khusus Ibukota Jakarta 12810',310,'+62 21 83784889','450000','- Wifi lumayan kenceng\n- Ada air panas di luar kamar\n- Sarapan lumayan lengkap pilihan menunya\n- Dekat Indo Maret','-'),(49,'Maxone Hotel','Jl. Soekarno Hatta No. 735 Gede Bage Bandung 40294',320,'+62 22 8783 6000','400000','-','Email: reservation.maxoneshbdg@gmail.com\nwebsite: www.maxonehotels.com'),(50,'Orinko City Hotel','Jalan Sei Batang Hari No. 2-4, Medan Baru, Sumatera Utara 20112',120,'(061) 88816555','420000','#Positif\n* ke kampus: taxi: 40rb - 70rb\n* wifi: ada dan bisa utk akses aplikasi acs untuk koneksi cukup kencang\n* extra bed: bisa\n* breakfast: ada: nasi, roti tawar, susu sereal, buah, jus jeruk\n* air mineral botol: ada\n* colokan listrik: ada dibelakang tivi dan dibawah meja samping tivi untuk 2 orang tidak perlu bergantian\n* pemanas air: ada\n* kopi/teh: ada\n* sikat gigi: ada\n* handuk: ada\n* sandal: ada\n* listrik: kadang mati dan mengandalkan genset\n* minimarket: ada minimarket depan hotel\n* dinding kamar mandi: solid : \n* taxi bandara jam setengah 4 pagi bisa dijemput #bayar\n* tv 32 inci LED..\n* AC : menyala dengan baik\n* lemari : masih bagus\n* kasur : empuk dan masih baru\n* Koridor : terdapat koridor untuk melihat pemandangan keluar kamar.\n* Luas kamar : kamar cukup luas (deluxe)\n* makan : makan malam dapat pergi ke depan hotel (nasi goreng, sate) untuk kfc, pizza hut cukup dekat dikisar 15 menit dari hotel..\n* view : jalan raya depan kamar dan juga cafe sebelah hotel.\n* Lantai : kamar terletak dilantai 2\n\n\n\n#Negatif:\n* Sarapan Pagi kurang nikmat\n* tidak disediakan sajadah\n* username password wifi setiap jam 12 malam di reset sehingga harus meminta username dan password setiap hari\n\n#Belum tau/belum ditanyakan:\n* kuitansi: \n** kaku: harus sesuai nama yg menginap\n** fleksibel: cukup berikan nama2 yg ingin ditulis (tenaga ahli)','Secara keseluruhan fasilitas hotel cukup memuaskan, desain kamar yang sudah modern membuat pengunjung merasa nyaman berada di dalam kamar, kebersihan kamar terjaga dengan baik, hanya terdapat satu kekurangan  yaitu sarapan pagi yang disediakan kurang memenuhi kepuasan pengunjung.'),(52,'V Hotel','Jl. Prof Dr. Soepomo No. 100, Daerah Khusus Ibukota Jakarta',310,'(021) 83709718','400.000 - 800.000','+ Kamar bersih\n+ Ada alat mandi (sabun, pasta, sikat, dll)\n+ Ada sandal hotel\n+ TV kabel','+ Dekat Pancoran, tinggal jalan kalau mau ke USBI\n+ Dekat swalayan (sebelahnya)\n- Wifi tidak terlalu stabil'),(53,'Favehotel LTC Glodok','Jl. Hayam Wuruk No.127, Glodok, Jakarta Barat',310,'+62 21 62318000','350000','Positif :\n* ke bandara: 100rb (70 menit di jam 4 pagi)\n* wifi: ada dan bisa utk akses aplikasi acs\n* breakfast: ada: nasi, mie, bubur, roti tawar, susu sereal, buah, sari jeruk/jambu\n* early breakfast: bisa, kotakan: nasi telor mata sapi \n* air mineral botol: ada\n* dinner: ada kaki lima yg terjangkau dg jalan kaki\n* colokan listrik: deket dg meja/kasur dan gak perlu gantian\n* pemanas air: tidak ada\n* kopi/teh: tidak ada\n* sikat gigi: ada\n* handuk: ada\n* sandal: ada (jika tidak ada, complain saja)\n* listrik: stabil nyala terus\n* minimarket: ada franchise (alfamart, dll.) yg terjangkau dg jalan kaki (GeTe-Rs Yap)\n* listrik kamar: dapat 2 kunci, listrik bisa tetep nyala walau ditinggal\n* shower air panas: ada dan relatif bisa diandalkan\n* dinding kamar mandi: solid\n* channel tv: lokal dan manca\n* meja kerja: ada\n\nNegatif:\n* shuttle bus bandara: tidak ada\n\nBelum tau/belum ditanyakan:\n* extra bed:\n* food delivery: terjangkau: kfc\n* kuitansi: \n** kaku: harus sesuai nama yg menginap\n** fleksibel: cukup berikan nama2 yg ingin ditulis (tenaga ahli)','berada di 1 gedung, hotelnya ada di lantai 8.'),(54,'Whiz Hotel','Jl. Piere Tendean No. 9 Semarang, Semarang, Indonesia, 50132',330,'(024) 3566999','300.000 - 390.000','Positif :\n* jaak hotel ke kampus sekitar 20 menit\n* wifi: ada dan bisa utk akses aplikasi acs\n* extra bed: bisa\n* breakfast: ada: nasi, mie, pecel, bubur, roti tawar, susu sereal, buah, sari jeruk/jambu\n* air mineral botol: ada\n* dinner: mudah, dekat\n* colokan listrik: deket dg meja/kasur dan gak perlu gantian\n* sandal : ada\n* handuk: ada\n* listrik : stabil (belum pernah mati selama disana)\n* minimarket : ada hippermart (di seberang hotel ada Paragon Mall, dekat dengan DP mall)\n* food delivery:	terjangkau: kfc\n* dinding kamar mandi: solid\n* shower air panas: ada\n\nNegatif:\n* heater : tidak ada\n* kopi/teh: tidak ada\n* sabun dan sampo jadi satu\n* sikat gigi: tidak ada\n* AC : kurang dingin\n\nBelum tau/belum ditanyakan:\n* kuitansi: \n** kaku: harus sesuai nama yg menginap\n** fleksibel: cukup berikan nama2 yg ingin ditulis (tenaga ahli)','view : melihat mall paragon\nKamar 204	3	1	3	 315,000 \nKamar 205	3	1	3	 315,000 \nKamar 210	1	1	1	 315,000 \nExtra bed	1	1	1	 150,000'),(55,'Amaris Pemuda','Jalan Pemuda No. 138, Jawa Tengah 50139',330,'(024) 3588558','400000 - 450000','- Wifi cukup kenceng\n- Ada air panas di luar kamar\n- Sarapan cukup lengkap pilihan menunya\n- Dekat DP mall\n- Dapet sandal','-'),(56,'Hotel Mutiara','[BlackList]',150,'-','-','[BlackList]','[BlackList]'),(57,'Kost Jakarta: Teteh Aan','Jl Saharjo gang jalan sawo 4 Rt 005 rw 010 Kel. Manggarai selatan, Kec Tebet . Jak Sel.',310,'085972879555 Anisa (teteh Aan)','60.000,- per malam','1 orang 1 kamar (terlalu sempit utk berdua)\nkamar mandi dalam + ac + springbad + lemari\nukuran 3x3.5 an.\nada meja juga\nada pantry nya ya (minta di masakain sama yang jaga kost juga bisa)\nkalo urusan logistik mudah mas.','ke perbanas, ojek 30rb\nke kantor jkt jalan kaki'),(58,'Hotel Cibiru Endah','Jl. Raya Cibiru No.615, Cileunyi, Kota Bandung, Jawa Barat 40615, Indonesia',320,'(022) 7804003/ 085624604806','225000','-','tidak bisa booking\nke uin cukup ngangkot/jalan kaki - 1 km \ndepan kaki lima banyak'),(59,'Hotel Baltika','JL. Jend. Gatot Subroto No. 38, Jawa Barat, Indonesia',320,'+62 22 7313331','-','-','-'),(60,'Hotel Kenari Asri - Kudus','Kudus Jl. Kenari No. 2, Jawa Tengah 59312, Indonesia',330,'+62 291 446200','315000','-','Kenari Asri,kamar 211\nKenari Asri,kamar 212\nKenari Asri,kamar 215\nParkir+cuci Mobil Innova= 5rb\nbbm innova: 150rb'),(61,'Hotel Green Eden','Jl. Ahmad Yani No.17, Sario, Kota Manado 12710, Sulawesi Utara, Indonesia',710,'+62 813-4180-3398','425000','-','-'),(62,'De Nearby Hotel','Jalan Wolter Monginsidi (KSB) Blok C 16/17 No. 1, Kompleks Bahu Mall, Sulawesi Utara 95115, Indonesia',710,'+62 431 833111','-','-','-'),(63,'Hotel Prince Boulevard','Jl. Piere Tendean Boulevard, Sario Tumpaan, Sario, Sulawesi Utara 95121, Indonesia',710,'+62 431 850193','-','-','-'),(64,'Travello Hotel Manado','Jl. Sudirman No. 123, Sulawesi Utara 95122, Indonesia',710,'+62 431 855999','420000','-','-'),(65,'Hotel Wisata Niaga','Jl. Merdeka No.5, Purwanegara, Purwokerto Tim., Kabupaten Banyumas, Jawa Tengah, Indonesia',330,'+62 281 642333','-','--','-'),(66,'Hotel Wiltop','Jl. Sultan Thaha No.17, Ps. Jambi, Kota Jambi, Jambi, Indonesia',150,'+62 741 7837088','-','-','-'),(67,'Hotel Amaris Cihampelas','Jl. Cihampelas No.171, Kota Bandung, Jawa Barat, Indonesia',320,'+62 22 82062688','-','-','-'),(68,'Hotel Griptha','Jl. AKBP. R. Agil Kusumadya No. 100, Jawa Tengah, Indonesia',330,'+62 291 438449','323000','negatif:\n* dari UMK hampir 30 menit','http://griptha.com/\nBiaya sewa Driver	2	1	Rp	 150,000 	Rp	300,000\nBiaya Bensin 	1	1	Rp	 200,000 	Rp	200,000\nBiaya Tol	1	1	Rp	 35,000 	Rp	 35,000'),(69,'Hotel Halogen - juanda','Jl. Raya By pass Juanda No.18, Sedati Gede, Kec. Sidoarjo, Kabupaten Sidoarjo, Jawa Timur, Indonesia',350,'+62 31 8687111','-','negatif:\nkamar mandi dinding siluet','rekomended jika cari yg deket bandara sub'),(70,'Hotel Istana - jember','Jl. Diponegoro No.43, Jawa Timur, Indonesia',350,'+62 331 482555','-','extrabed: bisa','Universitas Terbuka'),(71,'Hotel Ibis Pekanbaru','Jl. Soekarno Hatta Kav 148, Pekanbaru 28294, Indonesia',140,'+62 761 571600','419.040','-','* extra bed: bisa\n* sebut tamu unri: agar dapat rate lebih rendah\n* saran kamar: 908, 909, 910\n* bandara - hotel: 50rb\n* hotel- unri: 65-45rb\n* hotel-bandara: 65\n* hangout: Mega Sari: (dr hotel: 75rb)'),(72,'Puri 56 Hotel','Jl. Ahmad Yani No.56, Batin Tikal, Taman Sari, Kota Pangkal Pinang, Kepulauan Bangka Belitung, Indonesia',190,'+62 717 424653','400.000','-','deket masjid jamik 1km an\ndeket ramayana 1km an'),(73,'Hotel Splash','Jl. Sudirman No. 48 Bengkulu Indonesia',170,': 0736-23333','488.000','-','http://hotel-splash.com/\nalternatif nginap transit di bengkulu kektika dari/ke curup\nilustrasi dines ke curup\nSewa mobil 3 hari (tgl 14-16)		Mobil		3	 Rp350,000 	 Rp1,050,000 \nUpah driver				3	 Rp175,000 	 Rp525,000 \nUpah makan driver 3hari x 3x				9	 Rp20,000 	 Rp180,000 \nBensin		Mobil		1	 Rp200,000 	 Rp200,000 \nParkir		Mobil		1	 Rp25,000 	 Rp25,000'),(74,'Wisma Makara','Jl. Prof. Miriam Budiarjo, Daerah Khusus Ibukota Jakarta, Indonesia',310,'+62 21 78883672','375000','-','dari cgk ke pnj = 200rb: taksi minivan (non argo)\npenginapan lokasi nya dalam kampus UI (pnj memang dalam ui\nkamar luas, bangunan lama'),(75,'Grand Royal Taliwang Hotel','JL. Bung Hatta, No. 1RT 001/01, Taliwang, Nusa Tenggara Bar., Indonesia',520,'+62 372 81852','-','-','-'),(76,'Transit Hotel Lombok','Jalan Raya Senggigi, Batu Bolong, Lombok, Senggigi, Indonesia',520,'+62 370 693002','-','-','utk transit ketika di lombok dari sumbawa ke jogja'),(77,'Wisma Kampus Unijoyo','dalam kampus unijoyo',350,'-','-','sewa 1 rumah\nbiaya penginapan 2 hari =908.000+137.500+60.000+10.5000','Rental mobil SBY-Madura 3 hari			2	 350,000 	Rp.	 700,000 \nBiaya bensin (50 ribu  cash ke sopir)			1	 200,000 	Rp.	 200,000 \nPenginapan 2 hari			1	 1,210,500 	Rp.	 1,210,500 \nRetribusi TOL (suramadu, bandara,parkir)			1	 202,500 	Rp.	 202,500 \nMakan Sopir			1	 47,200 	Rp.	 47,200'),(78,'Sutanraja Hotel','Jl. Raya Manado, Watutumou II, Kalawat, Kabupaten Minahasa Utara, Sulawesi Utara, Indonesia',710,'+62 431 818888','450000','-','* not recomended\n* sekamar 3 orang: 700000\n* jauh dari mana\n* 30 menit dari unsrat\n* bandara - hotel: 90rb'),(79,'Hotel Mangkuto','Jl. Jend Sudirman, Kaning Bukik, Payakumbuh Utara, Kota Payakumbuh, Sumatera Barat, Indonesia',130,'(0752) 93358','-','-','-'),(80,'Hotel Whiz Semarang','Jalan Kapten Piere Tendean 9 Semarang, Indonesia',330,'+62 24 3566 999','-','-','-'),(81,'Hotel Amaris','Jalan Pemuda No. 138 Semarang - INDONESIA',330,'(62-24) 3588558','-','-','-'),(82,'Hotel Daima Padang','Jl. Jend. Sudirman No. 17, Sumatera Barat',130,'(0751) 892700','-','-','-'),(83,'-','-',310,'-','-','-','-'),(84,'-','-',170,'-','-','-','-'),(86,'-','-',350,'-','-','-','-'),(87,'-','-',340,'-','-','-','-'),(88,'-','-',310,'-','-','-','-'),(89,'-','-',310,'-','-','-','-'),(90,'-','-',340,'-','-','-','-'),(91,'-','-',340,'-','-','-','-'),(92,'-','-',130,'-','-','-','-'),(93,'-','-',340,'-','-','-','-'),(94,'-','-',340,'-','-','-','-'),(95,'-','-',340,'-','-','-','-'),(96,'-','-',310,'-','-','-','-'),(97,'-','-',310,'-','-','-','-'),(98,'-','-',340,'-','-','-','-'),(99,'-','-',110,'-','-','-','-'),(100,'-','-',340,'-','-','-','-'),(101,'-','-',340,'-','-','-','-'),(102,'-','-',340,'-','-','-','-'),(103,'-','-',130,'-','-','-','-'),(104,'-','-',340,'-','-','-','-'),(105,'-','-',330,'-','-','-','-'),(106,'-','-',340,'-','-','-','-'),(107,'-','-',610,'-','-','-','-'),(108,'-','-',330,'-','-','-','-'),(109,'-','-',340,'-','-','-','-'),(110,'-','-',710,'-','-','-','-'),(111,'-','-',310,'-','-','-','-'),(112,'-','-',340,'-','-','-','-'),(113,'-','-',340,'-','-','-','-'),(114,'-','-',340,'-','-','-','-'),(115,'-','-',340,'-','-','-','-'),(116,'-','-',510,'-','-','-','-'),(117,'-','-',340,'-','-','-','-'),(118,'-','-',310,'-','-','-','-'),(119,'-','-',340,'-','-','-','-'),(120,'-','-',340,'-','-','-','-'),(121,'-','-',310,'-','-','-','-');
/*!40000 ALTER TABLE `project_hotel` ENABLE KEYS */;
UNLOCK TABLES;

--
-- Table structure for table `project_hotel_client`
--

DROP TABLE IF EXISTS `project_hotel_client`;
/*!40101 SET @saved_cs_client     = @@character_set_client */;
/*!40101 SET character_set_client = utf8 */;
CREATE TABLE `project_hotel_client` (
  `hotelClientHotelId` bigint(20) NOT NULL COMMENT 'Ref to project_hotel.hotelId',
  `hotelClientClientId` bigint(20) NOT NULL COMMENT 'ref to project_contact.contactId'
) ENGINE=InnoDB DEFAULT CHARSET=latin1;
/*!40101 SET character_set_client = @saved_cs_client */;

--
-- Dumping data for table `project_hotel_client`
--

LOCK TABLES `project_hotel_client` WRITE;
/*!40000 ALTER TABLE `project_hotel_client` DISABLE KEYS */;
INSERT INTO `project_hotel_client` VALUES (39,4),(42,5),(44,20),(45,33),(46,14),(38,15),(38,43),(48,33),(43,5),(49,57),(51,43),(50,15),(41,15),(41,43),(40,15),(40,43),(47,15),(47,43),(37,56),(53,74),(55,19),(56,5),(57,33),(57,35),(57,78),(52,30),(52,48),(59,57),(61,34),(62,34),(63,34),(64,39),(66,13),(67,80),(71,37),(60,79),(72,81),(73,18),(74,52),(58,57),(68,79),(75,82),(76,82),(54,19),(77,29),(78,34),(80,62),(81,62),(82,17),(83,83),(84,47),(86,50),(87,65),(88,76),(89,26),(90,22),(91,23),(92,46),(93,21),(94,25),(95,24),(96,75),(97,77),(98,54),(99,53),(100,69),(101,68),(102,55),(103,63),(104,10),(105,49),(106,44),(107,38),(108,85),(109,12),(110,42),(111,67),(112,71),(113,66),(114,2),(115,72),(116,84),(117,41),(118,59),(119,11),(120,73),(121,86);
/*!40000 ALTER TABLE `project_hotel_client` ENABLE KEYS */;
UNLOCK TABLES;

--
-- Table structure for table `project_personal`
--

DROP TABLE IF EXISTS `project_personal`;
/*!40101 SET @saved_cs_client     = @@character_set_client */;
/*!40101 SET character_set_client = utf8 */;
CREATE TABLE `project_personal` (
  `personalId` bigint(20) unsigned NOT NULL AUTO_INCREMENT,
  `personalName` varchar(20) NOT NULL,
  `personalUpdateTimestamp` timestamp NULL DEFAULT NULL,
  `personalUpdateUserId` bigint(20) DEFAULT NULL,
  PRIMARY KEY (`personalId`)
) ENGINE=InnoDB AUTO_INCREMENT=8 DEFAULT CHARSET=latin1;
/*!40101 SET character_set_client = @saved_cs_client */;

--
-- Dumping data for table `project_personal`
--

LOCK TABLES `project_personal` WRITE;
/*!40000 ALTER TABLE `project_personal` DISABLE KEYS */;
INSERT INTO `project_personal` VALUES (1,'Aninda Nugraheni',NULL,NULL),(2,'Arif Rahayu',NULL,NULL),(3,'Yenni Eka Susanti',NULL,NULL),(4,'Endah',NULL,NULL),(5,'Praja',NULL,NULL),(6,'Fenti Tri Lestari',NULL,NULL),(7,'Eka Aprilia Mardiani',NULL,NULL);
/*!40000 ALTER TABLE `project_personal` ENABLE KEYS */;
UNLOCK TABLES;

--
-- Table structure for table `project_project`
--

DROP TABLE IF EXISTS `project_project`;
/*!40101 SET @saved_cs_client     = @@character_set_client */;
/*!40101 SET character_set_client = utf8 */;
CREATE TABLE `project_project` (
  `projectId` bigint(20) unsigned NOT NULL AUTO_INCREMENT,
  `projectClientPtId` bigint(20) unsigned NOT NULL COMMENT 'Perguruan Tinggi',
  `projectClientDokproId` bigint(20) unsigned NOT NULL COMMENT 'Dokumentasi Proyek',
  `projectClientDokconId` bigint(20) unsigned NOT NULL COMMENT 'Dokumen Kontrak',
  `projectNick` varchar(100) NOT NULL,
  `projectName` varchar(200) NOT NULL,
  `projectDes` text NOT NULL,
  `projectDateConStart` datetime NOT NULL,
  `projectDateConEnd` datetime NOT NULL,
  `projectDateMtcEnd` datetime NOT NULL,
  `projectModel` bigint(20) unsigned NOT NULL,
  `projectOrder` text NOT NULL,
  `projectAmId` bigint(20) unsigned NOT NULL,
  `projectDateBast` datetime NOT NULL,
  `projectDateToleStart` datetime NOT NULL,
  `projectDateToleEnd` datetime NOT NULL,
  `projectToleUse` int(1) NOT NULL DEFAULT '2' COMMENT '1=pakai, 2=Tidak Pakai',
  `projectNote` varchar(200) DEFAULT NULL,
  `projectUpdateTimestamp` timestamp NULL DEFAULT NULL,
  `projectUpdateUserId` bigint(20) DEFAULT NULL,
  PRIMARY KEY (`projectId`),
  KEY `account` (`projectClientPtId`),
  KEY `am_user` (`projectAmId`),
  KEY `model` (`projectModel`),
  KEY `account_dokpro` (`projectClientDokproId`),
  KEY `account_dokcon` (`projectClientDokconId`)
) ENGINE=InnoDB AUTO_INCREMENT=47 DEFAULT CHARSET=latin1;
/*!40101 SET character_set_client = @saved_cs_client */;

--
-- Dumping data for table `project_project`
--

LOCK TABLES `project_project` WRITE;
/*!40000 ALTER TABLE `project_project` DISABLE KEYS */;
INSERT INTO `project_project` VALUES (1,5,1,1,'2015_IAINJAMBI_SIAKA','Pekerjaan Sistem Informasi Akademik','gtAkademik','2015-09-10 00:00:00','2015-10-26 00:00:00','2015-09-10 00:00:00',1,'http://eburo.gamatechno.net/job-order/view/604',2,'1970-01-01 00:00:00','1970-01-01 00:00:00','1970-01-01 00:00:00',0,'','2015-09-10 04:26:36',42),(2,11,12,12,'2014_STTPLN_gtSDM','Pengembangan Sistem Informasi Kepegawaian di Sekolah Tinggi Teknik PLN Jakarta','gtSDM\n - System and Network Setup :\n a. Instalasi dan Konfigurasi aplikasi dan server system environment\n b. Remote Technical Support on Server 1 tahun\n c. Data gathering, Gap analisis dan instalasi aplikasi\n d. Workshop Tahap I ,dan II : Konfirmasi Hasil Penyesuaian dan Pelatihan Akhir\n e. Pemeliharaan aplikasi dan bug fixing selama setahun (bersifat remote)','2014-07-07 00:00:00','2014-10-11 00:00:00','2015-10-11 00:00:00',1,'http://eburo.gamatechno.net/job-order/view/373',0,'2014-11-12 00:00:00','1970-01-01 00:00:00','1970-01-01 00:00:00',2,'','2015-09-10 08:17:06',0),(3,13,1,1,'2014_UNJA_TA','Pengadaan Jasa Konsultan Individual Guna Pembangunan Sistem Informasi Manajemen dan Perpustakaan Digital Program Studi Pendidikan Dokter Universitas Jambi','Aplikasi:\n 1. gtAkademik KBK\n 2. gtPLO (Papperless Office)\n 3. gtSDM (SI Kepegawaian)\n 4. gtPustaka\n Deployment:\n 1. Instalasi dan konfigurasi aplikasi dan  server system environment (2 server)\n 2. Remote Technical Support on 1 Server (per tahun)\n Jasa Pelatihan:\n 1. gtAkademik (SI  Akademik) ~ max. 10 peserta | 3 hari\n 2. gtSDM (SI SDM) ~ max. 10 peserta | 2 hari\n 3. gtPLO (Papperless Office) ~ max. 6 peserta | 1 hari\n 4. gtPustaka (SI Perpustakaan) ~ max. 6 peserta | 1 hari','2014-06-16 00:00:00','2014-10-13 00:00:00','2015-01-13 00:00:00',2,'http://eburo.gamatechno.net/job-order/view/348',4,'2015-09-10 00:00:00','2015-09-10 00:00:00','2015-09-10 00:00:00',2,'Dokumen kontraknya per orang tenaga ahli, tapi pencatatan proyek di keuangan dijadikan 1.',NULL,NULL),(4,14,1,1,'2015_gtRiset_Poltekk','Pengadaan Sistem Informasi Riset Politeknik Kesehatan Surakarta Tahun Anggaran 2015','gtRiset','2015-09-01 00:00:00','2015-11-23 00:00:00','2015-09-10 00:00:00',1,'http://eburo.gamatechno.net/job-order/view/611',2,'1970-01-01 00:00:00','2015-09-10 00:00:00','2015-09-10 00:00:00',2,'',NULL,NULL),(5,15,1,1,'2015_UINSU_DATACENTE','Pengembangan Sistem Aplikasi Data Center','- gtAdmisi,\n- gtRegistrasi (SIM Registrasi/Heregistrasi Mahasiswa  Back Office),\n- gtFinansi Pembayaran Mahasiswa,\n- gtAkademik (SIM Akademik  Back Office, Portal Dosen, Portal Mahasiswa),\n- gtBeasiswa,\n- gtFinansi (SIM Anggaran, Keuangan dan Akuntansi  Back Office),\n- gtSDM (SIM Kepegawaian  Back Office dan Portal Pegawai),\n- gtAset (SIM Aset  Back Office),\n- gtPustaka (SIM Perpustakaan Back Office, Portal OPAC, dan Portal Anggota),\n- gtRiset (SIM Penelitian dan Pengabdian Masyarakat  Back Office dan Portal),\n- gtPlagiarism Test,\n- gtAlumniKarir (SIM Alumni dan Karir  Back Office dan Portal),\n- gtDSS (SIM Penunjang Pengambilan Keputusan Eksekutif  Back Office dan Portal),\n- gtWebsite (Portal Website Perguruan Tinggi)','2015-09-01 00:00:00','2015-11-30 00:00:00','2015-11-30 00:00:00',2,'http://eburo.gamatechno.net/job-order/view/606',2,'2015-09-10 00:00:00','2015-09-10 00:00:00','2015-09-10 00:00:00',2,'',NULL,NULL),(6,2,1,1,'2015_STSI_CR SPS','Change Request Student Payment System untuk Sampoerna University dan Sampoerna Academy','Dibagi menjadi 2 tahap development,\nTahap 1 di deliver Februari 2016\n1. Record data from LOO\n2. Create Term of Payment (ToP) based on LOO\n3. Generate invoice based on ToP\n4. Virtual Account Capability for Active Student Payment\n5. Remind Collection\n6. Late Payment\n7. Validate Payment\n8. Record Financial journal in FAIS+\n9. Refund Record\n10. Generate Report Integration Services\n\nTahap 2 di delivery April 2016 :\n1. Integration Services with ARIS (SU) and SMS (SA/SABS) for the admission data\n2. Integration service with ACADIS that impacted to class registration\n3. Integration services with SMS that impacted to class registration','2015-10-15 00:00:00','2016-04-15 00:00:00','2016-04-15 00:00:00',2,'http://eburo.gamatechno.net/job-order/view/647',6,'2016-04-15 00:00:00','2015-11-03 00:00:00','2015-11-03 00:00:00',0,'','2015-11-03 05:06:07',42),(7,2,1,1,'2015_STIP_Upgrade gtDiklat','Upgrade gtDiklat','1. Fleksibilitas penginputan periode jadwal di gtDiklat yaitu\nkebutuhan tentang informasi jadwal mengajar dosen di\ngtAkademik yang muncul di bagian diklat dan juga sebaliknya.\nTerkait tentang assign mengajar dosen di kedua bagian agar tidak saling bentrok\n2. Kebutuhan \"warning\" untuk bentrok dosen ketika plotting jadwal di gtDiklat\n3. Kebutuhan untuk entrian no Seaferer Code di bagian pendaftaran calon peserta diklat, bagi yang sudah memiliki Seaferer Code\n4. Pada tampilan presensi peserta diklat di kelas, ditambahkan satu kolom lagi untuk informasi Seaferer Code\n5. Minor Request Accomodation (3 mandays)','2015-10-17 00:00:00','2015-11-10 00:00:00','2015-11-10 00:00:00',1,'http://eburo.gamatechno.net/job-order/view/648',6,'2015-11-03 00:00:00','2015-11-03 00:00:00','2015-11-03 00:00:00',0,'',NULL,NULL),(8,32,1,1,'2015_UMG_SIA','Pengembangan Sistem Informasi Akademik di UMG College','Aplikasi:\n- gtRegistrasi,\n- gtFinansi Pembayaran Mahasiswa,\n- gtAkademik,\n- gtSDM,\n- gtFinansi Anggaran dan Keuangan,\n- SMS University,\nImplementasi:\n- instalasi & konfigurasi aplikasi server & system environment,\n- remote technical support (6 bulan),\nPelatihan:\n- gtRegistrasi,\n- gtFinansi Pembayaran Mahasiswa,\n- gtAkademik,\n- gtSDM,\n- gtFinansi Anggaran dan Keuangan,\n- SMS University,','2015-11-09 00:00:00','2016-03-31 00:00:00','2016-03-31 00:00:00',2,'http://eburo.gamatechno.net/job-order/view/650',2,'2015-11-03 00:00:00','2015-11-03 00:00:00','2015-11-03 00:00:00',0,'',NULL,NULL),(9,36,1,1,'2015_UGM_Perpustakaan','Pengembangan Sistem Informasi Perpustakaan','Pengembangan sistem informasi Pustaka UGM','2015-10-14 00:00:00','2016-03-14 00:00:00','2015-11-09 00:00:00',1,'http://eburo.gamatechno.net/job-order/view/660',1,'2015-11-09 00:00:00','2015-11-09 00:00:00','2015-11-09 00:00:00',0,'',NULL,NULL),(10,7,1,1,'2015_UNLAM_CR&MIGRASI','Pengembangan Sistem Aplikasi Data Center','gtAdmisi, gtAKademik, gtFinansiPembayaran, gtRegistrasi, migrasi','2015-09-07 00:00:00','2015-11-27 00:00:00','2015-11-09 00:00:00',1,'http://eburo.gamatechno.net/job-order/view/616',2,'2015-11-09 00:00:00','2015-11-09 00:00:00','2015-11-09 00:00:00',0,'',NULL,NULL),(11,37,1,1,'2015_UNRI_UpGtRiset','Upgrade gtRiset Universitas Riau','gtRiset, upgrade','2015-09-10 00:00:00','2015-10-26 00:00:00','2015-10-26 00:00:00',1,'http://eburo.gamatechno.net/job-order/view/619',1,'2015-11-09 00:00:00','2015-11-09 00:00:00','2015-11-09 00:00:00',0,'',NULL,NULL),(12,36,1,1,'2015_UGM_SIMGERU','Pengembangan dan Implementasi SIMGERU','sistem informasi gedung dan ruang','2015-09-14 00:00:00','2016-07-14 00:00:00','2016-07-14 00:00:00',1,'http://eburo.gamatechno.net/job-order/view/621',1,'2015-11-09 00:00:00','2015-11-09 00:00:00','2015-11-09 00:00:00',0,'',NULL,NULL),(13,36,1,1,'2015_UGM_GMC','Pengembangan Bridging RS UGM-GMC','gmc, Integrasi','2015-09-14 00:00:00','2016-03-14 00:00:00','2016-03-14 00:00:00',1,'http://eburo.gamatechno.net/job-order/view/622',1,'2015-11-09 00:00:00','2015-11-09 00:00:00','2015-11-09 00:00:00',0,'',NULL,NULL),(14,36,1,1,'2015_UGM_mPalawa','Pengembangan dan Implementasi Mobile Apps Portal Mahasiswa','mCampus','2015-09-14 00:00:00','2016-03-14 00:00:00','2016-03-14 00:00:00',1,'http://eburo.gamatechno.net/job-order/view/623',1,'2015-11-11 00:00:00','2015-11-11 00:00:00','2015-11-11 00:00:00',0,'',NULL,NULL),(15,36,1,1,'2015_UGM_SIMASET','Pengembangan dan Integrasi SIMASTER SIMASET','gtAset','2015-09-14 00:00:00','2016-07-14 00:00:00','2016-07-14 00:00:00',1,'http://eburo.gamatechno.net/job-order/view/624',1,'2015-11-11 00:00:00','2015-11-11 00:00:00','2015-11-11 00:00:00',0,'',NULL,NULL),(16,36,1,1,'2015_UGM_AIMOS','Pengembangan AIMOS','gtPlagiarism','2015-09-14 00:00:00','2016-03-14 00:00:00','2016-03-14 00:00:00',1,'http://eburo.gamatechno.net/job-order/view/625',1,'2015-11-11 00:00:00','2015-11-11 00:00:00','2015-11-11 00:00:00',0,'',NULL,NULL),(17,36,1,1,'2015_UGM_SIMABEKA','Pengembangan Pemantauan Kinerja Berbasis Serapan Anggaran dan Capaian Kegiatan','SIMABEKA','2015-09-14 00:00:00','2016-07-14 00:00:00','2016-07-14 00:00:00',1,'http://eburo.gamatechno.net/job-order/view/626',1,'2015-11-11 00:00:00','2015-11-11 00:00:00','2015-11-11 00:00:00',0,'',NULL,NULL),(18,20,1,1,'2015_BPSDMP_gtBI','Sistem Eksekutif Business Intelligence dan Migrasi Student Database','gtBI','2015-08-21 00:00:00','2015-09-17 00:00:00','2015-09-17 00:00:00',1,'http://eburo.gamatechno.net/job-order/view/627',6,'2015-11-11 00:00:00','2015-11-11 00:00:00','2015-11-11 00:00:00',0,'',NULL,NULL),(19,38,1,1,'2015_POLNEP_Maintenance','Maintenance Aplikasi dan Server','maintenance aplikasi dan server','2015-09-15 00:00:00','2016-09-15 00:00:00','2016-09-15 00:00:00',1,'http://eburo.gamatechno.net/job-order/view/628',1,'2015-11-11 00:00:00','2015-11-11 00:00:00','2015-11-11 00:00:00',0,'','2015-11-11 06:57:32',42),(20,30,1,1,'2015_STSI_Onsite FAIS+','Onsite Support Proyek FAIS +','Onsite FAIS+','2015-09-01 00:00:00','2015-09-15 00:00:00','2015-09-15 00:00:00',1,'http://eburo.gamatechno.net/job-order/view/630',6,'2015-11-11 00:00:00','2015-11-11 00:00:00','2015-11-11 00:00:00',0,'',NULL,NULL),(21,39,1,1,'2015_CVtechnoporia_H2H BRI POLIMDO','Pengembangan Integrasi H2H BRI Polindo','H2H','2015-09-14 00:00:00','2015-10-04 00:00:00','2015-10-04 00:00:00',1,'http://eburo.gamatechno.net/job-order/view/632',1,'2015-11-11 00:00:00','2015-11-11 00:00:00','2015-11-11 00:00:00',0,'',NULL,NULL),(22,30,1,1,'2015_STSI_maintenance2','Sampoerna University Application Maintenance Tahap 2 (Juli-Desember 2015)','- Maintenance Gais+ \n- Maintenance Project Costing \n- Maintenance SPS','2015-07-01 00:00:00','2015-12-31 00:00:00','2015-12-31 00:00:00',1,'http://eburo.gamatechno.net/job-order/view/633',6,'2015-11-11 00:00:00','2015-11-11 00:00:00','2015-11-11 00:00:00',0,'',NULL,NULL),(23,40,1,1,'2015_STIKESMUKLA_eCampuz','eCampuz','eCampuz: gtAdmisi, gtRegistrasi, gtAkademik, gtPembayran','2015-09-22 00:00:00','2016-09-22 00:00:00','2016-09-22 00:00:00',3,'http://eburo.gamatechno.net/job-order/view/617',1,'2015-11-11 00:00:00','2015-11-11 00:00:00','2015-11-11 00:00:00',0,'',NULL,NULL),(24,41,1,1,'2015_APMD_UpAMS,SDM,,SSO,H2H','Upgrade AMS, Upgrade gtSDM, SSO untuk portal dosen dan SDM serta H2H untuk Sekolah Tinggi Pembangunan Masyarakat Desa \"APMD\" Tahun 2015','Upgrade gtAkademik,Upgrade gtSDM,SSO Portal Dosen dan SDM untuk Dosen, Support implementasi dan pendampingan spp online H2H dengan Bank BRI, Maintenance bug','2015-10-12 00:00:00','2015-11-12 00:00:00','2015-11-12 00:00:00',1,'http://eburo.gamatechno.net/job-order/view/641',1,'2015-11-11 00:00:00','2015-11-11 00:00:00','2015-11-11 00:00:00',0,'',NULL,NULL),(25,41,1,1,'2015_APMD_PelatihanGTFeeder','Pelatihan gtFeeder Untuk Sekolah Tinggi Pembangunan Masyarakat Desa \"APMD\"','Pelatihan gtFeeder selama 1 hari','2015-10-15 00:00:00','2015-11-19 00:00:00','2015-11-19 00:00:00',0,'http://eburo.gamatechno.net/job-order/view/642',1,'2015-11-12 00:00:00','2015-11-12 00:00:00','2015-11-12 00:00:00',0,'',NULL,NULL),(26,27,1,1,'2015_PU_Maintenance','Maintenance Aplikasi dan Server Universitas Potensi Utama Medan','Maintenance Aplikasi dan Server','2015-10-01 00:00:00','2016-09-30 00:00:00','2016-09-30 00:00:00',1,'http://eburo.gamatechno.net/job-order/view/644',2,'2015-11-12 00:00:00','2015-11-12 00:00:00','2015-11-12 00:00:00',0,'',NULL,NULL),(27,20,1,1,'2015_BPSDMP_Interface Database Student','Aplikasi Interface Database Student','- Back office dan Portal Eksekutif\n- Dashboard Database Student\n- Dashboard Taruna\n- Dashboard Dosen\n- Dashboard Program Studi\n- Dashboard Sekolah\n- Penyesuaian Theme Aplikasi','2015-08-13 00:00:00','2015-11-10 00:00:00','2016-02-10 00:00:00',1,'http://eburo.gamatechno.net/job-order/view/661',6,'2015-11-18 00:00:00','2015-11-18 00:00:00','2015-11-18 00:00:00',0,'',NULL,NULL),(28,10,1,1,'2015_POLATK_CRUPGTAKADEMIK','Change Request Upgrade gtAkademik Politeknik ATK Tahun 2015','-Ditambah BO di portal akademik, setting\n-Status mahasiswa yang belum mengisi KRS melewati masa revisi KRS berubah menjadi \"Tidak Aktif\", Sebelum KRS disetujui, KRS tidak dapat dicetak\n-Diharapkan otomasi perubahan nilai T menjadi E, dan diberi setting tanggal eksekusi otomasi perubahan nilai tersebut per semester.\n-Pejabat pengesah yang ditampilkan pada cetak KRS di portal akademik disamakan dengan pejabat pengesah pada cetak KRS di BO.\n-Edit data oleh mahasiswa termasuk upload foto yg nanti akan divalidasi dari back office melalui portal akademik.\n-Foto mahasiswa ditampilkan pada saat cetak KRS dan di persetujuan KRS oleh dosen.','2015-11-18 00:00:00','2015-12-10 00:00:00','2015-12-10 00:00:00',1,'http://eburo.gamatechno.net/job-order/view/664',1,'2015-11-18 00:00:00','2015-11-18 00:00:00','2015-11-18 00:00:00',0,'',NULL,NULL),(29,43,42,42,'2015_ITM_SistemDanServer','Sistem Informasi Website, Siakad (gtAkademik), gtFinansi pembayaran Mahasiswa, jurnal (gtRiset), Pustaka (gtpustaka), QA (gtBi) , inventory (Aset) Untuk Institut Teknologi Medan','1.	Server sebanyak 2: x3500 M5, Xeon 6C E5-2620v3 85W 2.4GHz/1866MHz/15MB, 1x16GB, SR M1215, DVD-ROM, 550W p/s, Tower\n2.	Lenovo 1TB 7.2K 6Gbps NL SAS 2.5\'in G3HS HDD sebanyak 8 buah\n3.	License VmWare untuk 1 server\n4.	Pelatihan Instalasi Server:\n-	BM System-X: Raid & Log report  Hardware\n-	Server Instalasi VmWare: vsphere & vmotion Hardware\n-	Instalasi System Operasi: Wins-2008 r2,Ubuntu & SQL-Server System Operasi\n-	Konfigurasi Jaringan Kerja: IP-Publik & Lokal, Ruting\n-	Instalasi Name System, DNS, Dynamic & Static\n5. Aplikasi: Web ITM, Siakad, Keuangan, Pembayaran Mahasiswa, Jurnal (riset), Pustaka, QA (gtBi), Inventory(Aset)','2015-11-18 00:00:00','2015-12-18 00:00:00','2015-12-18 00:00:00',1,'http://eburo.gamatechno.net/job-order/view/668',1,'2015-11-19 00:00:00','2015-11-19 00:00:00','2015-11-19 00:00:00',0,'',NULL,NULL),(30,45,1,1,'2015_UBK_Onsite','Onsite Network Engineer di Universitas Bung Karno','Mengatasi problem network yang ada di Universitas Bung Karno terkait IP Public dan aplikasi-aplikasi yang pernah di deliver Gamatechno','2015-11-24 00:00:00','2015-11-25 00:00:00','2015-11-25 00:00:00',1,'http://eburo.gamatechno.net/job-order/view/667',5,'2015-11-27 00:00:00','2015-11-23 00:00:00','2015-11-23 00:00:00',0,'',NULL,NULL),(31,44,1,1,'2015_PoltekkesJogja_SMS','Pembelian 10.000 Kuota SMS Pemkab Poltekkes Jogja November 2015','>Pembelian 10.000 Kuota SMS\n>Untuk akun masking name \"POLTEKKESYK\"','2015-11-17 00:00:00','2015-11-18 00:00:00','2015-11-18 00:00:00',1,'http://eburo.gamatechno.net/job-order/view/665',6,'2015-11-23 00:00:00','2015-11-23 00:00:00','2015-11-23 00:00:00',0,'',NULL,NULL),(32,55,1,1,'2015_MUHAMMADIYAHBOARDINGSCHOOL_SMS','Pembelian 10.000 Kuota SMS Muhammadiyah Boarding School November 2015','>Pembelian 10.000 Kuota SMS\n>Untuk akun masking name \"MBSJOGJA\"','2015-11-24 00:00:00','2015-11-27 00:00:00','2015-11-27 00:00:00',1,'eburo.gamatechno.net/job-order/view/672',5,'2015-11-30 00:00:00','2015-11-30 00:00:00','2015-11-30 00:00:00',0,'',NULL,NULL),(33,59,1,1,'2015_PPM Manajemen','Implementasi Sistem Informasi Admisi, Registrasi & Akademik','1.Sistem Informasi Admisi (Pendaftaran Ujian Masuk)\n2.Sistem Informasi Registrasi (Manajemen Registrasi & Herregistrasi Mahasiswa)\n3.Sistem Informasi Akademik (Sistem Informasi data akademik & Administrasi)','2016-01-12 00:00:00','2016-04-19 00:00:00','2016-07-19 00:00:00',1,'http://eburo.gamatechno.net/job-order/view/685',7,'2016-07-19 00:00:00','2016-01-22 00:00:00','2016-01-22 00:00:00',0,'termin1- sebelum Requirement Gathering (Rp.150.000.000,-)\ntermin 2 - Setelah UAT (Rp. 81.501.813,-)\ntermin 3 - Setelah BAST (Rp. 81.501.813,-)\nretensi - (Rp. 16.473.875,-) setelah masa garansi 3 bulan','2016-01-22 02:06:32',42),(34,16,1,1,'2016_UST_gtAset,Upgrade gtSDM, Upgrade gtAset','Pengadaan Sistem Informasi gtRiset dan Upgrade gtSDM dan Upgrade gtAset Untuk Universitas Sarjanawiyata Tamansiswa','1. Pengadaan gtRiset\n2. Upgrade gtAset\n3. Upgrade gtSDM','2016-01-06 00:00:00','2016-04-06 00:00:00','2016-07-06 00:00:00',1,'http://eburo.gamatechno.net/job-order/view/688',1,'2016-07-06 00:00:00','2016-01-22 00:00:00','2016-01-22 00:00:00',0,'-          Sudah termasuk pemeliharaan aplikasi dan bug fixing selama 3 bulan\n-          Tidak termasuk pelatihan','2016-01-22 02:06:46',42),(35,60,1,1,'2016_UNIPA_Upgrade gtAdmisi','Upgrade gtAdmisi Universitas Negeri Papua Tahun 2016','Upgrade gtAdmisi versi terbaru','2016-01-08 00:00:00','2016-04-08 00:00:00','2016-07-08 00:00:00',1,'http://eburo.gamatechno.net/job-order/view/689',1,'2016-07-08 00:00:00','2016-01-22 00:00:00','2016-01-22 00:00:00',0,'-          Sudah termasuk pemeliharaan aplikasi dan bug fixing selama 3 bulan\n-          Tidak termasuk biaya pelatihan\n-          Tidak termasuk biaya transportasi dan akomodasi','2016-01-22 02:09:58',42),(36,14,1,1,'2016_POLTEKKESSURAKARTA_MAINTENANCE','Maintenance Aplikasi dan Server untuk Politeknik Kesehatan Surakarta Tahun 2016','Maintenance Aplikasi dan Server Jaringan\n- Server Maintenance/Tweak\n- Pendampingan Implementasi SIREG, Pembayaran Mahasiswa dan Administrasi Akademik,Perpustakaan, \n   Kepegawaian \n- Application Bug Fixing','2016-02-01 00:00:00','2016-12-30 00:00:00','2016-12-30 00:00:00',2,'http://eburo.gamatechno.net/job-order/view/692',2,'2016-02-09 00:00:00','2016-02-09 00:00:00','2016-02-09 00:00:00',0,'',NULL,NULL),(37,60,1,1,'2016_UNIPA_Sewa Server Cyber PM','Sewa Server Cyber untuk Pembayaran Mahasiswa UNIPA Tahun 2016','Sewa Server di Cyber selama 12 bulan','2016-01-25 00:00:00','2017-01-25 00:00:00','2017-01-25 00:00:00',1,'http://eburo.gamatechno.net/job-order/view/693',1,'2016-02-09 00:00:00','2016-02-09 00:00:00','2016-02-09 00:00:00',0,'',NULL,NULL),(38,60,1,1,'2016_UNIPA_Maintenance Aplikasi dan Server Jaringan','Maintenance Aplikasi dan Server UNIPA Tahun 2016','- Server Maintenance/ Tweak\n-Pendampingan implementasi SIREG, Pembayaran Mahasiswa dan administrasi akademik by remote\n-Application Bug Fixing','2016-01-25 00:00:00','2017-01-25 00:00:00','2017-01-25 00:00:00',1,'http://eburo.gamatechno.net/job-order/view/694',1,'2016-02-09 00:00:00','2016-02-09 00:00:00','2016-02-09 00:00:00',0,'',NULL,NULL),(39,70,1,1,'2016_UMMU_Hosting Domain website','Perpanjangan Hosting dan Domain untuk Website Ummu.ac.id','Perpanjangan Hosting dan Domain untuk Website Ummu.ac.id selama 12 bulan','2016-02-15 00:00:00','2017-02-15 00:00:00','2017-02-15 00:00:00',1,'http://eburo.gamatechno.net/job-order/view/697',1,'2016-02-09 00:00:00','2016-02-09 00:00:00','2016-02-09 00:00:00',0,'',NULL,NULL),(40,70,1,1,'2016_UMMU_Pembelian quota 10.000 sms','Pembelian quota 10.000 sms Universitas Muhammadiyah Maluku Utara Tahun 2016','Penambahan quota 10.000 sms','2016-02-03 00:00:00','2016-03-03 00:00:00','2016-03-03 00:00:00',1,'http://eburo.gamatechno.net/job-order/view/698',1,'2016-02-09 00:00:00','2016-02-09 00:00:00','2016-02-09 00:00:00',0,'',NULL,NULL),(41,30,1,1,'2016_CR Acadis_STSI','Change Request Acadis','-','2016-01-25 00:00:00','2016-02-29 00:00:00','2016-02-29 00:00:00',1,'http://eburo.gamatechno.net/job-order/view/700',7,'2016-02-15 00:00:00','2016-02-15 00:00:00','2016-02-15 00:00:00',0,'',NULL,NULL),(42,54,1,1,'2016_ISIYOGYA_Maintenance Aplikasi server dan kustomisasi','Pemeliharaan Sistem Informasi Manajemen ISI Yogyakarta berupa Maintenance dan kustomisasi Aplikasi Tahun 2016','Maintenance Server dan Jaringan :\n- Server Maintenance/Tweak- Remote Maintenance\n- Instalasi dan konfigurasi ulang Server Devel\n- Optimisasi Sistem Server- Optimisasi Web Server\n- Keamanan Server\n- Analisa Log\n- Troubleshooting Server\n- Monitoring Resource Server\nSelama 10 bulan\n\nPendampingan Onsite:\n-Pelaksanaan PMB Online (2 hari, 1 orang)\n-Pelaksanaan PMB Online untuk Pascasarjana (2 hari, 1 orang)\n\nKustomisasi Aplikasi:\n1. gtAdmisi (7 mandays)\n2. gtRegistrasi (7 mandays)\n3. gtAkademik (7 mandays)\n4. gtFinansiPembayaran (5 mandays)\n5. Portal Akademik (5 mandays)','2016-03-01 00:00:00','2016-12-31 00:00:00','2016-12-31 00:00:00',2,'http://eburo.gamatechno.net/job-order/view/703',1,'2016-02-15 00:00:00','2016-02-15 00:00:00','2016-02-15 00:00:00',0,'',NULL,NULL),(43,74,1,1,'2016_UP_GCS','Penawaran Harga Implementasi Sistem Informasi Terintegrasi Universitas Pertamina','[Info Menyusul]','2016-03-17 00:00:00','2017-03-17 00:00:00','2017-03-17 00:00:00',2,'http://eburo.gamatechno.net/job-order/view/705',7,'2016-02-24 00:00:00','2016-02-24 00:00:00','2016-02-24 00:00:00',0,'',NULL,NULL),(44,44,1,1,'2016_PoltekkesJogja_SMS','Layanan SMS','- Pembelian 10.000 Kuota SMS\n- Untuk akun masking name \"POLTEKKESYK\"','2016-02-22 00:00:00','2016-02-23 00:00:00','2016-02-23 00:00:00',1,'http://eburo.gamatechno.net/job-order/view/706',5,'2016-03-04 00:00:00','2016-03-04 00:00:00','2016-03-04 00:00:00',0,'- Pembayaran dilakukan setelah penandatanganan PO\n- PO sudah dikirimkan',NULL,NULL),(45,2,1,1,'2016_STIP_Upgrade gtPustaka','Upgrade gtPustaka','-','2016-02-02 00:00:00','2016-03-31 00:00:00','2016-03-31 00:00:00',1,'http://eburo.gamatechno.net/job-order/view/709',7,'2016-03-07 00:00:00','2016-03-07 00:00:00','2016-03-07 00:00:00',0,'',NULL,NULL),(46,30,1,1,'2016_STSI_Maintenance','Maintenance Sekolah Tinggi Sampoerna International (Februari-Juli 2016)','-','2016-02-01 00:00:00','2016-07-01 00:00:00','2016-07-01 00:00:00',1,'http://eburo.gamatechno.net/job-order/view/712',7,'2016-03-07 00:00:00','2016-03-07 00:00:00','2016-03-07 00:00:00',0,'',NULL,NULL);
/*!40000 ALTER TABLE `project_project` ENABLE KEYS */;
UNLOCK TABLES;

--
-- Table structure for table `project_ref_bisnis`
--

DROP TABLE IF EXISTS `project_ref_bisnis`;
/*!40101 SET @saved_cs_client     = @@character_set_client */;
/*!40101 SET character_set_client = utf8 */;
CREATE TABLE `project_ref_bisnis` (
  `bisnisId` bigint(20) unsigned NOT NULL AUTO_INCREMENT,
  `bisnisModel` varchar(20) NOT NULL,
  `bisnisUpdateTimestamp` timestamp NULL DEFAULT NULL,
  `bisnisUpdateUserId` bigint(20) DEFAULT NULL,
  PRIMARY KEY (`bisnisId`)
) ENGINE=InnoDB AUTO_INCREMENT=4 DEFAULT CHARSET=latin1;
/*!40101 SET character_set_client = @saved_cs_client */;

--
-- Dumping data for table `project_ref_bisnis`
--

LOCK TABLES `project_ref_bisnis` WRITE;
/*!40000 ALTER TABLE `project_ref_bisnis` DISABLE KEYS */;
INSERT INTO `project_ref_bisnis` VALUES (1,'Quick Yield',NULL,NULL),(2,'Long Return',NULL,NULL),(3,'Regular Income',NULL,NULL);
/*!40000 ALTER TABLE `project_ref_bisnis` ENABLE KEYS */;
UNLOCK TABLES;

--
-- Table structure for table `project_ref_client_category`
--

DROP TABLE IF EXISTS `project_ref_client_category`;
/*!40101 SET @saved_cs_client     = @@character_set_client */;
/*!40101 SET character_set_client = utf8 */;
CREATE TABLE `project_ref_client_category` (
  `clientCatId` bigint(20) unsigned NOT NULL AUTO_INCREMENT,
  `clientCatName` varchar(20) NOT NULL,
  `clientCatUpdateTimestamp` timestamp NULL DEFAULT NULL,
  `clientCatUpdateUserId` bigint(20) DEFAULT NULL,
  PRIMARY KEY (`clientCatId`)
) ENGINE=InnoDB AUTO_INCREMENT=3 DEFAULT CHARSET=latin1;
/*!40101 SET character_set_client = @saved_cs_client */;

--
-- Dumping data for table `project_ref_client_category`
--

LOCK TABLES `project_ref_client_category` WRITE;
/*!40000 ALTER TABLE `project_ref_client_category` DISABLE KEYS */;
INSERT INTO `project_ref_client_category` VALUES (1,'Instansi',NULL,0),(2,'Perguruan Tinggi',NULL,0);
/*!40000 ALTER TABLE `project_ref_client_category` ENABLE KEYS */;
UNLOCK TABLES;

--
-- Table structure for table `project_ref_contact_field`
--

DROP TABLE IF EXISTS `project_ref_contact_field`;
/*!40101 SET @saved_cs_client     = @@character_set_client */;
/*!40101 SET character_set_client = utf8 */;
CREATE TABLE `project_ref_contact_field` (
  `contactFieldId` bigint(20) unsigned NOT NULL AUTO_INCREMENT,
  `contactFieldCode` varchar(8) NOT NULL,
  `contactFieldLabel` varchar(15) NOT NULL,
  `contactFieldType` enum('Number','Mail','Id') NOT NULL DEFAULT 'Number',
  `contactFieldIcon` varchar(20) NOT NULL,
  `contactFieldUpdateTimestamp` timestamp NULL DEFAULT NULL,
  `contactFieldUpdateUserId` bigint(20) DEFAULT NULL,
  PRIMARY KEY (`contactFieldId`),
  UNIQUE KEY `contactFieldCode` (`contactFieldCode`)
) ENGINE=InnoDB AUTO_INCREMENT=5 DEFAULT CHARSET=latin1;
/*!40101 SET character_set_client = @saved_cs_client */;

--
-- Dumping data for table `project_ref_contact_field`
--

LOCK TABLES `project_ref_contact_field` WRITE;
/*!40000 ALTER TABLE `project_ref_contact_field` DISABLE KEYS */;
INSERT INTO `project_ref_contact_field` VALUES (1,'WA','WhatsApp','Number','fa fa-whatsapp',NULL,NULL),(3,'TL','Telepon (Lain)','Number','fa fa-mobile','2015-09-17 06:32:19',42),(4,'EL','E-Mail (Lain)','Mail','fa fa-envelope-o','2015-09-17 06:32:24',42);
/*!40000 ALTER TABLE `project_ref_contact_field` ENABLE KEYS */;
UNLOCK TABLES;

--
-- Table structure for table `project_ref_posisi`
--

DROP TABLE IF EXISTS `project_ref_posisi`;
/*!40101 SET @saved_cs_client     = @@character_set_client */;
/*!40101 SET character_set_client = utf8 */;
CREATE TABLE `project_ref_posisi` (
  `posisiId` bigint(20) unsigned NOT NULL AUTO_INCREMENT,
  `posisiCode` varchar(8) NOT NULL,
  `posisiName` varchar(20) NOT NULL,
  `posisiUpdateTimestamp` timestamp NULL DEFAULT NULL,
  `posisiUpdateUserId` bigint(20) DEFAULT NULL,
  PRIMARY KEY (`posisiId`),
  UNIQUE KEY `positionCode` (`posisiCode`)
) ENGINE=InnoDB AUTO_INCREMENT=40 DEFAULT CHARSET=latin1;
/*!40101 SET character_set_client = @saved_cs_client */;

--
-- Dumping data for table `project_ref_posisi`
--

LOCK TABLES `project_ref_posisi` WRITE;
/*!40000 ALTER TABLE `project_ref_posisi` DISABLE KEYS */;
INSERT INTO `project_ref_posisi` VALUES (3,'ict','ICT',NULL,NULL),(34,'vvip','Pejabat',NULL,NULL),(35,'admn','Administrasi',NULL,NULL),(36,'kons','Konsultan',NULL,NULL),(37,'supr','Supervisi',NULL,NULL),(38,'opr','Operator',NULL,NULL),(39,'supp','Support',NULL,NULL);
/*!40000 ALTER TABLE `project_ref_posisi` ENABLE KEYS */;
UNLOCK TABLES;

--
-- Table structure for table `project_ref_setting`
--

DROP TABLE IF EXISTS `project_ref_setting`;
/*!40101 SET @saved_cs_client     = @@character_set_client */;
/*!40101 SET character_set_client = utf8 */;
CREATE TABLE `project_ref_setting` (
  `settingId` bigint(20) unsigned NOT NULL AUTO_INCREMENT,
  `settingSettingGroupId` bigint(20) unsigned NOT NULL DEFAULT '1',
  `settingName` varchar(20) NOT NULL,
  `settingValue` tinytext NOT NULL,
  PRIMARY KEY (`settingId`)
) ENGINE=InnoDB DEFAULT CHARSET=latin1;
/*!40101 SET character_set_client = @saved_cs_client */;

--
-- Dumping data for table `project_ref_setting`
--

LOCK TABLES `project_ref_setting` WRITE;
/*!40000 ALTER TABLE `project_ref_setting` DISABLE KEYS */;
/*!40000 ALTER TABLE `project_ref_setting` ENABLE KEYS */;
UNLOCK TABLES;

--
-- Table structure for table `project_ref_setting_group`
--

DROP TABLE IF EXISTS `project_ref_setting_group`;
/*!40101 SET @saved_cs_client     = @@character_set_client */;
/*!40101 SET character_set_client = utf8 */;
CREATE TABLE `project_ref_setting_group` (
  `settingGroupId` bigint(20) unsigned NOT NULL AUTO_INCREMENT,
  `settingGroupName` varchar(20) NOT NULL,
  PRIMARY KEY (`settingGroupId`)
) ENGINE=InnoDB DEFAULT CHARSET=latin1;
/*!40101 SET character_set_client = @saved_cs_client */;

--
-- Dumping data for table `project_ref_setting_group`
--

LOCK TABLES `project_ref_setting_group` WRITE;
/*!40000 ALTER TABLE `project_ref_setting_group` DISABLE KEYS */;
/*!40000 ALTER TABLE `project_ref_setting_group` ENABLE KEYS */;
UNLOCK TABLES;

--
-- Table structure for table `pub_ref_kota`
--

DROP TABLE IF EXISTS `pub_ref_kota`;
/*!40101 SET @saved_cs_client     = @@character_set_client */;
/*!40101 SET character_set_client = utf8 */;
CREATE TABLE `pub_ref_kota` (
  `kotaKode` bigint(20) NOT NULL,
  `kotaNama` varchar(100) NOT NULL DEFAULT '',
  `kotaProvKode` bigint(20) DEFAULT NULL,
  PRIMARY KEY (`kotaKode`),
  KEY `fk_kotaProvKode` (`kotaProvKode`),
  CONSTRAINT `pub_ref_kota_ibfk_1` FOREIGN KEY (`kotaProvKode`) REFERENCES `pub_ref_provinsi` (`provKode`)
) ENGINE=InnoDB DEFAULT CHARSET=latin1;
/*!40101 SET character_set_client = @saved_cs_client */;

--
-- Dumping data for table `pub_ref_kota`
--

LOCK TABLES `pub_ref_kota` WRITE;
/*!40000 ALTER TABLE `pub_ref_kota` DISABLE KEYS */;
INSERT INTO `pub_ref_kota` VALUES (100611,'KAB. KARIMUN',100),(100613,'KAB. NATUNA',100),(100614,'KAB. BINTAN',100),(100615,'KAB. LINGGA',100),(100616,'KOTA BATAM',100),(100617,'KOTA TANJUNG PINANG',100),(100619,'KAB. KEPULAUAN ANAMBAS',100),(110001,'KAB. ACEH SELATAN',110),(110002,'KAB. ACEH TENGGARA',110),(110003,'KAB. ACEH TIMUR',110),(110004,'KAB. ACEH TENGAH',110),(110005,'KAB. ACEH BARAT',110),(110006,'KAB. ACEH BESAR',110),(110007,'KAB. PIDIE',110),(110008,'KAB. ACEH UTARA',110),(110009,'KAB. BIREUEN',110),(110010,'KAB. ACEH SINGKIL',110),(110011,'KAB. SIMEULUE',110),(110012,'KAB. NAGAN RAYA',110),(110391,'KAB. ACEH BARAT DAYA',110),(110392,'KAB. GAYO LUWES',110),(110393,'KAB. ACEH TAMIANG',110),(110394,'KAB. ACEH JAYA',110),(110395,'KAB. BENER MERIAH',110),(110397,'KOTA BANDA ACEH',110),(110398,'KOTA SABANG',110),(110399,'KOTA LANGSA',110),(110400,'KOTA LHOKSEUMAWE',110),(110620,'KAB. PIDIE JAYA',110),(110621,'KOTA SUBULUSSALAM',110),(120017,'KAB. NIAS',120),(120018,'KAB. TAPANULI SELATAN',120),(120019,'KAB. TAPANULI TENGAH',120),(120020,'KAB. TAPANULI UTARA',120),(120021,'KAB. LABUHAN BATU',120),(120022,'KAB. ASAHAN',120),(120024,'KAB. DAIRI',120),(120025,'KAB. KARO',120),(120026,'KAB. DELI SERDANG',120),(120027,'KAB. LANGKAT',120),(120029,'KAB. MANDAILING NATAL',120),(120036,'KOTA PADANGSIDEMPUAN',120),(120402,'KAB. TOBA SAMOSIR',120),(120403,'KAB. SIMALUNGUN',120),(120404,'KAB. NIAS SELATAN',120),(120405,'KAB. HUMBANG HASUNDUTAN',120),(120406,'KAB. PAKPAK BHARAT',120),(120407,'KAB. SERDANG BEDAGAI',120),(120412,'KAB. SAMOSIR',120),(120413,'KAB. PADANG LAWAS UTARA',120),(120416,'KOTA SIBOLGA',120),(120417,'KOTA TANJUNGBALAI',120),(120418,'KOTA PEMATANGSIANTAR',120),(120419,'KOTA TEBING TINGGI',120),(120420,'KOTA MEDAN',120),(120421,'KOTA BINJAI',120),(120622,'KAB. BATUBARA',120),(120623,'KAB. LABUHANBATU SELATAN',120),(120624,'KAB. LABUHANBATU UTARA',120),(120625,'KAB. NIAS BARAT',120),(120626,'KAB. NIAS UTARA',120),(120627,'KAB. PADANG LAWAS',120),(120628,'KOTA GUNUNGSITOLI',120),(130037,'KAB. PESISIR SELATAN',130),(130038,'KAB. SOLOK',130),(130040,'KAB. TANAH DATAR',130),(130041,'KAB. PADANG PARIAMAN',130),(130042,'KAB. AGAM',130),(130044,'KAB. PASAMAN',130),(130045,'KAB. KEPULAUAN MENTAWAI',130),(130424,'KAB. SOLOK SELATAN',130),(130425,'KAB. LIMA PULUH KOTO',130),(130426,'KAB. SIJUNJUNG',130),(130427,'KAB. DHARMASRAYA',130),(130428,'KAB. PASAMAN BARAT',130),(130430,'KOTA PADANG',130),(130432,'KOTA SAWAHLUNTO',130),(130433,'KOTA PADANGPANJANG',130),(130434,'KOTA BUKITTINGGI',130),(130435,'KOTA PAYAKUMBUH',130),(130436,'KOTA PARIAMAN',130),(130669,'KOTA SOLOK',130),(140053,'KAB. INDRAGIRI HULU',140),(140056,'KAB. KAMPAR',140),(140057,'KAB. BENGKALIS',140),(140059,'KAB. KUANTAN SINGINGI',140),(140061,'KAB. SIAK',140),(140062,'KAB. ROKAN HILIR',140),(140064,'KAB. PELALAWAN',140),(140437,'KAB. INDRAGIRI HILIR',140),(140438,'KAB. ROKAN HULU',140),(140439,'KOTA PEKANBARU',140),(140440,'KOTA DUMAI',140),(140629,'KAB. KEPULAUAN MERANTI',140),(150069,'KAB. KERINCI',150),(150071,'KAB. SAROLANGUN',150),(150072,'KAB. MERANGIN',150),(150076,'KAB. BUNGO',150),(150441,'KAB. BATANG HARI',150),(150442,'KAB. MUARO JAMBI',150),(150443,'KAB. TANJUNG JABUNG TIMUR',150),(150444,'KAB. TANJUNG JABUNG BARAT',150),(150445,'KAB. TEBO',150),(150447,'KOTA JAMBI',150),(150630,'KOTA SUNGAI PENUH',150),(160081,'KAB. MUARA ENIM',160),(160082,'KAB. LAHAT',160),(160083,'KAB. MUSI RAWAS',160),(160084,'KAB. MUSI BANYUASIN',160),(160448,'KAB. OGAN KOMERING ULU',160),(160449,'KAB. OGAN KOMERING ILIR',160),(160450,'KAB. BANYUASIN',160),(160451,'KAB. OGAN ILIR',160),(160452,'KAB. OKU TIMUR',160),(160453,'KAB. OKU SELATAN',160),(160455,'KOTA PALEMBANG',160),(160456,'KOTA PRABUMULIH',160),(160457,'KOTA PAGAR ALAM',160),(160458,'KOTA LUBUKLINGGAU',160),(160631,'KAB. EMPAT LAWANG',160),(170089,'KAB. BENGKULU SELATAN',170),(170091,'KAB. BENGKULU UTARA',170),(170574,'KAB. REJANG LEBONG',170),(170575,'KAB. KAUR',170),(170576,'KAB. SELUMA',170),(170577,'KAB. MUKOMUKO',170),(170578,'KAB. LEBONG',170),(170579,'KAB. KEPAHIANG',170),(170581,'KOTA BENGKULU',170),(170632,'KAB. BENGKULU TENGAH',170),(180093,'KAB. LAMPUNG SELATAN',180),(180094,'KAB. LAMPUNG TENGAH',180),(180095,'KAB. LAMPUNG UTARA',180),(180096,'KAB. LAMPUNG BARAT',180),(180097,'KAB. TANGGAMUS',180),(180098,'KAB. TULANG BAWANG',180),(180099,'KAB. LAMPUNG TIMUR',180),(180100,'KAB. WAY KANAN',180),(180460,'KOTA BANDAR LAMPUNG',180),(180461,'KOTA METRO',180),(180633,'KAB. MESUJI',180),(180634,'KAB. PESAWARAN',180),(180635,'KAB. PRINGSEWU',180),(180636,'KAB. TULANG BAWANG BARAT',180),(190103,'KAB. BANGKA',190),(190595,'KAB. BELITUNG',190),(190596,'KAB. BANGKA SELATAN',190),(190597,'KAB. BANGKA TENGAH',190),(190598,'KAB. BANGKA BARAT',190),(190599,'KAB. BELITUNG TIMUR',190),(190600,'KOTA PANGKAL PINANG',190),(300106,'KAB. PANDEGLANG',300),(300107,'KAB. LEBAK',300),(300109,'KAB. SERANG',300),(300582,'KAB. TANGERANG',300),(300584,'KOTA CILEGON',300),(300637,'KOTA TANGERANG SELATAN',300),(300670,'KOTA SERANG',300),(300671,'KOTA TANGERANG',300),(310111,'KOTA JAKARTA SELATAN',310),(310113,'KOTA JAKARTA TIMUR',310),(310114,'KOTA JAKARTA PUSAT',310),(310115,'KOTA JAKARTA BARAT',310),(310116,'KOTA JAKARTA UTARA',310),(310358,'KAB. KEPULAUAN SERIBU',310),(320117,'KAB. BOGOR',320),(320118,'KAB. SUKABUMI',320),(320119,'KAB. CIANJUR',320),(320120,'KAB. BANDUNG',320),(320121,'KAB. GARUT',320),(320122,'KAB. TASIKMALAYA',320),(320123,'KAB. CIAMIS',320),(320124,'KAB. KUNINGAN',320),(320125,'KAB. CIREBON',320),(320126,'KAB. MAJALENGKA',320),(320127,'KAB. SUMEDANG',320),(320128,'KAB. INDRAMAYU',320),(320129,'KAB. SUBANG',320),(320130,'KAB. PURWAKARTA',320),(320131,'KAB. KARAWANG',320),(320132,'KAB. BEKASI',320),(320361,'KOTA SUKABUMI',320),(320365,'KOTA DEPOK',320),(320366,'KOTA CIMAHI',320),(320368,'KOTA BANJAR',320),(320638,'KAB. BANDUNG BARAT',320),(320672,'KOTA BANDUNG',320),(320673,'KOTA BEKASI',320),(320674,'KOTA BOGOR',320),(320675,'KOTA CIREBON',320),(320676,'KOTA TASIKMALAYA',320),(330141,'KAB. CILACAP',330),(330142,'KAB. BANYUMAS',330),(330143,'KAB. PURBALINGGA',330),(330144,'KAB. BANJARNEGARA',330),(330145,'KAB. KEBUMEN',330),(330146,'KAB. PURWOREJO',330),(330148,'KAB. MAGELANG',330),(330149,'KAB. BOYOLALI',330),(330150,'KAB. KLATEN',330),(330151,'KAB. SUKOHARJO',330),(330153,'KAB. KARANGANYAR',330),(330154,'KAB. SRAGEN',330),(330155,'KAB. GROBOGAN',330),(330156,'KAB. BLORA',330),(330157,'KAB. REMBANG',330),(330159,'KAB. KUDUS',330),(330160,'KAB. JEPARA',330),(330161,'KAB. DEMAK',330),(330162,'KAB. SEMARANG',330),(330163,'KAB. TEMANGGUNG',330),(330164,'KAB. KENDAL',330),(330165,'KAB. BATANG',330),(330166,'KAB. PEKALONGAN',330),(330167,'KAB. PEMALANG',330),(330168,'KAB. TEGAL',330),(330169,'KAB. BREBES',330),(330369,'KAB. WONOSOBO',330),(330370,'KAB. WONOGIRI',330),(330371,'KAB. PATI',330),(330373,'KOTA SURAKARTA',330),(330374,'KOTA SALATIGA',330),(330375,'KOTA SEMARANG',330),(330376,'KOTA PEKALONGAN',330),(330677,'KOTA MAGELANG',330),(330678,'KOTA TEGAL',330),(340177,'KAB. BANTUL',340),(340179,'KAB. SLEMAN',340),(340378,'KAB. KULON PROGO',340),(340379,'KAB. GUNUNG KIDUL',340),(340380,'KOTA YOGYAKARTA',340),(350181,'KAB. BANYUWANGI',350),(350182,'KAB. PACITAN',350),(350183,'KAB. PONOROGO',350),(350184,'KAB. TRENGGALEK',350),(350185,'KAB. TULUNGAGUNG',350),(350187,'KAB. KEDIRI',350),(350188,'KAB. MALANG',350),(350189,'KAB. LUMAJANG',350),(350190,'KAB. JEMBER',350),(350191,'KAB. BONDOWOSO',350),(350192,'KAB. SITUBONDO',350),(350193,'KAB. PROBOLINGGO',350),(350194,'KAB. PASURUAN',350),(350195,'KAB. SIDOARJO',350),(350196,'KAB. MOJOKERTO',350),(350197,'KAB. JOMBANG',350),(350198,'KAB. NGANJUK',350),(350199,'KAB. MADIUN',350),(350200,'KAB. MAGETAN',350),(350201,'KAB. NGAWI',350),(350202,'KAB. BOJONEGORO',350),(350203,'KAB. TUBAN',350),(350204,'KAB. LAMONGAN',350),(350205,'KAB. GRESIK',350),(350206,'KAB. BANGKALAN',350),(350207,'KAB. SAMPANG',350),(350208,'KAB. PAMEKASAN',350),(350209,'KAB. SUMENEP',350),(350211,'KOTA BLITAR',350),(350212,'KOTA MALANG',350),(350213,'KOTA PROBOLINGGO',350),(350214,'KOTA PASURUAN',350),(350215,'KOTA MOJOKERTO',350),(350216,'KOTA MADIUN',350),(350217,'KOTA SURABAYA',350),(350218,'KOTA BATU',350),(350382,'KOTA KEDIRI',350),(350679,'KAB. BLITAR',350),(510219,'KAB. JEMBRANA',510),(510220,'KAB. TABANAN',510),(510221,'KAB. BADUNG',510),(510222,'KAB. GIANYAR',510),(510223,'KAB. KLUNGKUNG',510),(510224,'KAB. BANGLI',510),(510225,'KAB. KARANGASEM',510),(510226,'KAB. BULELENG',510),(510227,'KOTA DENPASAR',510),(520228,'KAB. LOMBOK BARAT',520),(520229,'KAB. LOMBOK TENGAH',520),(520230,'KAB. LOMBOK TIMUR',520),(520231,'KAB. SUMBAWA',520),(520232,'KAB. DOMPU',520),(520233,'KAB. BIMA',520),(520234,'KOTA MATARAM',520),(520536,'KAB. SUMBAWA BARAT',520),(520639,'KAB. LOMBOK UTARA',520),(520680,'KOTA BIMA',520),(530235,'KAB. SUMBA BARAT',530),(530236,'KAB. SUMBA TIMUR',530),(530237,'KAB. KUPANG',530),(530238,'KAB. TIMOR TENGAH SELATAN',530),(530239,'KAB. TIMOR TENGAH UTARA',530),(530240,'KAB. BELU',530),(530241,'KAB. ALOR',530),(530242,'KAB. FLORES TIMUR',530),(530243,'KAB. SIKKA',530),(530244,'KAB. ENDE',530),(530245,'KAB. NGADA',530),(530246,'KAB. MANGGARAI',530),(530247,'KAB. LEMBATA',530),(530248,'KOTA KUPANG',530),(530541,'KAB. ROTE NDAO',530),(530542,'KAB. MANGGARAI BARAT',530),(530640,'KAB. MANGGARAI TIMUR',530),(530641,'KAB. NAGEKEO',530),(530642,'KAB. SABU RAIJUA',530),(530643,'KAB. SUMBA BARAT DAYA',530),(530644,'KAB. SUMBA TENGAH',530),(610249,'KAB. SAMBAS',610),(610250,'KAB. PONTIANAK',610),(610251,'KAB. SANGGAU',610),(610252,'KAB. KETAPANG',610),(610253,'KAB. SINTANG',610),(610255,'KAB. BENGKAYANG',610),(610256,'KAB. LANDAK',610),(610462,'KAB. KAPUAS HULU',610),(610463,'KAB. SEKADAU',610),(610465,'KAB. KAYONG UTARA',610),(610466,'KAB. KUBU RAYA',610),(610467,'KOTA PONTIANAK',610),(610468,'KOTA SINGKAWANG',610),(610618,'KAB. MELAWI',610),(620261,'KAB. KAPUAS',620),(620262,'KAB. BARITO SELATAN',620),(620263,'KAB. BARITO UTARA',620),(620264,'KAB. GUNUNG MAS',620),(620469,'KAB. KOTAWARINGIN BARAT',620),(620470,'KAB. KOTAWARINGIN TIMUR',620),(620471,'KAB. SUKAMARA',620),(620472,'KAB. LAMANDAU',620),(620473,'KAB. SERUYAN',620),(620474,'KAB. KATINGAN',620),(620475,'KAB. PULANG PISAU',620),(620476,'KAB. BARITO TIMUR',620),(620477,'KAB. MURUNG RAYA',620),(620478,'KOTA PALANGKA RAYA',620),(630266,'KAB. TANAH LAUT',630),(630268,'KAB. BANJAR',630),(630269,'KAB. BARITO KUALA',630),(630270,'KAB. TAPIN',630),(630274,'KAB. TABALONG',630),(630479,'KAB. KOTABARU',630),(630480,'KAB. HULU SUNGAI SELATAN',630),(630481,'KAB. HULU SUNGAI TENGAH',630),(630482,'KAB. HULU SUNGAI UTARA',630),(630483,'KAB. TANAH BUMBU',630),(630484,'KAB. BALANGAN',630),(630485,'KOTA BANJARMASIN',630),(630486,'KOTA BANJARBARU',630),(640279,'KAB. BERAU',640),(640280,'KAB. BULUNGAN',640),(640281,'KAB. NUNUKAN',640),(640282,'KAB. KUTAI TIMUR',640),(640283,'KAB. MALINAU',640),(640284,'KAB. KUTAI BARAT',640),(640487,'KAB. PASER',640),(640488,'KAB. KUTAI KARTANEGARA',640),(640489,'KAB. PENAJAM PASER UTARA',640),(640490,'KAB. TANA TIDUNG',640),(640491,'KOTA BALIKPAPAN',640),(640492,'KOTA SAMARINDA',640),(640493,'KOTA TARAKAN',640),(640494,'KOTA BONTANG',640),(640646,'KAB. MAHAKAM ULU',640),(700289,'KAB. GORONTALO',700),(700290,'KAB. BOALEMO',700),(700291,'KOTA GORONTALO',700),(700602,'KAB. POHUWATO',700),(700603,'KAB. BONE BOLANGO',700),(700647,'KAB. GORONTALO UTARA',700),(710292,'KAB. BOLAANG MONGONDOW',710),(710293,'KAB. MINAHASA',710),(710295,'KOTA MANADO',710),(710296,'KOTA BITUNG',710),(710495,'KAB. KEPULAUAN SANGIHE',710),(710496,'KAB. KEPULAUAN TALAUD',710),(710497,'KAB. MINAHASA SELATAN',710),(710498,'KAB. MINAHASA UTARA',710),(710501,'KAB. MINAHASA TENGGARA',710),(710502,'KAB BOLAANG MONGONDOW UTARA',710),(710503,'KAB SIAU TAGULANDANG BIARO',710),(710506,'KOTA TOMOHON',710),(710507,'KOTA KOTAMOBAGU',710),(710648,'KAB. BOLAANG MONGONDOW SELATAN',710),(710649,'KAB. BOLAANG MONGONDOW TIMUR',710),(720297,'KAB. POSO',720),(720298,'KAB. DONGGALA',720),(720299,'KAB. BANGGAI KEPULAUAN',720),(720300,'KAB. BANGGAI',720),(720301,'KAB. BUOL',720),(720302,'KAB. TOLI-TOLI',720),(720303,'KAB. MOROWALI',720),(720304,'KAB. PARIGI MOUTONG',720),(720305,'KOTA PALU',720),(720508,'KAB. TOJO UNA-UNA',720),(720650,'KAB. SIGI',720),(730306,'KAB. SELAYAR',730),(730307,'KAB. BULUKUMBA',730),(730308,'KAB. BANTAENG',730),(730309,'KAB. JENEPONTO',730),(730310,'KAB. TAKALAR',730),(730311,'KAB. GOWA',730),(730312,'KAB. SINJAI',730),(730313,'KAB. BONE',730),(730314,'KAB. MAROS',730),(730316,'KAB. BARRU',730),(730317,'KAB. SOPPENG',730),(730318,'KAB. WAJO',730),(730319,'KAB. SIDENRENG RAPPANG',730),(730320,'KAB. PINRANG',730),(730321,'KAB. ENREKANG',730),(730322,'KAB. LUWU',730),(730323,'KAB. TANA TORAJA',730),(730324,'KAB. LUWU UTARA',730),(730325,'KAB. LUWU TIMUR',730),(730326,'KOTA MAKASSAR',730),(730327,'KOTA PARE-PARE',730),(730328,'KOTA PALOPO',730),(730511,'KAB. PANGKAJENE',730),(730651,'KAB. TORAJA UTARA',730),(740329,'KAB. BUTON',740),(740330,'KAB. MUNA',740),(740332,'KAB. KOLAKA',740),(740333,'KOTA KENDARI',740),(740334,'KOTA BAU-BAU',740),(740516,'KAB. KONAWE',740),(740517,'KAB. WAKATOBI',740),(740518,'KAB. BOMBANA',740),(740519,'KAB. KOLAKA UTARA',740),(740520,'KAB. KONAWE SELATAN',740),(740521,'KAB. KONAWE UTARA',740),(740522,'KAB. BUTON UTARA',740),(750335,'KAB. POLEWALI MANDAR',750),(750336,'KAB. MAMASA',750),(750337,'KAB. MAJENE',750),(750338,'KAB. MAMUJU',750),(750339,'KAB. MAMUJU UTARA',750),(810340,'KAB. MALUKU TENGGARA',810),(810341,'KAB. MALUKU TENGAH',810),(810342,'KAB. BURU',810),(810343,'KAB. MALUKU TENGG. BARAT',810),(810344,'KOTA AMBON',810),(810527,'KAB. SERAM BAGIAN BARAT',810),(810528,'KAB. SERAM BAGIAN TIMUR',810),(810529,'KAB. KEPULAUAN ARU',810),(810652,'KAB. BURU SELATAN',810),(810653,'KAB. MALUKU BARAT DAYA',810),(810654,'KOTA TUAL',810),(840346,'KAB. HALMAHERA TENGAH',840),(840347,'KOTA TERNATE',840),(840587,'KAB. HALMAHERA BARAT',840),(840588,'KAB. KEPULAUAN SULA',840),(840589,'KAB. HALMAHERA SELATAN',840),(840590,'KAB. HALMAHERA UTARA',840),(840591,'KAB. HALMAHERA TIMUR',840),(840594,'KOTA TIDORE KEPULAUAN',840),(840655,'KAB. PULAU MOROTAI',840),(850349,'KAB. JAYAWIJAYA',850),(850350,'KAB. PUNCAK JAYA',850),(850351,'KAB. MERAUKE',850),(850352,'KOTA JAYAPURA',850),(850549,'KAB. NABIRE',850),(850551,'KAB. BIAK NUMFOR',850),(850552,'KAB. PANIAI',850),(850553,'KAB. MIMIKA',850),(850554,'KAB. BOVEN DIGOEL',850),(850555,'KAB. MAPPI',850),(850557,'KAB. YAKUHIMO',850),(850558,'KAB. PEGUNUNGAN BINTANG',850),(850559,'KAB. TOLIKARA',850),(850560,'KAB. SARMI',850),(850561,'KAB. KEEROM',850),(850562,'KAB. WAROPEN',850),(850563,'KAB. SUPIORI',850),(850656,'KAB. ASMAT',850),(850657,'KAB. DEIYAI',850),(850658,'KAB. DOGIYAI',850),(850659,'KAB. INTAN JAYA',850),(850660,'KAB. KEPULAUAN YAPEN',850),(850661,'KAB. LANNY JAYA',850),(850662,'KAB. MAMBERAMO RAYA',850),(850663,'KAB. MAMBERAMO TENGAH',850),(850664,'KAB. NDUGA',850),(850665,'KAB. PUNCAK',850),(850666,'KAB. YALIMO',850),(850681,'KAB. JAYAPURA',850),(860353,'KAB. SORONG',860),(860354,'KAB. MANOKWARI',860),(860355,'KAB. FAK-FAK',860),(860356,'KOTA SORONG',860),(860605,'KAB. KAIMANA',860),(860606,'KAB. SORONG SELATAN',860),(860607,'KAB. RAJA AMPAT',860),(860608,'KAB. TELUK BINTUNI',860),(860609,'KAB. TELUK WONDAMA',860),(860667,'KAB. MAYBRAT',860),(860668,'KAB. TAMBRAUW',860),(990357,'LUAR NEGERI',990);
/*!40000 ALTER TABLE `pub_ref_kota` ENABLE KEYS */;
UNLOCK TABLES;

--
-- Table structure for table `pub_ref_mhs`
--

DROP TABLE IF EXISTS `pub_ref_mhs`;
/*!40101 SET @saved_cs_client     = @@character_set_client */;
/*!40101 SET character_set_client = utf8 */;
CREATE TABLE `pub_ref_mhs` (
  `mhsId` int(3) NOT NULL AUTO_INCREMENT,
  `mhsNama` varchar(200) DEFAULT NULL,
  `mhsAlamat` varchar(255) DEFAULT NULL,
  PRIMARY KEY (`mhsId`)
) ENGINE=InnoDB AUTO_INCREMENT=24 DEFAULT CHARSET=latin1;
/*!40101 SET character_set_client = @saved_cs_client */;

--
-- Dumping data for table `pub_ref_mhs`
--

LOCK TABLES `pub_ref_mhs` WRITE;
/*!40000 ALTER TABLE `pub_ref_mhs` DISABLE KEYS */;
INSERT INTO `pub_ref_mhs` VALUES (2,'Deto Dewa Setiawan','Majenang'),(3,'Bachir Rusito','Cicalengka'),(13,'Bambang Kurniawan','Tegal'),(14,'Gunawan Guntur','Mojokerto'),(15,'Dessy Kurinia','Jambi'),(17,'Aji Barang','Semarang'),(18,'Salsabila Adi','Tegal'),(19,'',''),(22,'',''),(23,'','');
/*!40000 ALTER TABLE `pub_ref_mhs` ENABLE KEYS */;
UNLOCK TABLES;

--
-- Table structure for table `pub_ref_provinsi`
--

DROP TABLE IF EXISTS `pub_ref_provinsi`;
/*!40101 SET @saved_cs_client     = @@character_set_client */;
/*!40101 SET character_set_client = utf8 */;
CREATE TABLE `pub_ref_provinsi` (
  `provKode` bigint(20) NOT NULL,
  `provNama` varchar(100) NOT NULL DEFAULT '',
  `provNick` varchar(50) DEFAULT NULL,
  PRIMARY KEY (`provKode`)
) ENGINE=InnoDB DEFAULT CHARSET=latin1;
/*!40101 SET character_set_client = @saved_cs_client */;

--
-- Dumping data for table `pub_ref_provinsi`
--

LOCK TABLES `pub_ref_provinsi` WRITE;
/*!40000 ALTER TABLE `pub_ref_provinsi` DISABLE KEYS */;
INSERT INTO `pub_ref_provinsi` VALUES (100,'KEPULAUAN RIAU',NULL),(110,'ACEH',NULL),(120,'SUMATERA UTARA',NULL),(130,'SUMATERA BARAT',NULL),(140,'RIAU',NULL),(150,'JAMBI',NULL),(160,'SUMATERA SELATAN',NULL),(170,'BENGKULU',NULL),(180,'LAMPUNG',NULL),(190,'KEP. BANGKA BLITUNG',NULL),(300,'BANTEN',NULL),(310,'DKI. JAKARTA',NULL),(320,'JAWA BARAT',NULL),(330,'JAWA TENGAH',NULL),(340,'D.I. YOGYAKARTA',NULL),(350,'JAWA TIMUR',NULL),(510,'BALI',NULL),(520,'NUSA TENGGARA BARAT',NULL),(530,'NUSA TENGGARA TIMUR',NULL),(610,'KALIMANTAN BARAT',NULL),(620,'KALIMANTAN TENGAH',NULL),(630,'KALIMANTAN SELATAN',NULL),(640,'KALIMANTAN TIMUR',NULL),(700,'GORONTALO',NULL),(710,'SULAWESI UTARA',NULL),(720,'SULAWESI TENGAH',NULL),(730,'SULAWESI SELATAN',NULL),(740,'SULAWESI TENGGARA',NULL),(750,'SULAWESI BARAT',NULL),(810,'MALUKU',NULL),(840,'MALUKU UTARA',NULL),(850,'PAPUA',NULL),(860,'PAPUA BARAT',NULL),(990,'LUAR NEGERI',NULL);
/*!40000 ALTER TABLE `pub_ref_provinsi` ENABLE KEYS */;
UNLOCK TABLES;

--
-- Table structure for table `session_table`
--

DROP TABLE IF EXISTS `session_table`;
/*!40101 SET @saved_cs_client     = @@character_set_client */;
/*!40101 SET character_set_client = utf8 */;
CREATE TABLE `session_table` (
  `sess_id` varchar(64) NOT NULL,
  `sess_data` longtext NOT NULL,
  `sess_ctime` timestamp NULL DEFAULT CURRENT_TIMESTAMP,
  PRIMARY KEY (`sess_id`)
) ENGINE=MyISAM DEFAULT CHARSET=latin1;
/*!40101 SET character_set_client = @saved_cs_client */;

--
-- Dumping data for table `session_table`
--

LOCK TABLES `session_table` WRITE;
/*!40000 ALTER TABLE `session_table` DISABLE KEYS */;
/*!40000 ALTER TABLE `session_table` ENABLE KEYS */;
UNLOCK TABLES;
/*!40103 SET TIME_ZONE=@OLD_TIME_ZONE */;

/*!40101 SET SQL_MODE=@OLD_SQL_MODE */;
/*!40014 SET FOREIGN_KEY_CHECKS=@OLD_FOREIGN_KEY_CHECKS */;
/*!40014 SET UNIQUE_CHECKS=@OLD_UNIQUE_CHECKS */;
/*!40101 SET CHARACTER_SET_CLIENT=@OLD_CHARACTER_SET_CLIENT */;
/*!40101 SET CHARACTER_SET_RESULTS=@OLD_CHARACTER_SET_RESULTS */;
/*!40101 SET COLLATION_CONNECTION=@OLD_COLLATION_CONNECTION */;
/*!40111 SET SQL_NOTES=@OLD_SQL_NOTES */;

-- Dump completed on 2016-03-22 15:57:23
